entry_bar,exit_bar,outcome,pnl_pip,sl_pip,tp_pip,direction
602,636,win,184.281026423085,122.85401761538999,184.281026423085,long
642,652,loss,-122.85401761538999,122.85401761538999,184.281026423085,short
665,672,loss,-122.85401761538999,122.85401761538999,184.281026423085,short
684,695,loss,-122.85401761538999,122.85401761538999,184.281026423085,short
708,725,win,184.281026423085,122.85401761538999,184.281026423085,long
738,759,loss,-122.85401761538999,122.85401761538999,184.281026423085,short
770,776,loss,-122.85401761538999,122.85401761538999,184.281026423085,long
777,783,win,184.281026423085,122.85401761538999,184.281026423085,long
851,861,win,184.281026423085,122.85401761538999,184.281026423085,long
868,869,loss,-122.85401761538999,122.85401761538999,184.281026423085,short
876,877,win,184.281026423085,122.85401761538999,184.281026423085,long
878,879,loss,-122.85401761538999,122.85401761538999,184.281026423085,long
892,893,loss,-122.85401761538999,122.85401761538999,184.281026423085,short
897,898,win,184.281026423085,122.85401761538999,184.281026423085,short
899,900,win,184.281026423085,122.85401761538999,184.281026423085,short
902,904,loss,-122.85401761538999,122.85401761538999,184.281026423085,short
945,946,win,184.281026423085,122.85401761538999,184.281026423085,short
947,949,win,184.281026423085,122.85401761538999,184.281026423085,short
950,951,loss,-122.85401761538999,122.85401761538999,184.281026423085,short
996,997,loss,-122.85401761538999,122.85401761538999,184.281026423085,long
1074,1075,loss,-122.85401761538999,122.85401761538999,184.281026423085,short
1076,1077,win,184.281026423085,122.85401761538999,184.281026423085,short
1078,1079,loss,-122.85401761538999,122.85401761538999,184.281026423085,short
1080,1081,loss,-122.85401761538999,122.85401761538999,184.281026423085,short
1094,1095,loss,-122.85401761538999,122.85401761538999,184.281026423085,long
1187,1189,win,184.281026423085,122.85401761538999,184.281026423085,short
1202,1209,win,184.281026423085,122.85401761538999,184.281026423085,long
1210,1215,win,184.281026423085,122.85401761538999,184.281026423085,long
1222,1229,loss,-122.85401761538999,122.85401761538999,184.281026423085,long
1314,1316,loss,-122.85401761538999,122.85401761538999,184.281026423085,short
1323,1324,loss,-122.85401761538999,122.85401761538999,184.281026423085,short
1348,1359,win,184.281026423085,122.85401761538999,184.281026423085,long
1365,1369,loss,-122.85401761538999,122.85401761538999,184.281026423085,long
1375,1380,loss,-122.85401761538999,122.85401761538999,184.281026423085,long
1407,1408,win,184.281026423085,122.85401761538999,184.281026423085,short
1409,1410,win,184.281026423085,122.85401761538999,184.281026423085,short
1411,1416,loss,-122.85401761538999,122.85401761538999,184.281026423085,short
1418,1422,win,184.281026423085,122.85401761538999,184.281026423085,short
1423,1427,loss,-122.85401761538999,122.85401761538999,184.281026423085,short
1430,1431,loss,-122.85401761538999,122.85401761538999,184.281026423085,short
1438,1446,win,184.281026423085,122.85401761538999,184.281026423085,long
1449,1452,loss,-122.85401761538999,122.85401761538999,184.281026423085,long
1494,1501,win,184.281026423085,122.85401761538999,184.281026423085,long
1591,1596,win,184.281026423085,122.85401761538999,184.281026423085,long
1597,1613,win,184.281026423085,122.85401761538999,184.281026423085,long
1634,1645,loss,-122.85401761538999,122.85401761538999,184.281026423085,short
1700,1705,win,184.281026423085,122.85401761538999,184.281026423085,long
1706,1712,win,184.281026423085,122.85401761538999,184.281026423085,long
1730,1734,loss,-122.85401761538999,122.85401761538999,184.281026423085,short
1741,1742,win,184.281026423085,122.85401761538999,184.281026423085,short
1779,1782,loss,-122.85401761538999,122.85401761538999,184.281026423085,long
1784,1788,loss,-122.85401761538999,122.85401761538999,184.281026423085,long
1848,1861,loss,-122.85401761538999,122.85401761538999,184.281026423085,long
1867,1871,loss,-122.85401761538999,122.85401761538999,184.281026423085,short
1887,1890,win,184.281026423085,122.85401761538999,184.281026423085,short
1891,1896,loss,-122.85401761538999,122.85401761538999,184.281026423085,short
1986,1992,loss,-122.85401761538999,122.85401761538999,184.281026423085,long
2003,2010,win,184.281026423085,122.85401761538999,184.281026423085,short
2012,2028,win,184.281026423085,122.85401761538999,184.281026423085,short
2029,2033,win,184.281026423085,122.85401761538999,184.281026423085,short
2034,2035,loss,-122.85401761538999,122.85401761538999,184.281026423085,short
2061,2070,loss,-122.85401761538999,122.85401761538999,184.281026423085,short
2071,2075,win,184.281026423085,122.85401761538999,184.281026423085,long
2076,2087,loss,-122.85401761538999,122.85401761538999,184.281026423085,long
2095,2096,loss,-122.85401761538999,122.85401761538999,184.281026423085,short
2136,2137,win,184.281026423085,122.85401761538999,184.281026423085,long
2138,2143,loss,-122.85401761538999,122.85401761538999,184.281026423085,long
2162,2164,win,184.281026423085,122.85401761538999,184.281026423085,short
2165,2167,loss,-122.85401761538999,122.85401761538999,184.281026423085,short
2256,2268,win,184.281026423085,122.85401761538999,184.281026423085,long
2286,2292,loss,-122.85401761538999,122.85401761538999,184.281026423085,short
2299,2302,loss,-122.85401761538999,122.85401761538999,184.281026423085,short
2365,2374,win,184.281026423085,122.85401761538999,184.281026423085,long
2393,2399,loss,-122.85401761538999,122.85401761538999,184.281026423085,short
2400,2405,loss,-122.85401761538999,122.85401761538999,184.281026423085,short
2466,2477,win,184.281026423085,122.85401761538999,184.281026423085,long
2478,2486,win,184.281026423085,122.85401761538999,184.281026423085,long
2487,2520,loss,-122.85401761538999,122.85401761538999,184.281026423085,long
2555,2562,loss,-122.85401761538999,122.85401761538999,184.281026423085,long
2594,2596,loss,-122.85401761538999,122.85401761538999,184.281026423085,short
2625,2632,win,184.281026423085,122.85401761538999,184.281026423085,short
2650,2651,loss,-122.85401761538999,122.85401761538999,184.281026423085,long
2687,2707,win,184.281026423085,122.85401761538999,184.281026423085,short
2711,2719,loss,-122.85401761538999,122.85401761538999,184.281026423085,short
2787,2792,loss,-122.85401761538999,122.85401761538999,184.281026423085,long
2795,2805,loss,-122.85401761538999,122.85401761538999,184.281026423085,short
2808,2813,loss,-122.85401761538999,122.85401761538999,184.281026423085,long
2884,2898,loss,-122.85401761538999,122.85401761538999,184.281026423085,long
2900,2903,loss,-122.85401761538999,122.85401761538999,184.281026423085,short
2925,2945,loss,-122.85401761538999,122.85401761538999,184.281026423085,short
2948,2963,loss,-122.85401761538999,122.85401761538999,184.281026423085,long
2985,2996,win,184.281026423085,122.85401761538999,184.281026423085,short
2997,3003,loss,-122.85401761538999,122.85401761538999,184.281026423085,short
3011,3017,loss,-122.85401761538999,122.85401761538999,184.281026423085,long
3030,3035,win,184.281026423085,122.85401761538999,184.281026423085,long
3038,3040,loss,-122.85401761538999,122.85401761538999,184.281026423085,long
3091,3100,loss,-122.85401761538999,122.85401761538999,184.281026423085,long
3114,3127,loss,-122.85401761538999,122.85401761538999,184.281026423085,long
3128,3135,win,184.281026423085,122.85401761538999,184.281026423085,short
3136,3153,loss,-122.85401761538999,122.85401761538999,184.281026423085,short
3200,3204,win,184.281026423085,122.85401761538999,184.281026423085,short
3259,3267,win,184.281026423085,122.85401761538999,184.281026423085,long
3268,3273,loss,-122.85401761538999,122.85401761538999,184.281026423085,long
3380,3411,win,184.281026423085,122.85401761538999,184.281026423085,short
3413,3419,win,184.281026423085,122.85401761538999,184.281026423085,short
3420,3428,loss,-122.85401761538999,122.85401761538999,184.281026423085,short
3431,3447,loss,-122.85401761538999,122.85401761538999,184.281026423085,long
3459,3460,win,184.281026423085,122.85401761538999,184.281026423085,short
3461,3462,win,184.281026423085,122.85401761538999,184.281026423085,short
3463,3464,loss,-122.85401761538999,122.85401761538999,184.281026423085,short
3465,3466,win,184.281026423085,122.85401761538999,184.281026423085,short
3467,3468,loss,-122.85401761538999,122.85401761538999,184.281026423085,short
3487,3488,loss,-122.85401761538999,122.85401761538999,184.281026423085,long
3492,3494,win,184.281026423085,122.85401761538999,184.281026423085,long
3561,3566,loss,-122.85401761538999,122.85401761538999,184.281026423085,short
3578,3580,loss,-122.85401761538999,122.85401761538999,184.281026423085,short
3582,3595,win,184.281026423085,122.85401761538999,184.281026423085,short
3598,3601,win,184.281026423085,122.85401761538999,184.281026423085,short
3602,3605,loss,-122.85401761538999,122.85401761538999,184.281026423085,short
3616,3619,loss,-122.85401761538999,122.85401761538999,184.281026423085,long
3624,3626,win,184.281026423085,122.85401761538999,184.281026423085,long
3713,3721,win,184.281026423085,122.85401761538999,184.281026423085,short
3722,3723,win,184.281026423085,122.85401761538999,184.281026423085,short
3724,3725,win,184.281026423085,122.85401761538999,184.281026423085,short
3726,3728,loss,-122.85401761538999,122.85401761538999,184.281026423085,short
3760,3762,loss,-122.85401761538999,122.85401761538999,184.281026423085,long
3763,3776,loss,-122.85401761538999,122.85401761538999,184.281026423085,long
3792,3798,win,184.281026423085,122.85401761538999,184.281026423085,long
3799,3800,loss,-122.85401761538999,122.85401761538999,184.281026423085,long
3858,3862,loss,-122.85401761538999,122.85401761538999,184.281026423085,short
3868,3869,loss,-122.85401761538999,122.85401761538999,184.281026423085,short
3896,3897,loss,-122.85401761538999,122.85401761538999,184.281026423085,short
3930,3942,loss,-122.85401761538999,122.85401761538999,184.281026423085,long
3954,3967,loss,-122.85401761538999,122.85401761538999,184.281026423085,long
4016,4020,win,184.281026423085,122.85401761538999,184.281026423085,short
4045,4046,loss,-122.85401761538999,122.85401761538999,184.281026423085,short
4069,4072,win,184.281026423085,122.85401761538999,184.281026423085,short
4074,4076,loss,-122.85401761538999,122.85401761538999,184.281026423085,short
4077,4078,loss,-122.85401761538999,122.85401761538999,184.281026423085,short
4096,4106,loss,-122.85401761538999,122.85401761538999,184.281026423085,long
4149,4154,loss,-122.85401761538999,122.85401761538999,184.281026423085,short
4165,4184,loss,-122.85401761538999,122.85401761538999,184.281026423085,long
4219,4225,win,184.281026423085,122.85401761538999,184.281026423085,long
4271,4274,loss,-122.85401761538999,122.85401761538999,184.281026423085,short
4275,4280,win,184.281026423085,122.85401761538999,184.281026423085,short
4286,4292,loss,-122.85401761538999,122.85401761538999,184.281026423085,short
4316,4330,win,184.281026423085,122.85401761538999,184.281026423085,short
4341,4353,loss,-122.85401761538999,122.85401761538999,184.281026423085,long
4394,4411,loss,-122.85401761538999,122.85401761538999,184.281026423085,long
4425,4428,loss,-122.85401761538999,122.85401761538999,184.281026423085,long
4450,4457,loss,-122.85401761538999,122.85401761538999,184.281026423085,long
4460,4465,loss,-122.85401761538999,122.85401761538999,184.281026423085,short
4487,4515,loss,-122.85401761538999,122.85401761538999,184.281026423085,short
4529,4538,win,184.281026423085,122.85401761538999,184.281026423085,long
4539,4543,loss,-122.85401761538999,122.85401761538999,184.281026423085,long
4612,4620,loss,-122.85401761538999,122.85401761538999,184.281026423085,short
4629,4632,loss,-122.85401761538999,122.85401761538999,184.281026423085,long
4696,4712,win,184.281026423085,122.85401761538999,184.281026423085,long
4724,4727,loss,-122.85401761538999,122.85401761538999,184.281026423085,long
4733,4751,loss,-122.85401761538999,122.85401761538999,184.281026423085,short
4777,4779,loss,-122.85401761538999,122.85401761538999,184.281026423085,short
4783,4787,loss,-122.85401761538999,122.85401761538999,184.281026423085,long
4816,4821,loss,-122.85401761538999,122.85401761538999,184.281026423085,short
4824,4836,win,184.281026423085,122.85401761538999,184.281026423085,long
4851,4855,win,184.281026423085,122.85401761538999,184.281026423085,short
4856,4866,loss,-122.85401761538999,122.85401761538999,184.281026423085,short
4917,4937,win,184.281026423085,122.85401761538999,184.281026423085,long
4938,4961,win,184.281026423085,122.85401761538999,184.281026423085,long
4968,4974,loss,-122.85401761538999,122.85401761538999,184.281026423085,short
4979,4993,win,184.281026423085,122.85401761538999,184.281026423085,short
5018,5033,loss,-122.85401761538999,122.85401761538999,184.281026423085,long
5046,5058,loss,-122.85401761538999,122.85401761538999,184.281026423085,long
5059,5076,loss,-122.85401761538999,122.85401761538999,184.281026423085,short
5142,5160,win,184.281026423085,122.85401761538999,184.281026423085,short
5183,5214,win,184.281026423085,122.85401761538999,184.281026423085,long
5223,5227,loss,-122.85401761538999,122.85401761538999,184.281026423085,long
5229,5239,loss,-122.85401761538999,122.85401761538999,184.281026423085,short
5243,5244,win,184.281026423085,122.85401761538999,184.281026423085,long
5245,5248,loss,-122.85401761538999,122.85401761538999,184.281026423085,long
5303,5328,loss,-122.85401761538999,122.85401761538999,184.281026423085,short
5332,5343,loss,-122.85401761538999,122.85401761538999,184.281026423085,long
5344,5351,win,184.281026423085,122.85401761538999,184.281026423085,short
5352,5361,loss,-122.85401761538999,122.85401761538999,184.281026423085,short
5365,5369,loss,-122.85401761538999,122.85401761538999,184.281026423085,long
5423,5429,loss,-122.85401761538999,122.85401761538999,184.281026423085,short
5457,5488,loss,-122.85401761538999,122.85401761538999,184.281026423085,long
5489,5510,win,184.281026423085,122.85401761538999,184.281026423085,short
5521,5529,loss,-122.85401761538999,122.85401761538999,184.281026423085,short
5535,5559,loss,-122.85401761538999,122.85401761538999,184.281026423085,long
5617,5627,loss,-122.85401761538999,122.85401761538999,184.281026423085,long
5628,5649,loss,-122.85401761538999,122.85401761538999,184.281026423085,short
5699,5704,loss,-122.85401761538999,122.85401761538999,184.281026423085,short
5713,5720,win,184.281026423085,122.85401761538999,184.281026423085,long
5721,5746,win,184.281026423085,122.85401761538999,184.281026423085,long
5781,5807,win,184.281026423085,122.85401761538999,184.281026423085,short
5808,5815,win,184.281026423085,122.85401761538999,184.281026423085,short
5816,5833,win,184.281026423085,122.85401761538999,184.281026423085,short
5848,5855,loss,-122.85401761538999,122.85401761538999,184.281026423085,long
5879,5896,loss,-122.85401761538999,122.85401761538999,184.281026423085,long
5933,5937,win,184.281026423085,122.85401761538999,184.281026423085,short
5938,5939,win,184.281026423085,122.85401761538999,184.281026423085,short
5940,5941,loss,-122.85401761538999,122.85401761538999,184.281026423085,short
5951,5966,loss,-122.85401761538999,122.85401761538999,184.281026423085,long
6004,6008,loss,-122.85401761538999,122.85401761538999,184.281026423085,short
6034,6047,loss,-122.85401761538999,122.85401761538999,184.281026423085,short
6048,6054,loss,-122.85401761538999,122.85401761538999,184.281026423085,long
6082,6090,loss,-122.85401761538999,122.85401761538999,184.281026423085,long
6128,6138,win,184.281026423085,122.85401761538999,184.281026423085,long
6158,6181,win,184.281026423085,122.85401761538999,184.281026423085,short
6182,6188,loss,-122.85401761538999,122.85401761538999,184.281026423085,short
6198,6199,loss,-122.85401761538999,122.85401761538999,184.281026423085,long
6218,6227,loss,-122.85401761538999,122.85401761538999,184.281026423085,short
6229,6237,win,184.281026423085,122.85401761538999,184.281026423085,short
6299,6301,loss,-122.85401761538999,122.85401761538999,184.281026423085,long
6303,6316,loss,-122.85401761538999,122.85401761538999,184.281026423085,long
6337,6378,win,184.281026423085,122.85401761538999,184.281026423085,short
6386,6397,win,184.281026423085,122.85401761538999,184.281026423085,long
6399,6419,win,184.281026423085,122.85401761538999,184.281026423085,long
6433,6445,loss,-122.85401761538999,122.85401761538999,184.281026423085,short
6455,6461,loss,-122.85401761538999,122.85401761538999,184.281026423085,long
6541,6547,loss,-122.85401761538999,122.85401761538999,184.281026423085,short
6548,6565,loss,-122.85401761538999,122.85401761538999,184.281026423085,long
6566,6582,loss,-122.85401761538999,122.85401761538999,184.281026423085,short
6619,6647,loss,-122.85401761538999,122.85401761538999,184.281026423085,long
6649,6671,win,184.281026423085,122.85401761538999,184.281026423085,short
6672,6696,loss,-122.85401761538999,122.85401761538999,184.281026423085,short
6773,6786,loss,-122.85401761538999,122.85401761538999,184.281026423085,long
6787,6822,win,184.281026423085,122.85401761538999,184.281026423085,short
6824,6833,loss,-122.85401761538999,122.85401761538999,184.281026423085,long
6855,6858,loss,-122.85401761538999,122.85401761538999,184.281026423085,short
6901,6902,win,184.281026423085,122.85401761538999,184.281026423085,short
6906,6909,loss,-122.85401761538999,122.85401761538999,184.281026423085,short
6930,6951,loss,-122.85401761538999,122.85401761538999,184.281026423085,long
6999,7038,win,184.281026423085,122.85401761538999,184.281026423085,long
7044,7061,loss,-122.85401761538999,122.85401761538999,184.281026423085,long
7064,7091,loss,-122.85401761538999,122.85401761538999,184.281026423085,short
7116,7127,loss,-122.85401761538999,122.85401761538999,184.281026423085,long
7207,7217,win,184.281026423085,122.85401761538999,184.281026423085,short
7229,7257,win,184.281026423085,122.85401761538999,184.281026423085,long
7292,7338,win,184.281026423085,122.85401761538999,184.281026423085,short
7339,7348,win,184.281026423085,122.85401761538999,184.281026423085,short
7349,7361,win,184.281026423085,122.85401761538999,184.281026423085,short
7393,7402,loss,-122.85401761538999,122.85401761538999,184.281026423085,long
7411,7418,loss,-122.85401761538999,122.85401761538999,184.281026423085,long
7435,7441,loss,-122.85401761538999,122.85401761538999,184.281026423085,long
7482,7486,loss,-122.85401761538999,122.85401761538999,184.281026423085,long
7500,7505,loss,-122.85401761538999,122.85401761538999,184.281026423085,long
7535,7545,loss,-122.85401761538999,122.85401761538999,184.281026423085,short
7563,7598,loss,-122.85401761538999,122.85401761538999,184.281026423085,long
7628,7632,loss,-122.85401761538999,122.85401761538999,184.281026423085,long
7650,7653,loss,-122.85401761538999,122.85401761538999,184.281026423085,short
7706,7741,win,184.281026423085,122.85401761538999,184.281026423085,long
7748,7754,win,184.281026423085,122.85401761538999,184.281026423085,long
7755,7758,win,184.281026423085,122.85401761538999,184.281026423085,long
7759,7769,loss,-122.85401761538999,122.85401761538999,184.281026423085,long
7773,7776,win,184.281026423085,122.85401761538999,184.281026423085,long
7777,7780,loss,-122.85401761538999,122.85401761538999,184.281026423085,long
7788,7791,win,184.281026423085,122.85401761538999,184.281026423085,short
7909,7921,loss,-122.85401761538999,122.85401761538999,184.281026423085,short
7923,7935,loss,-122.85401761538999,122.85401761538999,184.281026423085,long
7958,7969,loss,-122.85401761538999,122.85401761538999,184.281026423085,short
8037,8059,loss,-122.85401761538999,122.85401761538999,184.281026423085,short
8102,8107,win,184.281026423085,122.85401761538999,184.281026423085,long
8108,8122,loss,-122.85401761538999,122.85401761538999,184.281026423085,long
8186,8208,win,184.281026423085,122.85401761538999,184.281026423085,short
8241,8255,win,184.281026423085,122.85401761538999,184.281026423085,long
8256,8273,win,184.281026423085,122.85401761538999,184.281026423085,long
8311,8315,loss,-122.85401761538999,122.85401761538999,184.281026423085,short
8318,8328,win,184.281026423085,122.85401761538999,184.281026423085,short
8343,8344,loss,-122.85401761538999,122.85401761538999,184.281026423085,long
8346,8347,loss,-122.85401761538999,122.85401761538999,184.281026423085,long
8348,8352,loss,-122.85401761538999,122.85401761538999,184.281026423085,long
8355,8374,win,184.281026423085,122.85401761538999,184.281026423085,long
8404,8405,loss,-122.85401761538999,122.85401761538999,184.281026423085,short
8421,8428,win,184.281026423085,122.85401761538999,184.281026423085,short
8482,8484,win,184.281026423085,122.85401761538999,184.281026423085,long
8485,8505,win,184.281026423085,122.85401761538999,184.281026423085,long
8524,8602,win,184.281026423085,122.85401761538999,184.281026423085,short
8609,8615,loss,-122.85401761538999,122.85401761538999,184.281026423085,short
8644,8656,win,184.281026423085,122.85401761538999,184.281026423085,long
8657,8668,loss,-122.85401761538999,122.85401761538999,184.281026423085,long
8724,8750,loss,-122.85401761538999,122.85401761538999,184.281026423085,long
8773,8774,win,184.281026423085,122.85401761538999,184.281026423085,short
8775,8792,win,184.281026423085,122.85401761538999,184.281026423085,short
8794,8821,loss,-122.85401761538999,122.85401761538999,184.281026423085,long
8839,8893,win,184.281026423085,122.85401761538999,184.281026423085,long
8894,8900,win,184.281026423085,122.85401761538999,184.281026423085,long
8927,8928,loss,-122.85401761538999,122.85401761538999,184.281026423085,long
8933,8936,loss,-122.85401761538999,122.85401761538999,184.281026423085,long
8941,8942,win,184.281026423085,122.85401761538999,184.281026423085,short
8943,8968,win,184.281026423085,122.85401761538999,184.281026423085,short
9063,9081,win,184.281026423085,122.85401761538999,184.281026423085,short
9083,9125,loss,-122.85401761538999,122.85401761538999,184.281026423085,short
9130,9141,win,184.281026423085,122.85401761538999,184.281026423085,long
9217,9230,loss,-122.85401761538999,122.85401761538999,184.281026423085,short
9250,9269,loss,-122.85401761538999,122.85401761538999,184.281026423085,short
9270,9276,loss,-122.85401761538999,122.85401761538999,184.281026423085,long
9314,9340,loss,-122.85401761538999,122.85401761538999,184.281026423085,short
9370,9400,loss,-122.85401761538999,122.85401761538999,184.281026423085,long
9401,9420,win,184.281026423085,122.85401761538999,184.281026423085,short
9447,9456,win,184.281026423085,122.85401761538999,184.281026423085,long
9457,9479,win,184.281026423085,122.85401761538999,184.281026423085,long
9514,9554,loss,-122.85401761538999,122.85401761538999,184.281026423085,short
9572,9583,win,184.281026423085,122.85401761538999,184.281026423085,long
9591,9613,win,184.281026423085,122.85401761538999,184.281026423085,short
9621,9658,win,184.281026423085,122.85401761538999,184.281026423085,short
9664,9715,loss,-122.85401761538999,122.85401761538999,184.281026423085,short
9716,9721,win,184.281026423085,122.85401761538999,184.281026423085,long
9722,9726,loss,-122.85401761538999,122.85401761538999,184.281026423085,long
9747,9759,loss,-122.85401761538999,122.85401761538999,184.281026423085,short
9789,9801,win,184.281026423085,122.85401761538999,184.281026423085,long
9802,9814,loss,-122.85401761538999,122.85401761538999,184.281026423085,long
9815,9832,win,184.281026423085,122.85401761538999,184.281026423085,short
9866,9898,loss,-122.85401761538999,122.85401761538999,184.281026423085,long
9915,9932,loss,-122.85401761538999,122.85401761538999,184.281026423085,short
9985,9991,loss,-122.85401761538999,122.85401761538999,184.281026423085,short
10015,10030,loss,-122.85401761538999,122.85401761538999,184.281026423085,short
10037,10046,loss,-122.85401761538999,122.85401761538999,184.281026423085,long
10049,10058,loss,-122.85401761538999,122.85401761538999,184.281026423085,short
10106,10107,win,184.281026423085,122.85401761538999,184.281026423085,long
10109,10132,win,184.281026423085,122.85401761538999,184.281026423085,long
10136,10162,win,184.281026423085,122.85401761538999,184.281026423085,short
10191,10227,loss,-122.85401761538999,122.85401761538999,184.281026423085,short
10228,10280,loss,-122.85401761538999,122.85401761538999,184.281026423085,long
10317,10399,win,184.281026423085,122.85401761538999,184.281026423085,long
10401,10404,loss,-122.85401761538999,122.85401761538999,184.281026423085,long
10413,10417,loss,-122.85401761538999,122.85401761538999,184.281026423085,short
10451,10457,loss,-122.85401761538999,122.85401761538999,184.281026423085,short
10482,10507,loss,-122.85401761538999,122.85401761538999,184.281026423085,short
10508,10549,win,184.281026423085,122.85401761538999,184.281026423085,long
10571,10619,win,184.281026423085,122.85401761538999,184.281026423085,long
10640,10661,loss,-122.85401761538999,122.85401761538999,184.281026423085,short
10671,10675,loss,-122.85401761538999,122.85401761538999,184.281026423085,long
10683,10710,win,184.281026423085,122.85401761538999,184.281026423085,short
10733,10749,loss,-122.85401761538999,122.85401761538999,184.281026423085,short
10753,10758,win,184.281026423085,122.85401761538999,184.281026423085,long
10759,10779,loss,-122.85401761538999,122.85401761538999,184.281026423085,long
10782,10821,win,184.281026423085,122.85401761538999,184.281026423085,short
10822,10828,loss,-122.85401761538999,122.85401761538999,184.281026423085,short
10836,10841,win,184.281026423085,122.85401761538999,184.281026423085,long
10893,10907,loss,-122.85401761538999,122.85401761538999,184.281026423085,short
10908,10921,win,184.281026423085,122.85401761538999,184.281026423085,long
10936,10960,loss,-122.85401761538999,122.85401761538999,184.281026423085,short
10991,10996,loss,-122.85401761538999,122.85401761538999,184.281026423085,long
11005,11038,win,184.281026423085,122.85401761538999,184.281026423085,short
11039,11075,win,184.281026423085,122.85401761538999,184.281026423085,short
11087,11134,loss,-122.85401761538999,122.85401761538999,184.281026423085,long
11135,11177,loss,-122.85401761538999,122.85401761538999,184.281026423085,short
11183,11211,loss,-122.85401761538999,122.85401761538999,184.281026423085,long
11214,11265,loss,-122.85401761538999,122.85401761538999,184.281026423085,short
11272,11312,win,184.281026423085,122.85401761538999,184.281026423085,short
11343,11390,loss,-122.85401761538999,122.85401761538999,184.281026423085,long
11408,11478,win,184.281026423085,122.85401761538999,184.281026423085,short
11479,11481,loss,-122.85401761538999,122.85401761538999,184.281026423085,short
11502,11516,loss,-122.85401761538999,122.85401761538999,184.281026423085,long
11525,11530,win,184.281026423085,122.85401761538999,184.281026423085,short
11531,11533,loss,-122.85401761538999,122.85401761538999,184.281026423085,short
11545,11571,win,184.281026423085,122.85401761538999,184.281026423085,long
11614,11623,loss,-122.85401761538999,122.85401761538999,184.281026423085,short
11686,11689,loss,-122.85401761538999,122.85401761538999,184.281026423085,long
11700,11718,win,184.281026423085,122.85401761538999,184.281026423085,short
11732,11755,loss,-122.85401761538999,122.85401761538999,184.281026423085,long
11756,11773,loss,-122.85401761538999,122.85401761538999,184.281026423085,short
11774,11821,win,184.281026423085,122.85401761538999,184.281026423085,long
11853,11864,loss,-122.85401761538999,122.85401761538999,184.281026423085,short
11900,11929,loss,-122.85401761538999,122.85401761538999,184.281026423085,short
11930,12001,win,184.281026423085,122.85401761538999,184.281026423085,long
12002,12067,win,184.281026423085,122.85401761538999,184.281026423085,long
12072,12089,win,184.281026423085,122.85401761538999,184.281026423085,long
12126,12147,loss,-122.85401761538999,122.85401761538999,184.281026423085,short
12187,12215,loss,-122.85401761538999,122.85401761538999,184.281026423085,short
12216,12234,win,184.281026423085,122.85401761538999,184.281026423085,long
12253,12308,loss,-122.85401761538999,122.85401761538999,184.281026423085,short
12309,12318,win,184.281026423085,122.85401761538999,184.281026423085,long
12319,12328,loss,-122.85401761538999,122.85401761538999,184.281026423085,long
12329,12363,win,184.281026423085,122.85401761538999,184.281026423085,short
12365,12408,loss,-122.85401761538999,122.85401761538999,184.281026423085,short
12410,12417,loss,-122.85401761538999,122.85401761538999,184.281026423085,long
12444,12448,loss,-122.85401761538999,122.85401761538999,184.281026423085,long
12477,12525,loss,-122.85401761538999,122.85401761538999,184.281026423085,short
12526,12539,loss,-122.85401761538999,122.85401761538999,184.281026423085,long
12546,12565,win,184.281026423085,122.85401761538999,184.281026423085,short
12593,12664,win,184.281026423085,122.85401761538999,184.281026423085,long
12665,12682,loss,-122.85401761538999,122.85401761538999,184.281026423085,long
12683,12747,loss,-122.85401761538999,122.85401761538999,184.281026423085,short
12748,12755,win,184.281026423085,122.85401761538999,184.281026423085,long
12784,12802,loss,-122.85401761538999,122.85401761538999,184.281026423085,short
12828,12829,win,184.281026423085,122.85401761538999,184.281026423085,long
12834,12835,win,184.281026423085,122.85401761538999,184.281026423085,long
12840,12846,win,184.281026423085,122.85401761538999,184.281026423085,long
12860,12864,loss,-122.85401761538999,122.85401761538999,184.281026423085,short
12896,12916,loss,-122.85401761538999,122.85401761538999,184.281026423085,short
12952,12957,loss,-122.85401761538999,122.85401761538999,184.281026423085,long
12966,12969,loss,-122.85401761538999,122.85401761538999,184.281026423085,short
13020,13025,win,184.281026423085,122.85401761538999,184.281026423085,long
13071,13081,win,184.281026423085,122.85401761538999,184.281026423085,short
13082,13107,loss,-122.85401761538999,122.85401761538999,184.281026423085,short
13109,13111,loss,-122.85401761538999,122.85401761538999,184.281026423085,long
13161,13172,win,184.281026423085,122.85401761538999,184.281026423085,short
13189,13190,loss,-122.85401761538999,122.85401761538999,184.281026423085,long
13194,13196,loss,-122.85401761538999,122.85401761538999,184.281026423085,long
13198,13215,loss,-122.85401761538999,122.85401761538999,184.281026423085,long
13247,13254,win,184.281026423085,122.85401761538999,184.281026423085,short
13264,13266,loss,-122.85401761538999,122.85401761538999,184.281026423085,short
13278,13287,loss,-122.85401761538999,122.85401761538999,184.281026423085,long
13366,13376,loss,-122.85401761538999,122.85401761538999,184.281026423085,long
13383,13393,loss,-122.85401761538999,122.85401761538999,184.281026423085,short
13396,13412,loss,-122.85401761538999,122.85401761538999,184.281026423085,long
13413,13425,win,184.281026423085,122.85401761538999,184.281026423085,short
13437,13453,loss,-122.85401761538999,122.85401761538999,184.281026423085,short
13499,13520,loss,-122.85401761538999,122.85401761538999,184.281026423085,short
13521,13536,win,184.281026423085,122.85401761538999,184.281026423085,long
13550,13569,loss,-122.85401761538999,122.85401761538999,184.281026423085,short
13622,13641,win,184.281026423085,122.85401761538999,184.281026423085,long
13659,13663,loss,-122.85401761538999,122.85401761538999,184.281026423085,long
13675,13679,win,184.281026423085,122.85401761538999,184.281026423085,short
13684,13687,loss,-122.85401761538999,122.85401761538999,184.281026423085,short
13748,13758,loss,-122.85401761538999,122.85401761538999,184.281026423085,long
13762,13770,loss,-122.85401761538999,122.85401761538999,184.281026423085,short
13788,13798,loss,-122.85401761538999,122.85401761538999,184.281026423085,short
13847,13859,win,184.281026423085,122.85401761538999,184.281026423085,long
13864,13867,win,184.281026423085,122.85401761538999,184.281026423085,long
13869,13871,loss,-122.85401761538999,122.85401761538999,184.281026423085,long
13881,13882,win,184.281026423085,122.85401761538999,184.281026423085,short
13883,13887,loss,-122.85401761538999,122.85401761538999,184.281026423085,short
13895,13896,win,184.281026423085,122.85401761538999,184.281026423085,short
13910,13919,win,184.281026423085,122.85401761538999,184.281026423085,long
13949,13950,win,184.281026423085,122.85401761538999,184.281026423085,short
13951,13952,loss,-122.85401761538999,122.85401761538999,184.281026423085,short
13955,13956,loss,-122.85401761538999,122.85401761538999,184.281026423085,short
13960,13961,loss,-122.85401761538999,122.85401761538999,184.281026423085,short
13990,13991,win,184.281026423085,122.85401761538999,184.281026423085,long
13992,13993,win,184.281026423085,122.85401761538999,184.281026423085,long
13994,13995,win,184.281026423085,122.85401761538999,184.281026423085,long
13996,13997,loss,-122.85401761538999,122.85401761538999,184.281026423085,long
13998,13999,loss,-122.85401761538999,122.85401761538999,184.281026423085,long
14029,14031,loss,-122.85401761538999,122.85401761538999,184.281026423085,short
14101,14104,loss,-122.85401761538999,122.85401761538999,184.281026423085,short
14192,14194,loss,-122.85401761538999,122.85401761538999,184.281026423085,long
14209,14213,win,184.281026423085,122.85401761538999,184.281026423085,long
14214,14219,win,184.281026423085,122.85401761538999,184.281026423085,long
14221,14225,loss,-122.85401761538999,122.85401761538999,184.281026423085,long
14243,14247,loss,-122.85401761538999,122.85401761538999,184.281026423085,short
14251,14260,win,184.281026423085,122.85401761538999,184.281026423085,short
14263,14270,loss,-122.85401761538999,122.85401761538999,184.281026423085,short
14279,14294,loss,-122.85401761538999,122.85401761538999,184.281026423085,long
14296,14301,loss,-122.85401761538999,122.85401761538999,184.281026423085,short
14307,14315,loss,-122.85401761538999,122.85401761538999,184.281026423085,short
14445,14451,loss,-122.85401761538999,122.85401761538999,184.281026423085,long
14498,14502,win,184.281026423085,122.85401761538999,184.281026423085,long
14503,14505,win,184.281026423085,122.85401761538999,184.281026423085,long
14506,14511,win,184.281026423085,122.85401761538999,184.281026423085,long
14520,14525,win,184.281026423085,122.85401761538999,184.281026423085,long
14526,14527,loss,-122.85401761538999,122.85401761538999,184.281026423085,long
14539,14544,loss,-122.85401761538999,122.85401761538999,184.281026423085,short
14572,14574,loss,-122.85401761538999,122.85401761538999,184.281026423085,long
14579,14583,loss,-122.85401761538999,122.85401761538999,184.281026423085,short
14584,14587,win,184.281026423085,122.85401761538999,184.281026423085,short
14588,14589,win,184.281026423085,122.85401761538999,184.281026423085,short
14590,14591,loss,-122.85401761538999,122.85401761538999,184.281026423085,short
14592,14593,loss,-122.85401761538999,122.85401761538999,184.281026423085,short
14677,14679,loss,-122.85401761538999,122.85401761538999,184.281026423085,long
14737,14738,loss,-122.85401761538999,122.85401761538999,184.281026423085,long
14742,14745,loss,-122.85401761538999,122.85401761538999,184.281026423085,long
14761,14762,win,184.281026423085,122.85401761538999,184.281026423085,short
14770,14771,win,184.281026423085,122.85401761538999,184.281026423085,short
14799,14802,loss,-122.85401761538999,122.85401761538999,184.281026423085,long
14804,14805,loss,-122.85401761538999,122.85401761538999,184.281026423085,long
14844,14858,loss,-122.85401761538999,122.85401761538999,184.281026423085,long
14908,14915,loss,-122.85401761538999,122.85401761538999,184.281026423085,short
14929,14935,loss,-122.85401761538999,122.85401761538999,184.281026423085,short
14943,14950,loss,-122.85401761538999,122.85401761538999,184.281026423085,long
14960,14971,loss,-122.85401761538999,122.85401761538999,184.281026423085,long
14972,14974,loss,-122.85401761538999,122.85401761538999,184.281026423085,short
14982,14983,win,184.281026423085,122.85401761538999,184.281026423085,short
14984,14989,loss,-122.85401761538999,122.85401761538999,184.281026423085,short
15040,15054,win,184.281026423085,122.85401761538999,184.281026423085,short
15068,15076,win,184.281026423085,122.85401761538999,184.281026423085,long
15077,15079,loss,-122.85401761538999,122.85401761538999,184.281026423085,long
15137,15147,win,184.281026423085,122.85401761538999,184.281026423085,long
15197,15209,loss,-122.85401761538999,122.85401761538999,184.281026423085,long
15219,15220,win,184.281026423085,122.85401761538999,184.281026423085,short
15221,15222,win,184.281026423085,122.85401761538999,184.281026423085,short
15223,15224,win,184.281026423085,122.85401761538999,184.281026423085,short
15268,15269,win,184.281026423085,122.85401761538999,184.281026423085,long
15324,15332,win,184.281026423085,122.85401761538999,184.281026423085,short
15334,15335,win,184.281026423085,122.85401761538999,184.281026423085,short
15349,15358,win,184.281026423085,122.85401761538999,184.281026423085,long
15430,15432,loss,-122.85401761538999,122.85401761538999,184.281026423085,short
15472,15481,win,184.281026423085,122.85401761538999,184.281026423085,long
15482,15484,loss,-122.85401761538999,122.85401761538999,184.281026423085,long
15524,15543,loss,-122.85401761538999,122.85401761538999,184.281026423085,short
15560,15561,win,184.281026423085,122.85401761538999,184.281026423085,short
15562,15568,loss,-122.85401761538999,122.85401761538999,184.281026423085,short
15574,15586,win,184.281026423085,122.85401761538999,184.281026423085,long
15636,15640,loss,-122.85401761538999,122.85401761538999,184.281026423085,long
15677,15685,loss,-122.85401761538999,122.85401761538999,184.281026423085,short
15702,15706,loss,-122.85401761538999,122.85401761538999,184.281026423085,long
15719,15723,win,184.281026423085,122.85401761538999,184.281026423085,long
15724,15736,loss,-122.85401761538999,122.85401761538999,184.281026423085,long
15742,15752,loss,-122.85401761538999,122.85401761538999,184.281026423085,short
15813,15816,loss,-122.85401761538999,122.85401761538999,184.281026423085,short
15835,15837,win,184.281026423085,122.85401761538999,184.281026423085,short
15838,15842,loss,-122.85401761538999,122.85401761538999,184.281026423085,short
15851,15855,loss,-122.85401761538999,122.85401761538999,184.281026423085,long
15893,15896,win,184.281026423085,122.85401761538999,184.281026423085,short
15897,15900,loss,-122.85401761538999,122.85401761538999,184.281026423085,short
15959,15971,win,184.281026423085,122.85401761538999,184.281026423085,long
15972,15974,loss,-122.85401761538999,122.85401761538999,184.281026423085,long
16026,16031,loss,-122.85401761538999,122.85401761538999,184.281026423085,short
16073,16106,loss,-122.85401761538999,122.85401761538999,184.281026423085,long
16111,16114,win,184.281026423085,122.85401761538999,184.281026423085,short
16138,16142,win,184.281026423085,122.85401761538999,184.281026423085,long
16191,16200,loss,-122.85401761538999,122.85401761538999,184.281026423085,short
16247,16272,win,184.281026423085,122.85401761538999,184.281026423085,short
16285,16290,loss,-122.85401761538999,122.85401761538999,184.281026423085,short
16291,16297,loss,-122.85401761538999,122.85401761538999,184.281026423085,short
16304,16312,loss,-122.85401761538999,122.85401761538999,184.281026423085,long
16346,16380,win,184.281026423085,122.85401761538999,184.281026423085,long
16403,16410,loss,-122.85401761538999,122.85401761538999,184.281026423085,long
16413,16422,loss,-122.85401761538999,122.85401761538999,184.281026423085,short
16488,16494,loss,-122.85401761538999,122.85401761538999,184.281026423085,short
16501,16514,win,184.281026423085,122.85401761538999,184.281026423085,long
16556,16563,win,184.281026423085,122.85401761538999,184.281026423085,short
16565,16567,win,184.281026423085,122.85401761538999,184.281026423085,short
16568,16572,win,184.281026423085,122.85401761538999,184.281026423085,short
16574,16588,loss,-122.85401761538999,122.85401761538999,184.281026423085,short
16603,16605,loss,-122.85401761538999,122.85401761538999,184.281026423085,short
16665,16670,loss,-122.85401761538999,122.85401761538999,184.281026423085,short
16675,16692,loss,-122.85401761538999,122.85401761538999,184.281026423085,long
16693,16699,loss,-122.85401761538999,122.85401761538999,184.281026423085,short
16735,16739,loss,-122.85401761538999,122.85401761538999,184.281026423085,long
16749,16752,loss,-122.85401761538999,122.85401761538999,184.281026423085,short
16761,16772,loss,-122.85401761538999,122.85401761538999,184.281026423085,short
16843,16847,win,184.281026423085,122.85401761538999,184.281026423085,short
16848,16864,loss,-122.85401761538999,122.85401761538999,184.281026423085,short
16897,16915,win,184.281026423085,122.85401761538999,184.281026423085,long
16916,16923,win,184.281026423085,122.85401761538999,184.281026423085,long
16929,16932,loss,-122.85401761538999,122.85401761538999,184.281026423085,short
16939,16965,win,184.281026423085,122.85401761538999,184.281026423085,long
16966,16967,win,184.281026423085,122.85401761538999,184.281026423085,long
16969,16970,loss,-122.85401761538999,122.85401761538999,184.281026423085,short
16973,16976,loss,-122.85401761538999,122.85401761538999,184.281026423085,short
16980,16984,loss,-122.85401761538999,122.85401761538999,184.281026423085,short
16987,16988,loss,-122.85401761538999,122.85401761538999,184.281026423085,long
17006,17007,loss,-122.85401761538999,122.85401761538999,184.281026423085,long
17015,17016,win,184.281026423085,122.85401761538999,184.281026423085,long
17032,17033,win,184.281026423085,122.85401761538999,184.281026423085,short
17089,17093,loss,-122.85401761538999,122.85401761538999,184.281026423085,long
17159,17160,loss,-122.85401761538999,122.85401761538999,184.281026423085,long
17166,17178,loss,-122.85401761538999,122.85401761538999,184.281026423085,long
17191,17207,win,184.281026423085,122.85401761538999,184.281026423085,short
17213,17218,loss,-122.85401761538999,122.85401761538999,184.281026423085,short
17248,17250,loss,-122.85401761538999,122.85401761538999,184.281026423085,short
17251,17257,loss,-122.85401761538999,122.85401761538999,184.281026423085,short
17258,17262,loss,-122.85401761538999,122.85401761538999,184.281026423085,long
17302,17304,loss,-122.85401761538999,122.85401761538999,184.281026423085,short
17326,17328,loss,-122.85401761538999,122.85401761538999,184.281026423085,long
17330,17370,loss,-122.85401761538999,122.85401761538999,184.281026423085,long
17371,17376,loss,-122.85401761538999,122.85401761538999,184.281026423085,short
17419,17422,loss,-122.85401761538999,122.85401761538999,184.281026423085,long
17430,17435,loss,-122.85401761538999,122.85401761538999,184.281026423085,short
17443,17445,loss,-122.85401761538999,122.85401761538999,184.281026423085,long
17446,17448,loss,-122.85401761538999,122.85401761538999,184.281026423085,long
17520,17526,win,184.281026423085,122.85401761538999,184.281026423085,short
17527,17538,loss,-122.85401761538999,122.85401761538999,184.281026423085,short
17580,17587,loss,-122.85401761538999,122.85401761538999,184.281026423085,long
17593,17598,win,184.281026423085,122.85401761538999,184.281026423085,long
17601,17609,loss,-122.85401761538999,122.85401761538999,184.281026423085,long
17624,17633,win,184.281026423085,122.85401761538999,184.281026423085,long
17667,17670,loss,-122.85401761538999,122.85401761538999,184.281026423085,short
17695,17706,win,184.281026423085,122.85401761538999,184.281026423085,short
17723,17728,loss,-122.85401761538999,122.85401761538999,184.281026423085,short
17737,17748,loss,-122.85401761538999,122.85401761538999,184.281026423085,long
17786,17789,loss,-122.85401761538999,122.85401761538999,184.281026423085,long
17827,17832,win,184.281026423085,122.85401761538999,184.281026423085,short
17875,17878,loss,-122.85401761538999,122.85401761538999,184.281026423085,short
17886,17890,loss,-122.85401761538999,122.85401761538999,184.281026423085,long
17894,17904,win,184.281026423085,122.85401761538999,184.281026423085,long
17905,17910,win,184.281026423085,122.85401761538999,184.281026423085,long
17911,17914,loss,-122.85401761538999,122.85401761538999,184.281026423085,long
17989,17998,loss,-122.85401761538999,122.85401761538999,184.281026423085,long
18000,18004,win,184.281026423085,122.85401761538999,184.281026423085,long
18054,18058,loss,-122.85401761538999,122.85401761538999,184.281026423085,long
18060,18067,loss,-122.85401761538999,122.85401761538999,184.281026423085,long
18071,18072,win,184.281026423085,122.85401761538999,184.281026423085,long
18073,18084,win,184.281026423085,122.85401761538999,184.281026423085,long
18101,18112,win,184.281026423085,122.85401761538999,184.281026423085,short
18158,18162,win,184.281026423085,122.85401761538999,184.281026423085,long
18163,18167,loss,-122.85401761538999,122.85401761538999,184.281026423085,long
18175,18186,loss,-122.85401761538999,122.85401761538999,184.281026423085,short
18224,18228,loss,-122.85401761538999,122.85401761538999,184.281026423085,short
18293,18296,loss,-122.85401761538999,122.85401761538999,184.281026423085,long
18339,18341,loss,-122.85401761538999,122.85401761538999,184.281026423085,long
18352,18353,loss,-122.85401761538999,122.85401761538999,184.281026423085,short
18395,18407,win,184.281026423085,122.85401761538999,184.281026423085,short
18426,18427,win,184.281026423085,122.85401761538999,184.281026423085,short
18428,18430,loss,-122.85401761538999,122.85401761538999,184.281026423085,short
18431,18443,loss,-122.85401761538999,122.85401761538999,184.281026423085,short
18530,18545,win,184.281026423085,122.85401761538999,184.281026423085,long
18551,18558,loss,-122.85401761538999,122.85401761538999,184.281026423085,long
18562,18570,loss,-122.85401761538999,122.85401761538999,184.281026423085,short
18576,18577,win,184.281026423085,122.85401761538999,184.281026423085,long
18578,18579,win,184.281026423085,122.85401761538999,184.281026423085,long
18581,18582,win,184.281026423085,122.85401761538999,184.281026423085,long
18583,18588,loss,-122.85401761538999,122.85401761538999,184.281026423085,long
18611,18612,loss,-122.85401761538999,122.85401761538999,184.281026423085,long
18622,18626,loss,-122.85401761538999,122.85401761538999,184.281026423085,short
18683,18685,loss,-122.85401761538999,122.85401761538999,184.281026423085,long
18694,18701,loss,-122.85401761538999,122.85401761538999,184.281026423085,short
18728,18733,loss,-122.85401761538999,122.85401761538999,184.281026423085,short
18793,18800,win,184.281026423085,122.85401761538999,184.281026423085,long
18801,18802,loss,-122.85401761538999,122.85401761538999,184.281026423085,long
18815,18824,loss,-122.85401761538999,122.85401761538999,184.281026423085,short
18917,18919,win,184.281026423085,122.85401761538999,184.281026423085,long
18922,18925,win,184.281026423085,122.85401761538999,184.281026423085,long
18981,18985,loss,-122.85401761538999,122.85401761538999,184.281026423085,short
18998,19003,loss,-122.85401761538999,122.85401761538999,184.281026423085,long
19075,19080,loss,-122.85401761538999,122.85401761538999,184.281026423085,short
19091,19099,win,184.281026423085,122.85401761538999,184.281026423085,long
19100,19123,win,184.281026423085,122.85401761538999,184.281026423085,long
19139,19158,loss,-122.85401761538999,122.85401761538999,184.281026423085,short
19165,19168,loss,-122.85401761538999,122.85401761538999,184.281026423085,short
19169,19171,loss,-122.85401761538999,122.85401761538999,184.281026423085,short
19175,19176,loss,-122.85401761538999,122.85401761538999,184.281026423085,short
19252,19278,loss,-122.85401761538999,122.85401761538999,184.281026423085,short
19279,19291,loss,-122.85401761538999,122.85401761538999,184.281026423085,long
19306,19337,loss,-122.85401761538999,122.85401761538999,184.281026423085,long
19339,19374,win,184.281026423085,122.85401761538999,184.281026423085,short
19384,19399,win,184.281026423085,122.85401761538999,184.281026423085,long
19404,19411,loss,-122.85401761538999,122.85401761538999,184.281026423085,short
19413,19422,win,184.281026423085,122.85401761538999,184.281026423085,short
19429,19441,win,184.281026423085,122.85401761538999,184.281026423085,short
19442,19447,win,184.281026423085,122.85401761538999,184.281026423085,short
19448,19473,loss,-122.85401761538999,122.85401761538999,184.281026423085,short
19474,19487,win,184.281026423085,122.85401761538999,184.281026423085,long
19500,19516,win,184.281026423085,122.85401761538999,184.281026423085,long
19533,19535,loss,-122.85401761538999,122.85401761538999,184.281026423085,short
19540,19542,win,184.281026423085,122.85401761538999,184.281026423085,short
19545,19549,loss,-122.85401761538999,122.85401761538999,184.281026423085,short
19610,19615,loss,-122.85401761538999,122.85401761538999,184.281026423085,short
19623,19632,loss,-122.85401761538999,122.85401761538999,184.281026423085,short
19637,19639,loss,-122.85401761538999,122.85401761538999,184.281026423085,long
19693,19711,win,184.281026423085,122.85401761538999,184.281026423085,long
19713,19715,loss,-122.85401761538999,122.85401761538999,184.281026423085,long
19727,19733,loss,-122.85401761538999,122.85401761538999,184.281026423085,short
19836,19849,loss,-122.85401761538999,122.85401761538999,184.281026423085,short
19878,19879,loss,-122.85401761538999,122.85401761538999,184.281026423085,long
19882,19889,loss,-122.85401761538999,122.85401761538999,184.281026423085,long
19898,19904,loss,-122.85401761538999,122.85401761538999,184.281026423085,short
19944,19945,loss,-122.85401761538999,122.85401761538999,184.281026423085,long
19951,19957,win,184.281026423085,122.85401761538999,184.281026423085,long
19963,19968,loss,-122.85401761538999,122.85401761538999,184.281026423085,long
19973,19981,loss,-122.85401761538999,122.85401761538999,184.281026423085,short
20030,20044,win,184.281026423085,122.85401761538999,184.281026423085,long
20089,20095,win,184.281026423085,122.85401761538999,184.281026423085,long
20096,20100,win,184.281026423085,122.85401761538999,184.281026423085,long
20101,20107,win,184.281026423085,122.85401761538999,184.281026423085,long
20132,20136,loss,-122.85401761538999,122.85401761538999,184.281026423085,short
20169,20172,loss,-122.85401761538999,122.85401761538999,184.281026423085,long
20183,20184,loss,-122.85401761538999,122.85401761538999,184.281026423085,short
20205,20209,loss,-122.85401761538999,122.85401761538999,184.281026423085,long
20250,20251,loss,-122.85401761538999,122.85401761538999,184.281026423085,short
20255,20256,loss,-122.85401761538999,122.85401761538999,184.281026423085,short
20257,20258,loss,-122.85401761538999,122.85401761538999,184.281026423085,short
20264,20265,loss,-122.85401761538999,122.85401761538999,184.281026423085,short
20269,20270,loss,-122.85401761538999,122.85401761538999,184.281026423085,short
20274,20275,loss,-122.85401761538999,122.85401761538999,184.281026423085,short
20299,20302,win,184.281026423085,122.85401761538999,184.281026423085,short
20304,20305,loss,-122.85401761538999,122.85401761538999,184.281026423085,short
20352,20353,loss,-122.85401761538999,122.85401761538999,184.281026423085,long
20378,20381,win,184.281026423085,122.85401761538999,184.281026423085,long
20382,20387,loss,-122.85401761538999,122.85401761538999,184.281026423085,long
20429,20431,win,184.281026423085,122.85401761538999,184.281026423085,short
20434,20437,win,184.281026423085,122.85401761538999,184.281026423085,short
20438,20441,loss,-122.85401761538999,122.85401761538999,184.281026423085,short
20498,20501,loss,-122.85401761538999,122.85401761538999,184.281026423085,long
20502,20504,win,184.281026423085,122.85401761538999,184.281026423085,short
20505,20509,loss,-122.85401761538999,122.85401761538999,184.281026423085,short
20512,20514,loss,-122.85401761538999,122.85401761538999,184.281026423085,short
20521,20522,loss,-122.85401761538999,122.85401761538999,184.281026423085,long
20572,20580,win,184.281026423085,122.85401761538999,184.281026423085,short
20646,20652,loss,-122.85401761538999,122.85401761538999,184.281026423085,long
20666,20671,loss,-122.85401761538999,122.85401761538999,184.281026423085,long
20679,20681,win,184.281026423085,122.85401761538999,184.281026423085,short
20682,20689,win,184.281026423085,122.85401761538999,184.281026423085,short
20732,20735,loss,-122.85401761538999,122.85401761538999,184.281026423085,long
20737,20741,win,184.281026423085,122.85401761538999,184.281026423085,long
20748,20749,loss,-122.85401761538999,122.85401761538999,184.281026423085,short
20755,20760,loss,-122.85401761538999,122.85401761538999,184.281026423085,short
20780,20783,loss,-122.85401761538999,122.85401761538999,184.281026423085,long
20805,20808,loss,-122.85401761538999,122.85401761538999,184.281026423085,long
20814,20815,loss,-122.85401761538999,122.85401761538999,184.281026423085,long
20827,20831,loss,-122.85401761538999,122.85401761538999,184.281026423085,short
20917,20920,win,184.281026423085,122.85401761538999,184.281026423085,long
20923,20934,loss,-122.85401761538999,122.85401761538999,184.281026423085,long
20957,20962,win,184.281026423085,122.85401761538999,184.281026423085,long
20988,20994,loss,-122.85401761538999,122.85401761538999,184.281026423085,short
21025,21026,loss,-122.85401761538999,122.85401761538999,184.281026423085,short
21043,21045,loss,-122.85401761538999,122.85401761538999,184.281026423085,long
21047,21049,loss,-122.85401761538999,122.85401761538999,184.281026423085,long
21101,21102,loss,-122.85401761538999,122.85401761538999,184.281026423085,short
21132,21133,win,184.281026423085,122.85401761538999,184.281026423085,short
21134,21139,loss,-122.85401761538999,122.85401761538999,184.281026423085,short
21150,21151,loss,-122.85401761538999,122.85401761538999,184.281026423085,short
21152,21156,loss,-122.85401761538999,122.85401761538999,184.281026423085,short
21196,21198,win,184.281026423085,122.85401761538999,184.281026423085,long
21199,21203,win,184.281026423085,122.85401761538999,184.281026423085,long
21204,21205,loss,-122.85401761538999,122.85401761538999,184.281026423085,long
21207,21209,loss,-122.85401761538999,122.85401761538999,184.281026423085,long
21230,21231,win,184.281026423085,122.85401761538999,184.281026423085,short
21233,21234,loss,-122.85401761538999,122.85401761538999,184.281026423085,short
21235,21238,loss,-122.85401761538999,122.85401761538999,184.281026423085,short
21291,21295,win,184.281026423085,122.85401761538999,184.281026423085,long
21296,21298,loss,-122.85401761538999,122.85401761538999,184.281026423085,long
21314,21317,loss,-122.85401761538999,122.85401761538999,184.281026423085,short
21332,21333,loss,-122.85401761538999,122.85401761538999,184.281026423085,short
21385,21389,loss,-122.85401761538999,122.85401761538999,184.281026423085,long
21444,21448,loss,-122.85401761538999,122.85401761538999,184.281026423085,long
21466,21472,loss,-122.85401761538999,122.85401761538999,184.281026423085,long
21490,21492,loss,-122.85401761538999,122.85401761538999,184.281026423085,short
21525,21528,win,184.281026423085,122.85401761538999,184.281026423085,long
21548,21549,loss,-122.85401761538999,122.85401761538999,184.281026423085,long
21562,21565,loss,-122.85401761538999,122.85401761538999,184.281026423085,short
21575,21579,loss,-122.85401761538999,122.85401761538999,184.281026423085,short
21612,21614,loss,-122.85401761538999,122.85401761538999,184.281026423085,short
21618,21621,win,184.281026423085,122.85401761538999,184.281026423085,short
21622,21624,win,184.281026423085,122.85401761538999,184.281026423085,short
21640,21642,loss,-122.85401761538999,122.85401761538999,184.281026423085,long
21643,21644,loss,-122.85401761538999,122.85401761538999,184.281026423085,long
21724,21727,win,184.281026423085,122.85401761538999,184.281026423085,short
21752,21753,win,184.281026423085,122.85401761538999,184.281026423085,long
21754,21756,loss,-122.85401761538999,122.85401761538999,184.281026423085,long
21773,21774,loss,-122.85401761538999,122.85401761538999,184.281026423085,short
21780,21782,win,184.281026423085,122.85401761538999,184.281026423085,short
21786,21787,loss,-122.85401761538999,122.85401761538999,184.281026423085,short
21799,21801,win,184.281026423085,122.85401761538999,184.281026423085,long
21804,21806,win,184.281026423085,122.85401761538999,184.281026423085,long
21807,21808,loss,-122.85401761538999,122.85401761538999,184.281026423085,long
21850,21851,loss,-122.85401761538999,122.85401761538999,184.281026423085,short
21852,21854,loss,-122.85401761538999,122.85401761538999,184.281026423085,short
21858,21859,loss,-122.85401761538999,122.85401761538999,184.281026423085,short
21902,21903,win,184.281026423085,122.85401761538999,184.281026423085,long
21906,21907,win,184.281026423085,122.85401761538999,184.281026423085,long
21921,21923,loss,-122.85401761538999,122.85401761538999,184.281026423085,short
21928,21929,win,184.281026423085,122.85401761538999,184.281026423085,short
21967,21969,win,184.281026423085,122.85401761538999,184.281026423085,long
22071,22072,loss,-122.85401761538999,122.85401761538999,184.281026423085,long
22076,22078,loss,-122.85401761538999,122.85401761538999,184.281026423085,long
22119,22124,loss,-122.85401761538999,122.85401761538999,184.281026423085,short
22125,22126,loss,-122.85401761538999,122.85401761538999,184.281026423085,short
22147,22153,win,184.281026423085,122.85401761538999,184.281026423085,long
22235,22238,loss,-122.85401761538999,122.85401761538999,184.281026423085,long
22246,22247,loss,-122.85401761538999,122.85401761538999,184.281026423085,short
22248,22251,win,184.281026423085,122.85401761538999,184.281026423085,short
22252,22255,win,184.281026423085,122.85401761538999,184.281026423085,short
22285,22288,win,184.281026423085,122.85401761538999,184.281026423085,long
22292,22294,loss,-122.85401761538999,122.85401761538999,184.281026423085,long
22295,22299,loss,-122.85401761538999,122.85401761538999,184.281026423085,long
22373,22381,loss,-122.85401761538999,122.85401761538999,184.281026423085,long
22384,22386,win,184.281026423085,122.85401761538999,184.281026423085,long
22407,22412,win,184.281026423085,122.85401761538999,184.281026423085,long
22415,22417,win,184.281026423085,122.85401761538999,184.281026423085,long
22430,22432,loss,-122.85401761538999,122.85401761538999,184.281026423085,short
22455,22456,loss,-122.85401761538999,122.85401761538999,184.281026423085,short
22484,22485,win,184.281026423085,122.85401761538999,184.281026423085,short
22487,22490,loss,-122.85401761538999,122.85401761538999,184.281026423085,short
22501,22503,win,184.281026423085,122.85401761538999,184.281026423085,long
22504,22505,loss,-122.85401761538999,122.85401761538999,184.281026423085,long
22561,22563,loss,-122.85401761538999,122.85401761538999,184.281026423085,long
22565,22567,win,184.281026423085,122.85401761538999,184.281026423085,long
22568,22570,win,184.281026423085,122.85401761538999,184.281026423085,long
22578,22579,loss,-122.85401761538999,122.85401761538999,184.281026423085,short
22582,22583,loss,-122.85401761538999,122.85401761538999,184.281026423085,short
22584,22585,loss,-122.85401761538999,122.85401761538999,184.281026423085,short
22591,22592,win,184.281026423085,122.85401761538999,184.281026423085,long
22609,22610,loss,-122.85401761538999,122.85401761538999,184.281026423085,long
22623,22624,win,184.281026423085,122.85401761538999,184.281026423085,short
22625,22626,loss,-122.85401761538999,122.85401761538999,184.281026423085,short
22627,22628,loss,-122.85401761538999,122.85401761538999,184.281026423085,short
22631,22632,loss,-122.85401761538999,122.85401761538999,184.281026423085,short
22633,22634,loss,-122.85401761538999,122.85401761538999,184.281026423085,short
22677,22678,win,184.281026423085,122.85401761538999,184.281026423085,long
22706,22708,win,184.281026423085,122.85401761538999,184.281026423085,long
22711,22715,loss,-122.85401761538999,122.85401761538999,184.281026423085,long
22732,22733,loss,-122.85401761538999,122.85401761538999,184.281026423085,short
22735,22736,win,184.281026423085,122.85401761538999,184.281026423085,short
22739,22740,win,184.281026423085,122.85401761538999,184.281026423085,short
22779,22780,loss,-122.85401761538999,122.85401761538999,184.281026423085,long
22794,22795,loss,-122.85401761538999,122.85401761538999,184.281026423085,long
22797,22799,loss,-122.85401761538999,122.85401761538999,184.281026423085,long
22809,22810,loss,-122.85401761538999,122.85401761538999,184.281026423085,short
22812,22813,loss,-122.85401761538999,122.85401761538999,184.281026423085,short
22814,22815,loss,-122.85401761538999,122.85401761538999,184.281026423085,short
22852,22853,loss,-122.85401761538999,122.85401761538999,184.281026423085,long
22891,22893,loss,-122.85401761538999,122.85401761538999,184.281026423085,long
22894,22895,loss,-122.85401761538999,122.85401761538999,184.281026423085,long
22897,22898,loss,-122.85401761538999,122.85401761538999,184.281026423085,long
22911,22912,win,184.281026423085,122.85401761538999,184.281026423085,short
22913,22914,loss,-122.85401761538999,122.85401761538999,184.281026423085,short
22916,22917,loss,-122.85401761538999,122.85401761538999,184.281026423085,short
22919,22920,loss,-122.85401761538999,122.85401761538999,184.281026423085,short
22921,22922,loss,-122.85401761538999,122.85401761538999,184.281026423085,short
22936,22938,loss,-122.85401761538999,122.85401761538999,184.281026423085,long
22963,22964,win,184.281026423085,122.85401761538999,184.281026423085,long
22965,22966,loss,-122.85401761538999,122.85401761538999,184.281026423085,long
22967,22968,loss,-122.85401761538999,122.85401761538999,184.281026423085,long
22990,22991,loss,-122.85401761538999,122.85401761538999,184.281026423085,short
23004,23005,loss,-122.85401761538999,122.85401761538999,184.281026423085,long
23035,23036,win,184.281026423085,122.85401761538999,184.281026423085,long
23039,23040,win,184.281026423085,122.85401761538999,184.281026423085,long
23041,23042,loss,-122.85401761538999,122.85401761538999,184.281026423085,long
23044,23045,loss,-122.85401761538999,122.85401761538999,184.281026423085,short
23047,23048,loss,-122.85401761538999,122.85401761538999,184.281026423085,short
23049,23050,loss,-122.85401761538999,122.85401761538999,184.281026423085,short
23051,23052,win,184.281026423085,122.85401761538999,184.281026423085,short
23053,23054,loss,-122.85401761538999,122.85401761538999,184.281026423085,short
23147,23148,loss,-122.85401761538999,122.85401761538999,184.281026423085,long
23174,23175,loss,-122.85401761538999,122.85401761538999,184.281026423085,long
23181,23182,loss,-122.85401761538999,122.85401761538999,184.281026423085,short
23186,23187,loss,-122.85401761538999,122.85401761538999,184.281026423085,short
23188,23189,win,184.281026423085,122.85401761538999,184.281026423085,short
23250,23251,loss,-122.85401761538999,122.85401761538999,184.281026423085,short
23252,23253,loss,-122.85401761538999,122.85401761538999,184.281026423085,short
23262,23263,loss,-122.85401761538999,122.85401761538999,184.281026423085,short
23264,23265,loss,-122.85401761538999,122.85401761538999,184.281026423085,short
23276,23277,loss,-122.85401761538999,122.85401761538999,184.281026423085,long
23278,23279,loss,-122.85401761538999,122.85401761538999,184.281026423085,long
23434,23435,loss,-122.85401761538999,122.85401761538999,184.281026423085,long
23436,23437,loss,-122.85401761538999,122.85401761538999,184.281026423085,long
23450,23451,loss,-122.85401761538999,122.85401761538999,184.281026423085,long
23452,23455,win,184.281026423085,122.85401761538999,184.281026423085,long
23456,23457,win,184.281026423085,122.85401761538999,184.281026423085,long
23492,23493,loss,-122.85401761538999,122.85401761538999,184.281026423085,short
23494,23495,loss,-122.85401761538999,122.85401761538999,184.281026423085,short
23496,23497,loss,-122.85401761538999,122.85401761538999,184.281026423085,short
23520,23522,loss,-122.85401761538999,122.85401761538999,184.281026423085,long
23523,23524,loss,-122.85401761538999,122.85401761538999,184.281026423085,long
23526,23527,loss,-122.85401761538999,122.85401761538999,184.281026423085,long
23531,23532,loss,-122.85401761538999,122.85401761538999,184.281026423085,long
23555,23556,loss,-122.85401761538999,122.85401761538999,184.281026423085,long
23559,23560,loss,-122.85401761538999,122.85401761538999,184.281026423085,long
23596,23597,loss,-122.85401761538999,122.85401761538999,184.281026423085,short
23603,23604,win,184.281026423085,122.85401761538999,184.281026423085,short
23615,23616,win,184.281026423085,122.85401761538999,184.281026423085,long
23617,23618,loss,-122.85401761538999,122.85401761538999,184.281026423085,long
23691,23692,loss,-122.85401761538999,122.85401761538999,184.281026423085,long
23694,23695,win,184.281026423085,122.85401761538999,184.281026423085,long
23696,23697,loss,-122.85401761538999,122.85401761538999,184.281026423085,long
23700,23701,loss,-122.85401761538999,122.85401761538999,184.281026423085,long
23702,23703,loss,-122.85401761538999,122.85401761538999,184.281026423085,long
23739,23741,loss,-122.85401761538999,122.85401761538999,184.281026423085,short
