pnl_pip,outcome,sl_pip,tp_pip,entry_bar,exit_bar,direction
-34.16963111634986,loss,30.869631116350988,30.869631116350988,17338,17355,long
37.08484411203854,win,40.384844112038024,40.384844112038024,18168,18203,long
19.699999999999545,win,38.824564321907395,38.824564321907395,20106,20153,long
32.117857721568,win,35.41785772156738,35.41785772156738,22868,22871,long
-75.92291667595718,loss,72.62291667595738,72.62291667595738,23698,23720,short
82.83906667583479,win,86.13906667583475,86.13906667583475,23975,23996,short
-62.53337439936631,loss,59.23337439936638,59.23337439936638,25082,25110,short
-43.3,loss,67.00098700520627,67.00098700520627,25636,25683,short
5.699999999998636,win,54.343933352280075,54.343933352280075,27020,27067,long
-32.54847723905259,loss,29.248477239052413,29.248477239052413,28404,28415,long
43.54385470718553,win,46.84385470718583,46.84385470718583,33613,33630,short
38.60558147921138,win,41.90558147921085,41.90558147921085,33890,33894,short
-27.800000000000455,loss,36.102876799204154,36.102876799204154,35274,35321,short
-48.990944716045576,loss,45.6909447160447,45.6909447160447,38752,38755,long
43.47208266654589,win,46.77208266654511,46.77208266654511,39029,39054,long
-74.99682420628305,loss,71.69682420628348,71.69682420628348,40136,40141,long
105.10195053837079,win,108.40195053836973,108.40195053836973,40413,40423,long
96.77591202476079,win,100.07591202476146,100.07591202476146,40690,40695,long
108.46349119775068,win,111.76349119775128,111.76349119775128,40967,40972,short
-79.29999999999909,loss,89.2300425922549,89.2300425922549,41244,41291,short
38.19999999999864,win,73.90180312893959,73.90180312893959,41797,41844,long
56.37519428221067,win,59.67519428221037,59.67519428221037,42351,42371,long
-6.79999999999909,loss,101.2729227893668,101.2729227893668,42628,42675,long
80.86141128354184,win,84.16141128354194,84.16141128354194,42904,42915,long
108.79719824907552,win,112.09719824907563,112.09719824907563,43181,43198,short
124.3398794972738,win,127.63987949727351,127.63987949727351,43458,43465,short
83.20000000000091,win,140.04929920067966,140.04929920067966,43735,43782,long
94.73261159366912,win,98.03261159366873,98.03261159366873,44288,44317,short
87.37668255531999,win,90.67668255531956,90.67668255531956,44565,44581,long
57.953808496046534,win,61.25380849604696,61.25380849604696,45397,45420,long
-45.340037545814354,loss,42.04003754581508,42.04003754581508,45673,45699,long
131.3796460435962,win,134.6796460435965,134.6796460435965,45903,45912,short
111.41874533364144,win,114.71874533364229,114.71874533364229,46180,46192,short
76.88663928380193,win,80.18663928380238,80.18663928380238,46457,46481,long
101.13352809144244,win,104.43352809144241,104.43352809144241,47010,47024,short
-80.10140668598142,loss,76.80140668598031,76.80140668598031,47564,47569,short
-91.72475598161627,loss,88.42475598161577,88.42475598161577,47841,47867,short
-82.45505595867444,loss,79.15505595867454,79.15505595867454,48118,48140,long
82.50783244645318,win,85.80783244645376,85.80783244645376,48394,48397,short
6.7,win,79.5349971506783,79.5349971506783,48671,48718,long
99.36537354715865,win,102.66537354715939,102.66537354715939,49226,49232,short
142.19858812669526,win,145.49858812669606,145.49858812669606,49503,49504,short
-179.52572756231876,loss,176.2257275623177,176.2257275623177,49779,49809,short
-110.05991738763059,loss,106.75991738763041,106.75991738763041,50056,50066,long
108.57417510135447,win,111.87417510135539,111.87417510135539,50333,50335,short
-85.90738625403746,loss,82.60738625403826,82.60738625403826,51163,51183,long
110.06980497221248,win,113.36980497221292,113.36980497221292,51440,51448,short
61.20708989480745,win,64.50708989480697,64.50708989480697,52548,52580,long
-96.16171214652995,loss,92.86171214653075,92.86171214653075,54763,54782,short
79.66715106103193,win,82.96715106103247,82.96715106103247,55593,55609,long
-14.300000000001365,loss,77.80738419218778,77.80738419218778,55870,55917,long
59.2,win,66.93468351857189,66.93468351857189,56688,56735,short
-19.799999999998636,loss,83.02859347376271,83.02859347376271,57518,57565,long
45.474152215801226,win,48.774152215801905,48.774152215801905,58059,58076,long
57.67755474774658,win,60.977554747746154,60.977554747746154,59130,59140,long
-3.800000000001819,loss,95.3604953421394,95.3604953421394,60238,60285,short
-88.8572067044477,loss,85.55720670444671,85.55720670444671,60791,60819,short
-42.79999999999818,loss,65.10398219836128,65.10398219836128,61068,61115,long
-0.7999999999999998,loss,53.42190588885295,53.42190588885295,62089,62136,long
-3.799999999999545,loss,62.26426840709224,62.26426840709224,62643,62690,long
13.200000000000909,win,75.58732602470717,75.58732602470717,64303,64350,short
-10.8,loss,51.2553607095642,51.2553607095642,64856,64903,short
105.43765418184348,win,108.73765418184384,108.73765418184384,65407,65418,short
63.59006246963118,win,66.89006246963191,66.89006246963191,65957,66004,long
-11.299999999999546,loss,42.77979626091973,42.77979626091973,66508,66555,long
56.80030692727014,win,60.10030692727074,60.10030692727074,67891,67911,short
-49.255488948072795,loss,45.9554889480737,45.9554889480737,68448,68451,long
45.75009710253353,win,49.05009710253447,49.05009710253447,68724,68742,long
65.165493981696,win,68.46549398169714,68.46549398169714,73142,73145,long
-15.8,loss,54.407531072290254,54.407531072290254,75631,75678,long
113.46034526489048,win,116.76034526489059,116.76034526489059,80054,80059,short
73.19712454341398,win,76.49712454341422,76.49712454341422,80333,80360,long
-67.62091926964403,loss,64.32091926964408,64.32091926964408,81167,81173,short
-68.53676840473854,loss,65.23676840473763,65.23676840473763,82834,82857,short
40.66895573831444,win,43.96895573831538,43.96895573831538,85019,85041,long
49.03028595163205,win,52.33028595163207,52.33028595163207,86969,86974,short
-53.60164162579012,loss,50.30164162578952,50.30164162578952,93351,93377,short
40.66649576302707,win,43.96649576302638,43.96649576302638,94457,94501,short
-30.8,loss,61.68194250699988,61.68194250699988,95295,95342,long
-71.38189396782836,loss,68.08189396782882,68.08189396782882,96408,96427,short
72.90922536571243,win,76.20922536571177,76.20922536571177,98311,98319,long
31.7,win,88.55888978605643,88.55888978605643,99425,99472,short
45.19999999999909,win,64.74171367459572,64.74171367459572,102213,102260,short
-9.099999999999273,loss,53.13776991345135,53.13776991345135,103605,103652,short
40.498825332416985,win,43.79882533241732,43.79882533241732,103884,103885,long
-34.222244718519775,loss,30.922244718519522,30.922244718519522,104438,104449,long
-57.659732001526024,loss,54.35973200152664,54.35973200152664,105225,105260,short
-36.73139816679695,loss,33.43139816679592,33.43139816679592,106617,106651,long
36.23194052588515,win,39.53194052588412,39.53194052588412,108843,108847,long
-41.11853875785373,loss,37.81853875785338,37.81853875785338,114682,114686,long
54.016192829314335,win,57.31619282931401,57.31619282931401,116343,116354,long
-22.199999999998727,loss,45.488153224446236,45.488153224446236,117681,117728,long
75.35144412770406,win,78.65144412770451,78.65144412770451,118788,118789,long
-5.400000000000364,loss,49.17655255742837,49.17655255742837,121550,121597,long
1.7999999999999092,win,42.29208987679471,42.29208987679471,125967,126014,short
30.297241394202228,win,33.59724139420231,33.59724139420231,126519,126537,short
-47.38891282790591,loss,44.08891282790501,44.08891282790501,128727,128772,short
-49.394147709329715,loss,46.09414770933061,46.09414770933061,129265,129284,long
-20.99999999999982,loss,41.42641948476926,41.42641948476926,131748,131795,long
-29.099999999999273,loss,43.050403591790506,43.050403591790506,132808,132855,long
47.388093150517946,win,50.68809315051696,50.68809315051696,133599,133610,short
-43.245100291276955,loss,39.94510029127702,39.94510029127702,134704,134739,short
38.39659758348644,win,41.69659758348645,41.69659758348645,137466,137470,short
-51.942564361591664,loss,48.642564361590786,48.642564361590786,138018,138033,short
-34.27554289304298,loss,30.97554289304212,30.97554289304212,141415,141448,long
-38.6690281790341,loss,35.36902817903318,35.36902817903318,147445,147446,short
-33.399999999999906,loss,46.176884351446795,46.176884351446795,148550,148597,short
39.70100446616625,win,43.001004466166556,43.001004466166556,149333,149345,short
-9.599999999998818,loss,59.81657085962851,59.81657085962851,150438,150485,long
-9.699999999998727,loss,33.05848010522174,33.05848010522174,157031,157078,short
41.27539698313895,win,44.57539698314003,44.57539698314003,157860,157867,long
-47.53970433266504,loss,44.2397043326658,44.2397043326658,158688,158704,short
79.92931512840569,win,83.22931512840536,83.22931512840536,159240,159266,short
149.40974784825056,win,152.70974784824986,152.70974784824986,159516,159537,short
101.69354680863917,win,104.9935468086395,104.9935468086395,159792,159795,long
38.21341084878141,win,41.513410848781874,41.513410848781874,161725,161726,long
-54.43982735440004,loss,51.139827354401,51.139827354401,162829,162837,short
-69.98978837521308,loss,66.68978837521283,66.68978837521283,164761,164788,short
60.78863607479589,win,64.08863607479529,64.08863607479529,165589,165620,short
60.50685034393764,win,63.806850343938514,63.806850343938514,166141,166171,short
82.44877370308969,win,85.74877370308893,85.74877370308893,166417,166446,long
58.8286923352659,win,62.12869233526584,62.12869233526584,167246,167255,long
4.499999999999727,win,46.919426554402946,46.919426554402946,168582,168629,long
-22.200000000001,loss,47.86916866433637,47.86916866433637,169134,169181,long
76.75183461456227,win,80.05183461456244,80.05183461456244,171228,171235,short
-55.38842588497418,loss,52.08842588497416,52.08842588497416,171780,171792,short
58.53009953069132,win,61.83009953069079,61.83009953069079,172332,172352,short
-59.98749066432838,loss,56.687490664328884,56.687490664328884,172608,172620,long
-48.48647968088089,loss,45.18647968088132,45.18647968088132,173668,173700,short
33.01844318879985,win,36.318443188799776,36.318443188799776,176704,176706,long
41.655077164588604,win,44.95507716458963,44.95507716458963,177256,177263,short
-45.529672023836426,loss,42.22967202383556,42.22967202383556,178637,178642,short
5.800000000000819,win,36.015758023360036,36.015758023360036,179742,179789,short
24.499999999999726,win,43.91050327065328,43.91050327065328,180295,180342,long
11.7,win,34.59442160968166,34.59442160968166,180847,180894,long
65.46337155601732,win,68.76337155601664,68.76337155601664,181675,181677,long
14.399999999999817,win,45.8199980960114,45.8199980960114,183332,183379,long
-38.166770512273885,loss,34.8667705122746,34.8667705122746,185498,185527,short
45.84333749477237,win,49.14333749477287,49.14333749477287,185774,185792,short
34.2,win,47.83037602608172,47.83037602608172,186050,186097,long
3.700000000000455,win,32.931080068689006,32.931080068689006,186603,186650,short
31.102047104151733,win,34.40204710415169,34.40204710415169,187156,187177,short
54.43478194452537,win,57.734781944525686,57.734781944525686,188813,188848,short
-66.06443430191875,loss,62.76443430191868,62.76443430191868,190746,190776,short
49.04874384077557,win,52.348743840776066,52.348743840776066,191022,191026,long
-15.8,loss,45.53264624414467,45.53264624414467,194060,194107,long
-26.600000000001547,loss,38.03507951455606,38.03507951455606,194889,194936,long
1.8999999999998183,win,37.36485317964281,37.36485317964281,196822,196869,short
-38.509724869723684,loss,35.20972486972276,35.20972486972276,198468,198488,short
32.284584304581315,win,35.584584304580446,35.584584304580446,202806,202811,short
-48.599999999999724,loss,54.26756834925521,54.26756834925521,203358,203405,long
-10.600000000000183,loss,33.32172239322806,33.32172239322806,204463,204510,long
33.6522970936805,win,36.952297093679945,36.952297093679945,205015,205020,short
39.139999776686366,win,42.43999977668585,42.43999977668585,206397,206426,short
30.454550918210952,win,33.754550918211095,33.754550918211095,212389,212410,long
10.900000000000727,win,35.119552220179315,35.119552220179315,213769,213816,short
-42.93780689612804,loss,39.63780689612816,39.63780689612816,214321,214324,long
-32.08781028458888,loss,28.787810284588424,28.787810284588424,219796,219800,long
-33.42775785145095,loss,30.127757851451065,30.127757851451065,221736,221749,long
27.395602309724563,win,30.695602309723444,30.695602309723444,223944,223966,short
-41.80438194220032,loss,38.50438194219993,38.50438194219993,226416,226440,long
2.200000000001819,win,39.8966490946561,39.8966490946561,228348,228395,short
27.14929143085028,win,30.449291430850693,30.449291430850693,236301,236313,short
24.937787654506973,win,28.23778765450799,28.23778765450799,240993,241001,long
-3.399999999999909,loss,29.70626832668594,29.70626832668594,245637,245684,short
-45.12719977036413,loss,41.827199770365105,41.827199770365105,246465,246471,long
-9.699999999998727,loss,24.158383166578297,24.158383166578297,255515,255562,short
35.116994940862426,win,38.416994940861414,38.416994940861414,261862,261868,short
-40.119283393663224,loss,36.81928339366356,36.81928339366356,267394,267395,short
35.25134221528488,win,38.55134221528394,38.55134221528394,268210,268256,short
45.62529844644742,win,48.925298446448096,48.925298446448096,268762,268763,long
-33.71825318156952,loss,30.418253181569295,30.418253181569295,269038,269046,short
-51.784596662540295,loss,48.48459666254088,48.48459666254088,270970,270970,short
59.429102485006936,win,62.72910248500744,62.72910248500744,273091,273099,long
-3.899999999999454,loss,58.71376612414335,58.71376612414335,274747,274794,long
-46.08398703592529,loss,42.78398703592586,42.78398703592586,278467,278503,long
-52.66540469240071,loss,49.36540469239973,49.36540469239973,279427,279452,long
-31.99999999999891,loss,62.947679109877306,62.947679109877306,281359,281406,long
-43.579159048222934,loss,40.27915904822322,40.27915904822322,282139,282158,long
48.42483090483411,win,51.72483090483469,51.72483090483469,284071,284074,short
-37.400000000000816,loss,56.29371798877269,56.29371798877269,285727,285774,short
-27.40000000000082,loss,37.263715133831916,37.263715133831916,287611,287658,short
34.26440573567943,win,37.56440573568056,37.56440573568056,291199,291199,short
27.973808209359685,win,31.27380820935924,31.27380820935924,296167,296172,long
29.060373686981347,win,32.36037368698229,32.36037368698229,300854,300863,long
-42.46552890505727,loss,39.16552890505833,39.16552890505833,301679,301715,short
30.71669553480815,win,34.01669553480877,34.01669553480877,304156,304169,long
-2.7000000000005455,loss,35.6108323986815,35.6108323986815,305259,305306,short
-8.599999999999728,loss,28.10969277755304,28.10969277755304,306587,306634,short
34.25438645579034,win,37.55438645578994,37.55438645578994,317283,317317,short
-9.300000000001365,loss,33.342739575893575,33.342739575893575,321972,322019,long
25.26276288853678,win,28.56276288853688,28.56276288853688,323627,323634,long
-45.891720946365965,loss,42.591720946365776,42.591720946365776,324454,324475,short
0.09999999999918163,win,43.21500710217979,43.21500710217979,324730,324777,short
22.884790314403016,win,26.18479031440208,26.18479031440208,328820,328825,long
-33.68598614162538,loss,30.385986141625178,30.385986141625178,330475,330476,long
-15.8,loss,41.16279963832306,41.16279963832306,332130,332177,long
-31.916268781502186,loss,28.616268781502807,28.616268781502807,333509,333534,long
-34.5505632249281,loss,31.250563224928513,31.250563224928513,340936,340943,short
-48.97686411608065,loss,45.67686411607961,45.67686411607961,344430,344454,long
-29.376964619360297,loss,26.0769646193605,26.0769646193605,346615,346634,long
18.500000000000636,win,35.070614199328745,35.070614199328745,346891,346938,short
27.976358055706623,win,31.27635805570675,31.27635805570675,352791,352796,long
43.01218830644912,win,46.31218830644979,46.31218830644979,356348,356369,long
-87.7468800105983,loss,84.44688001059768,84.44688001059768,357177,357189,long
29.08152222652161,win,32.381522226521895,32.381522226521895,357718,357764,short
23.20000000000091,win,39.66407528243929,39.66407528243929,359038,359085,short
11.500000000000181,win,43.27197545295229,43.27197545295229,359314,359361,long
-50.07220325481585,loss,46.772203254816034,46.772203254816034,359590,359599,long
42.61523349793988,win,45.91523349793938,45.91523349793938,361236,361266,long
4.699999999999545,win,62.57111882548804,62.57111882548804,362605,362652,long
30.19135919620039,win,33.49135919619931,33.49135919619931,365089,365119,short
-45.958719774235576,loss,42.65871977423588,42.65871977423588,366691,366705,short
28.805423464649902,win,32.105423464650634,32.105423464650634,367791,367838,long
-14.599999999998818,loss,33.72644149850019,33.72644149850019,368343,368390,long
1.6000000000000911,win,39.71319108818544,39.71319108818544,369171,369218,short
33.07077525883342,win,36.37077525883388,36.37077525883388,371825,371869,long
10.09999999999918,win,48.01141242543687,48.01141242543687,372101,372148,long
14.899999999999363,win,34.15424710205418,34.15424710205418,373757,373804,short
26.796795525653305,win,30.096795525654294,30.096795525654294,376793,376835,short
35.449148622905525,win,38.74914862290479,38.74914862290479,378928,378974,long
6.100000000000546,win,26.673150017529576,26.673150017529576,379756,379803,long
-40.58730660986684,loss,37.28730660986676,37.28730660986676,381408,381412,long
33.539442076684466,win,36.83944207668446,36.83944207668446,382236,382276,short
-17.700000000000546,loss,73.39544652582303,73.39544652582303,383064,383111,long
-37.47491107198884,loss,34.17491107198993,34.17491107198993,383892,383911,long
37.59578597011951,win,40.89578597011866,40.89578597011866,386328,386332,short
29.97141952790953,win,33.271419527908414,33.271419527908414,391296,391338,short
42.919077851128534,win,46.21907785112775,46.21907785112775,402719,402728,short
21.361848396322056,win,24.661848396322487,24.661848396322487,408491,408495,long
-66.6428722661938,loss,63.34287226619345,63.34287226619345,410129,410133,short
72.17509061286519,win,75.47509061286587,75.47509061286587,410404,410421,short
1.500000000000182,win,50.03888883105344,50.03888883105344,412604,412651,short
2.4999999999992726,win,42.627259031125504,42.627259031125504,413893,413940,short
-38.78156674125948,loss,35.481566741258426,35.481566741258426,414718,414725,short
-41.67156989379764,loss,38.37156989379663,38.37156989379663,416918,416926,short
-34.52929957504993,loss,31.229299575049513,31.229299575049513,419384,419390,long
-17.200000000001,loss,34.58545240112617,34.58545240112617,420483,420530,long
-37.464868545867645,loss,34.16486854586743,34.16486854586743,425380,425383,long
-31.08471775827711,loss,27.784717758276315,27.784717758276315,438533,438543,long
24.212528059494343,win,27.512528059494613,27.512528059494613,439083,439109,long
25.364438247903944,win,28.664438247903163,28.664438247903163,445958,445975,long
-24.442680369559913,loss,21.142680369559596,21.142680369559596,449757,449788,long
21.12344937427606,win,24.423449374276743,24.423449374276743,453930,453942,short
-37.24318755023732,loss,33.94318755023725,33.94318755023725,489924,489928,short
37.98599686027656,win,41.285996860276114,41.285996860276114,492120,492134,long
28.233326284184113,win,31.533326284184973,31.533326284184973,493173,493191,short
-33.00000000000027,loss,34.731380666514404,34.731380666514404,494548,494595,short
-25.787004834315486,loss,22.487004834314444,22.487004834314444,495923,495925,long
-28.06312628434471,loss,24.76312628434468,24.76312628434468,496195,496197,short
-27.5943987185663,loss,24.29439871856689,24.29439871856689,498955,498958,long
-32.87982662082031,loss,29.579826620821414,29.579826620821414,499505,499540,long
20.92121419294399,win,24.22121419294421,24.22121419294421,500318,500320,short
-39.26379823673942,loss,35.96379823674021,35.96379823674021,502790,502793,long
27.730173363665198,win,31.03017336366544,31.03017336366544,503065,503106,short
20.662810376094694,win,23.96281037609434,23.96281037609434,509393,509404,short
-30.600000000000183,loss,31.687737669916668,31.687737669916668,515671,515718,short
-22.886706218722157,loss,19.58670621872247,19.58670621872247,518964,518967,long
19.025223806233225,win,22.325223806233147,22.325223806233147,526881,526889,short
23.181304637441098,win,26.48130463744132,26.48130463744132,527433,527477,short
-29.373682063272373,loss,26.073682063272816,26.073682063272816,529352,529363,long
-31.20948966206088,loss,27.909489662060334,27.909489662060334,536678,536698,long
-28.9776254852457,loss,25.67762548524581,25.67762548524581,537769,537816,short
33.44604645392265,win,36.746046453921835,36.746046453921835,538597,538614,long
19.184007336270223,win,22.48400733626938,22.48400733626938,542710,542715,long
-27.209193208330635,loss,23.909193208331104,23.909193208331104,544353,544381,short
25.8103019735624,win,29.110301973563256,29.110301973563256,552204,552212,long
-25.941639438734274,loss,22.641639438734405,22.641639438734405,558655,558661,long
9.499999999999726,win,23.884355371496834,23.884355371496834,566808,566855,long
-4.400000000001273,loss,19.16738919482448,19.16738919482448,567911,567958,short
3.699999999998181,win,26.878614074944366,26.878614074944366,570669,570716,short
19.339483014388588,win,22.639483014388578,22.639483014388578,573403,573406,short
-26.826939399271215,loss,23.526939399272273,23.526939399272273,581341,581382,long
22.255548631132296,win,25.555548631132194,25.555548631132194,582937,582945,long
22.353955300876986,win,25.653955300877183,25.653955300877183,583200,583217,long
31.74557593510526,win,35.045575935104836,35.045575935104836,586762,586763,long
29.717699166059628,win,33.01769916605901,33.01769916605901,587301,587334,long
32.184753682474096,win,35.4847536824742,35.4847536824742,588943,588952,long
-59.845689658255466,loss,56.54568965825587,56.54568965825587,589723,589765,short
38.9637717897419,win,42.263771789741455,42.263771789741455,590538,590562,long
22.299999999999454,win,34.59701128581188,34.59701128581188,591905,591952,long
-53.47553268350866,loss,50.17553268350973,50.17553268350973,592457,592481,short
48.25983550703468,win,51.55983550703418,51.55983550703418,595454,595491,long
-65.40413600300171,loss,62.10413600300282,62.10413600300282,596006,596049,long
52.89371893685184,win,56.193718936850814,56.193718936850814,597373,597385,long
-43.72428068979916,loss,40.42428068979818,40.42428068979818,597925,597934,short
0.799999999998545,win,53.73519278507624,53.73519278507624,599292,599339,long
39.83141310312631,win,43.13141310312629,43.13141310312629,599555,599568,short
-39.314569026888236,loss,36.01456902688884,36.01456902688884,599831,599865,long
-49.57178615696493,loss,46.27178615696392,46.27178615696392,601150,601157,long
-8.39999999999991,loss,61.12220627087295,61.12220627087295,601702,601749,short
42.614334358647014,win,45.9143343586465,45.9143343586465,605527,605528,short
-52.27502363724243,loss,48.975023637242536,48.975023637242536,606258,606290,short
-54.21268096661224,loss,50.91268096661281,50.91268096661281,606533,606563,long
42.9148782854888,win,46.21487828548832,46.21487828548832,606809,606827,long
-38.40258341287226,loss,35.10258341287221,35.10258341287221,608243,608256,short
2.8000000000012735,win,30.65261814649584,30.65261814649584,612332,612379,long
-34.99999999999845,loss,37.849838840308436,37.849838840308436,613147,613194,short
-50.97671400858262,loss,47.67671400858234,47.67671400858234,613699,613717,short
-28.90000000000173,loss,33.547488622173525,33.547488622173525,618540,618587,long
-3.799999999999545,loss,32.73260960126845,32.73260960126845,619368,619415,short
17.022911629693862,win,20.32291162969382,20.32291162969382,622641,622688,long
30.644361743240278,win,33.94436174324015,33.94436174324015,624224,624243,long
-11.199999999999637,loss,72.66224896871057,72.66224896871057,625007,625054,short
-36.589016074206754,loss,33.289016074207396,33.289016074207396,628784,628802,short
-33.89999999999945,loss,38.76825606300567,38.76825606300567,630151,630198,short
-36.03335523203968,loss,32.73335523204042,32.73335523204042,632826,632835,long
43.9064387456544,win,47.206438745655,47.206438745655,633654,633668,long
-63.435263635854696,loss,60.135263635855395,60.135263635855395,633917,633945,long
-72.71052387144509,loss,69.4105238714455,69.4105238714455,634193,634224,short
116.33102296900161,win,119.63102296900236,119.63102296900236,635021,635035,short
-67.29229332605045,loss,63.9922933260511,63.9922933260511,635284,635329,long
-100.87727078202151,loss,97.57727078202099,97.57727078202099,635560,635591,long
45.18075830185053,win,48.48075830185104,48.48075830185104,636112,636122,long
-82.90000000000036,loss,98.59324383140226,98.59324383140226,636662,636709,short
-75.7351607294443,loss,72.43516072944473,72.43516072944473,636938,636943,short
-141.2615166136364,loss,137.96151661363731,137.96151661363731,637478,637478,short
-64.50000000000118,loss,185.01950491271495,185.01950491271495,637754,637801,short
192.17931990149663,win,195.47931990149706,195.47931990149706,638029,638034,short
2.7000000000013644,win,166.07269237441534,166.07269237441534,638305,638352,long
-150.3231541163139,loss,147.0231541163143,147.0231541163143,638581,638604,short
96.76090419886278,win,100.0609041988638,100.0609041988638,639133,639177,long
100.15395278537808,win,103.4539527853781,103.4539527853781,639408,639412,long
173.40916874630392,win,176.70916874630342,176.70916874630342,639676,639723,long
-109.15515066256903,loss,105.8551506625684,105.8551506625684,640224,640249,long
69.66924662112815,win,72.96924662112778,72.96924662112778,641037,641043,short
-105.00526893061378,loss,101.70526893061347,101.70526893061347,641313,641323,long
96.36210635365542,win,99.6621063536553,99.6621063536553,641586,641622,long
98.15120227695543,win,101.45120227695583,101.45120227695583,642125,642147,long
-85.45174718335902,loss,82.15174718335942,82.15174718335942,642952,642980,long
71.08601887968389,win,74.38601887968457,74.38601887968457,643227,643239,long
-92.95852326156664,loss,89.65852326156596,89.65852326156596,643503,643540,long
-88.15790170791688,loss,84.85790170791667,84.85790170791667,643779,643825,short
82.6903473306099,win,85.99034733060883,85.99034733060883,644331,644357,short
-78.52873906819768,loss,75.22873906819719,75.22873906819719,644594,644620,long
-74.10000000000154,loss,116.23065740497802,116.23065740497802,644870,644917,short
73.89664928255952,win,77.19664928255939,77.19664928255939,645146,645162,long
-80.5170209648084,loss,77.21702096480946,77.21702096480946,645422,645438,long
-82.96498194675068,loss,79.6649819467506,79.6649819467506,645698,645707,short
76.12920488363825,win,79.42920488363771,79.42920488363771,646789,646792,short
59.704987914375764,win,63.00498791437479,63.00498791437479,647880,647882,short
52.24108675522457,win,55.541086755224185,55.541086755224185,648156,648162,long
-6.499999999999363,loss,56.40631082435229,56.40631082435229,649487,649534,long
-64.58201920472293,loss,61.2820192047232,61.2820192047232,649763,649788,long
25.50000000000109,win,79.13470242871122,79.13470242871122,650026,650073,short
-10.499999999998,loss,56.99434898145596,56.99434898145596,650854,650901,short
21.300000000000363,win,56.85315247941374,56.85315247941374,651621,651668,short
-46.79049833434492,loss,43.490498334345475,43.490498334345475,652173,652181,long
19.399999999999817,win,67.01504605973405,67.01504605973405,653264,653311,short
54.44475713016955,win,57.74475713017019,57.74475713017019,653540,653557,long
-37.500000000000725,loss,70.39574506291562,70.39574506291562,653816,653863,short
-13.39999999999991,loss,43.80016983657234,43.80016983657234,654355,654402,long
16.000000000000636,win,48.92059673976001,48.92059673976001,656550,656597,long
-59.80000000000091,loss,67.11229899701867,67.11229899701867,658732,658779,short
-24.000000000001638,loss,50.69712268470477,50.69712268470477,660063,660110,long
-31.505235857990375,loss,28.205235857989273,28.205235857989273,661982,661993,long
10.800000000000818,win,42.72369859046185,42.72369859046185,662521,662568,long
55.37811740982234,win,58.678117409822356,58.678117409822356,662797,662801,long
-70.167866816076,loss,66.86786681607583,66.86786681607583,663073,663091,long
19.2,win,53.714417771629044,53.714417771629044,663349,663396,long
-65.91414852982852,loss,62.61414852982773,62.61414852982773,663612,663621,long
-76.69999999999918,loss,77.7920096485818,77.7920096485818,664440,664487,short
-70.2220427433629,loss,66.9220427433627,66.9220427433627,664716,664719,long
-56.294459533026654,loss,52.994459533027516,52.994459533027516,664979,665001,short
57.21079144984897,win,60.510791449849116,60.510791449849116,665255,665267,long
-85.69305534629693,loss,82.39305534629723,82.39305534629723,665531,665534,long
49.2,win,82.54190704970604,82.54190704970604,665807,665854,long
106.30764183222637,win,109.60764183222587,109.60764183222587,666083,666099,short
121.03789254163003,win,124.33789254162971,124.33789254162971,666622,666644,short
-125.2279772288587,loss,121.9279772288591,121.9279772288591,666898,666933,long
87.74538965603752,win,91.04538965603832,91.04538965603832,667174,667184,long
-17.900000000000365,loss,73.6707349982541,73.6707349982541,667713,667760,long
11.200000000000454,win,95.06741609776171,95.06741609776171,667989,668036,long
-107.46018066858214,loss,104.16018066858283,104.16018066858283,668265,668289,short
56.79999999999991,win,98.52860756108953,98.52860756108953,668541,668588,long
79.33974761153804,win,82.63974761153814,82.63974761153814,669632,669646,long
-14.199999999999182,loss,147.7454503850577,147.7454503850577,669908,669955,short
-53.499999999999815,loss,86.24755218459117,86.24755218459117,670184,670231,long
82.53945654138916,win,85.83945654138945,85.83945654138945,670999,671003,short
-89.9605193436726,loss,86.66051934367208,86.66051934367208,671275,671305,short
-67.36288789720065,loss,64.06288789720122,64.06288789720122,672594,672603,long
-44.97860081641947,loss,41.67860081641862,41.67860081641862,673133,673148,long
-53.990473444110464,loss,50.6904734441104,50.6904734441104,673685,673702,long
-112.27445043681273,loss,108.97445043681304,108.97445043681304,674500,674537,short
80.95107797448163,win,84.25107797448067,84.25107797448067,675052,675088,short
-62.017276555235,loss,58.71727655523444,58.71727655523444,676695,676742,long
44.81804279431499,win,48.118042794316004,48.118042794316004,678338,678343,long
12.299999999999454,win,64.74771538856334,64.74771538856334,678877,678924,short
-10.000000000000728,loss,48.68804223097257,48.68804223097257,680520,680567,long
-51.29999999999954,loss,56.13139829115118,56.13139829115118,680796,680843,short
32.09999999999964,win,59.37368526192686,59.37368526192686,681899,681946,short
-29.90000000000082,loss,52.56132593865872,52.56132593865872,682451,682498,long
19.70000000000182,win,43.25666298240226,43.25666298240226,682714,682761,long
22.799999999999,win,66.3035839304644,66.3035839304644,683542,683589,long
-73.49999999999982,loss,125.61455239807125,125.61455239807125,684081,684128,short
-59.03930823682076,loss,55.739308236821266,55.739308236821266,684357,684375,long
-52.098366749806516,loss,48.798366749806505,48.798366749806505,684909,684922,long
-46.95884979954671,loss,43.65884979954637,43.65884979954637,685185,685202,long
27.199999999999545,win,68.97917784698244,68.97917784698244,686815,686862,short
-42.999999999997996,loss,58.747173417815844,58.747173417815844,687091,687138,short
5.3000000000012735,win,57.17311733021076,57.17311733021076,687871,687918,short
50.1444512539676,win,53.4444512539674,53.4444512539674,688383,688397,long
-54.797329269900544,loss,51.497329269900426,51.497329269900426,689474,689504,long
62.514075074044925,win,65.8140750740446,65.8140750740446,690026,690041,short
46.474881101445774,win,49.77488110144473,49.77488110144473,691117,691164,long
-5.000000000000727,loss,57.32107476978001,57.32107476978001,691669,691716,long
-66.9717213461111,loss,63.67172134611156,63.67172134611156,694355,694358,long
-103.19335222576073,loss,99.89335222576003,99.89335222576003,694907,694938,short
101.15557711677566,win,104.45557711677603,104.45557711677603,695459,695464,short
50.600000000001,win,73.48015247924997,73.48015247924997,696826,696873,short
24.599999999999635,win,64.92733000147639,64.92733000147639,697593,697640,long
6.999999999999727,win,58.508834032810746,58.508834032810746,698145,698192,short
-77.37212782774877,loss,74.07212782774936,74.07212782774936,699512,699519,long
12.59999999999918,win,66.1885341044647,66.1885341044647,700051,700098,short
-12.500000000000728,loss,66.69751268817006,66.69751268817006,700603,700650,short
-21.699999999999182,loss,58.79635681438416,58.79635681438416,700879,700926,long
-49.20254559655477,loss,45.902545596553956,45.902545596553956,701142,701152,long
11.200000000000454,win,81.67405367814861,81.67405367814861,702737,702784,short
64.16591891334447,win,67.46591891334478,67.46591891334478,703013,703043,short
-35.70000000000009,loss,55.67941238925739,55.67941238925739,703828,703875,long
72.13380432204686,win,75.43380432204798,75.43380432204798,704656,704662,short
-98.48486502331598,loss,95.18486502331581,95.18486502331581,704932,704944,short
41.20000000000046,win,79.99959048103815,79.99959048103815,705748,705795,short
-9.400000000001274,loss,56.525014623370225,56.525014623370225,706564,706611,short
3.800000000000364,win,58.37542099907927,58.37542099907927,706840,706887,long
-56.85104366950854,loss,53.55104366950795,53.55104366950795,708772,708800,short
-0.9999999999998179,loss,46.711981071536364,46.711981071536364,710692,710739,short
48.110656472460235,win,51.41065647246087,51.41065647246087,710968,710998,short
47.03696395857078,win,50.336963958570756,50.336963958570756,711244,711257,long
4.2,win,45.88346938746058,45.88346938746058,711520,711567,long
-45.808335328438986,loss,42.50833532843815,42.50833532843815,712072,712089,long
-2.2999999999986356,loss,39.036300794901386,39.036300794901386,712624,712671,long
8.099999999998726,win,42.26817069344276,42.26817069344276,713440,713487,long
-20.00000000000073,loss,47.56490754379322,47.56490754379322,713992,714039,long
-45.42725427443956,loss,42.127254274439686,42.127254274439686,714268,714314,long
-55.36905049875104,loss,52.06905049875035,52.06905049875035,716728,716761,short
-11.099999999999728,loss,44.65585386905849,44.65585386905849,717268,717315,long
-28.599999999999728,loss,69.72073181978722,69.72073181978722,717544,717591,short
8.300000000000818,win,52.60517098119518,52.60517098119518,718096,718143,long
-36.49999999999936,loss,66.77572527574777,66.77572527574777,718372,718419,long
-10.500000000000274,loss,41.871591026731856,41.871591026731856,720004,720051,long
-72.9307182697501,loss,69.63071826974998,69.63071826974998,720556,720573,long
-25.00000000000073,loss,54.25060029027112,54.25060029027112,723520,723567,short
-47.18594199334875,loss,43.885941993348666,43.885941993348666,723796,723809,long
44.24965797370233,win,47.54965797370124,47.54965797370124,725164,725186,short
37.09999999999964,win,82.59965568604741,82.59965568604741,726256,726303,short
-6.499999999999363,loss,51.94967975845374,51.94967975845374,726796,726843,long
12.399999999999363,win,52.00904634810844,52.00904634810844,728440,728487,short
43.8117184999207,win,47.11171849992113,47.11171849992113,731404,731451,long
17.800000000001273,win,50.576906846972015,50.576906846972015,731956,732003,short
-26.399999999999455,loss,33.89263302902325,33.89263302902325,734416,734463,long
13.600000000000545,win,57.56885298599169,57.56885298599169,736060,736107,short
-7.100000000001091,loss,67.93921508091323,67.93921508091323,736324,736371,short
8.200000000000909,win,48.246514503345296,48.246514503345296,736876,736923,long
15.600000000001,win,39.00428784635802,39.00428784635802,737428,737475,long
-12.099999999998818,loss,39.056232252191236,39.056232252191236,739060,739107,long
-20.70000000000009,loss,48.250804361463864,48.250804361463864,739612,739659,short
56.53960823494499,win,59.83960823494506,59.83960823494506,740164,740211,long
-8.599999999999728,loss,48.709842707854456,48.709842707854456,741532,741579,long
34.000000000000185,win,49.39739879043295,49.39739879043295,742024,742071,short
1.400000000000273,win,58.32329407829783,58.32329407829783,743944,743991,short
26.999999999999726,win,52.28757693233776,52.28757693233776,745312,745359,short
29.00000000000018,win,60.20009593767519,60.20009593767519,746128,746175,short
-24.600000000001092,loss,59.85994894927019,59.85994894927019,746680,746727,long
-29.100000000001547,loss,56.46024619077054,56.46024619077054,749131,749178,long
-2.7000000000005455,loss,49.362766013477476,49.362766013477476,749683,749730,short
14.10000000000009,win,41.091329877265835,41.091329877265835,750498,750545,long
-16.699999999999182,loss,37.2204674956871,37.2204674956871,751314,751361,long
-48.4773261694052,loss,45.17732616940482,45.17732616940482,751590,751631,short
-48.69999999999963,loss,59.130146004382496,59.130146004382496,752418,752465,short
-42.77061849502233,loss,39.47061849502198,39.47061849502198,753246,753258,short
-11.599999999999273,loss,41.26596924938864,41.26596924938864,753522,753569,long
36.7,win,55.577006250064066,55.577006250064066,753798,753845,long
-66.12324884975878,loss,62.82324884975795,62.82324884975795,754614,754625,long
1.8999999999998183,win,37.52753192085204,37.52753192085204,755982,756029,long
60.407679678821026,win,63.707679678821556,63.707679678821556,756798,756803,short
-54.43064760941142,loss,51.13064760941161,51.13064760941161,757074,757097,short
-11.499999999999364,loss,52.867560575966124,52.867560575966124,758919,758966,short
3.2000000000009097,win,37.940638006669644,37.940638006669644,761655,761702,long
-14.000000000001638,loss,46.250940609586856,46.250940609586856,764667,764714,short
7.8000000000012735,win,45.7109427555188,45.7109427555188,765495,765542,short
34.25047751156326,win,37.55047751156378,37.55047751156378,766311,766329,long
20.600000000001,win,37.16490185067914,37.16490185067914,767922,767969,long
36.95237070986805,win,40.252370709867016,40.252370709867016,769290,769314,short
-19.899999999998546,loss,58.17591708115344,58.17591708115344,769566,769613,short
-11.099999999999728,loss,54.39184296554533,54.39184296554533,773118,773165,short
50.99750676987851,win,54.29750676987826,54.29750676987826,773670,773688,long
-71.24128508152653,loss,67.94128508152542,67.94128508152542,775281,775317,short
-74.97486492783837,loss,71.67486492783759,71.67486492783759,775545,775560,short
64.6232630680167,win,67.92326306801591,67.92326306801591,775821,775836,long
-88.12525919147974,loss,84.82525919147957,84.82525919147957,776097,776131,short
65.52145236268571,win,68.82145236268606,68.82145236268606,776649,776681,long
-153.8720834965814,loss,150.57208349657938,150.57208349657938,777189,777191,long
115.12410131611814,win,118.42410131611823,118.42410131611823,777465,777470,short
62.67251079162561,win,65.97251079162551,65.97251079162551,778293,778309,short
76.88346137401068,win,80.18346137400977,80.18346137400977,778569,778588,short
-59.63617060748065,loss,56.33617060748144,56.33617060748144,779121,779135,long
58.39338789552285,win,61.69338789552329,61.69338789552329,779397,779421,short
-16.30000000000182,loss,52.86256543090354,52.86256543090354,779949,779996,short
41.01822540135045,win,44.31822540135088,44.31822540135088,780225,780247,long
-64.65314068736306,loss,61.35314068736195,61.35314068736195,780501,780544,long
58.96639570905718,win,62.266395709057115,62.266395709057115,781041,781075,short
-54.482551134502316,loss,51.18255113450188,51.18255113450188,781593,781603,long
-20.29999999999818,loss,66.18312649703547,66.18312649703547,784053,784100,long
-50.055187925937204,loss,46.755187925937356,46.755187925937356,784329,784364,long
-48.58228480538246,loss,45.28228480538282,45.28228480538282,784881,784896,long
60.074007795860055,win,63.374007795859384,63.374007795859384,785157,785195,short
-58.34099425495951,loss,55.04099425495992,55.04099425495992,785709,785725,short
-25.099999999998364,loss,68.07320691648928,68.07320691648928,786249,786296,short
-65.68663366304308,loss,62.38663366304207,62.38663366304207,786801,786823,short
-62.66050566725498,loss,59.36050566725474,59.36050566725474,787353,787391,long
57.82113547771742,win,61.12113547771832,61.12113547771832,787617,787630,short
50.78541129694868,win,54.085411296947875,54.085411296947875,788985,789007,short
4.399999999999818,win,67.96999130125616,67.96999130125616,789537,789584,long
55.7762810671572,win,59.07628106715732,59.07628106715732,789813,789823,short
0.9999999999983631,win,57.86519366585562,57.86519366585562,791181,791228,long
-45.55813074287771,loss,42.25813074287796,42.25813074287796,791997,792009,long
-45.59263296381987,loss,42.29263296381907,42.29263296381907,792273,792297,short
13.400000000000727,win,43.08615170532006,43.08615170532006,793886,793933,long
41.7325777709395,win,45.03257777093911,45.03257777093911,794162,794180,short
66.47083162415284,win,69.7708316241518,69.7708316241518,795530,795535,long
61.04329397295187,win,64.3432939729508,64.3432939729508,795794,795831,short
49.23362265102624,win,52.533622651025176,52.533622651025176,796898,796934,short
16.79999999999991,win,61.63665748248194,61.63665748248194,800114,800161,short
-70.72698560466806,loss,67.42698560466847,67.42698560466847,800390,800429,short
21.399999999998,win,67.06675407557118,67.06675407557118,802034,802081,short
63.08709669467517,win,66.38709669467546,66.38709669467546,803402,803449,long
20.900000000000727,win,58.34504405204008,58.34504405204008,804770,804817,long
40.906982553221226,win,44.2069825532208,44.2069825532208,806138,806160,long
-5.500000000000273,loss,53.5468234323545,53.5468234323545,806414,806461,short
10.09999999999918,win,34.937768813829635,34.937768813829635,806678,806725,long
14.799999999999454,win,41.97142218610044,41.97142218610044,808046,808093,short
-28.100000000000183,loss,45.155249837446675,45.155249837446675,809690,809737,long
0.7000000000009097,win,61.68313569593581,61.68313569593581,810518,810565,short
4.900000000001637,win,52.31738106419908,52.31738106419908,811610,811657,short
-44.834169064198065,loss,41.53416906419901,41.53416906419901,811886,811902,long
-45.83255607320625,loss,42.53255607320695,42.53255607320695,813489,813501,long
-54.945205791455734,loss,51.6452057914565,51.6452057914565,813765,813777,short
1.8999999999998183,win,63.79642877534947,63.79642877534947,814317,814364,short
52.62495028686244,win,55.92495028686301,55.92495028686301,815961,815996,short
15.400000000001182,win,67.64205939804974,67.64205939804974,816777,816824,long
65.11282068346345,win,68.4128206834643,68.4128206834643,817593,817622,long
-12.099999999998818,loss,59.840998162342814,59.840998162342814,817869,817916,long
-61.07467425325767,loss,57.774674253258034,57.774674253258034,818145,818171,short
-23.999999999999364,loss,52.858328190607615,52.858328190607615,818961,819008,short
18.600000000000545,win,58.28406460212287,58.28406460212287,820065,820112,short
-42.04921436486829,loss,38.74921436486849,38.74921436486849,820329,820337,long
7.699999999999091,win,44.241222204092686,44.241222204092686,820881,820928,short
40.299999999999,win,79.68617751186474,79.68617751186474,821433,821480,long
-28.49999999999982,loss,46.13899084963411,46.13899084963411,822249,822296,long
-53.34431060448951,loss,50.04431060448842,50.04431060448842,822801,822845,short
48.32123666572143,win,51.62123666572057,51.62123666572057,824181,824201,long
-63.01947901480007,loss,59.71947901480078,59.71947901480078,824721,824751,long
53.699999999998184,win,65.28638463147506,65.28638463147506,825273,825320,long
-32.49999999999845,loss,45.142664755598375,45.142664755598375,826641,826688,short
-39.28629070471361,loss,35.986290704714534,35.986290704714534,827181,827183,short
7.2999999999994545,win,49.06283701675365,49.06283701675365,829303,829350,long
42.079637591729536,win,45.379637591730216,45.379637591730216,829843,829856,short
-51.5259161500383,loss,48.225916150038806,48.225916150038806,830947,830955,long
12.59999999999918,win,66.28081508844521,66.28081508844521,831487,831534,long
7.699999999999091,win,56.09706134903686,56.09706134903686,832039,832086,short
-8.3,loss,45.541340926061785,45.541340926061785,832855,832902,long
39.69173448869397,win,42.99173448869411,42.99173448869411,833407,833419,short
-53.226030347498906,loss,49.9260303474981,49.9260303474981,833947,833954,long
-54.67360493215283,loss,51.37360493215173,51.37360493215173,835316,835326,long
-55.27942188618981,loss,51.97942188618878,51.97942188618878,835592,835608,short
57.87017640840004,win,61.170176408398945,61.170176408398945,835868,835891,long
61.98532166864352,win,65.2853216686434,65.2853216686434,836960,836983,long
45.004327304576876,win,48.304327304577996,48.304327304577996,837236,837242,long
40.25077442163747,win,43.55077442163824,43.55077442163824,838299,838319,long
-67.23059165696513,loss,63.93059165696457,63.93059165696457,839667,839687,short
62.04044316091468,win,65.34044316091477,65.34044316091477,841035,841046,short
28.400000000000727,win,76.8777244189783,76.8777244189783,841311,841358,short
-12.799999999998182,loss,47.86452953653319,47.86452953653319,843495,843542,short
-43.99999999999936,loss,49.70368301790108,49.70368301790108,846200,846247,long
47.49951670584478,win,50.79951670584397,50.79951670584397,847292,847306,short
60.367069536718375,win,63.667069536717456,63.667069536717456,848120,848125,long
40.90000000000073,win,69.94940110218714,69.94940110218714,848396,848443,long
-79.91210526672903,loss,76.61210526672977,76.61210526672977,848948,848950,long
57.75181503588256,win,61.05181503588178,61.05181503588178,849500,849505,long
63.854631572288966,win,67.15463157228868,67.15463157228868,850052,850057,short
54.30581536840391,win,57.60581536840425,57.60581536840425,850604,850616,long
53.023947596833935,win,56.32394759683338,56.32394759683338,851144,851163,short
-62.542281166236805,loss,59.2422811662358,59.2422811662358,852512,852525,long
12.899999999998908,win,70.89004707336586,70.89004707336586,852788,852835,long
14.399999999999817,win,55.451818890111575,55.451818890111575,854444,854491,long
-78.3010171277745,loss,75.00101712777503,75.00101712777503,854720,854733,short
-71.90971583000037,loss,68.60971583000138,68.60971583000138,856088,856130,short
33.899999999998,win,59.40204965054996,59.40204965054996,857996,858043,long
-29.799999999998636,loss,66.22168687257192,66.22168687257192,858824,858871,short
-10.100000000000637,loss,62.350800235304256,62.350800235304256,859916,859963,short
52.49567217018621,win,55.795672170187096,55.795672170187096,860732,860739,short
-15.300000000000455,loss,48.68892720979898,48.68892720979898,861284,861331,short
60.115263802601206,win,63.41526380260042,63.41526380260042,861560,861580,long
-44.915169541737484,loss,41.61516954173756,41.61516954173756,863438,863453,long
-52.388731828028355,loss,49.08873182802902,49.08873182802902,863990,864002,long
42.01395196922404,win,45.313951969224114,45.313951969224114,864266,864267,short
46.48579268019985,win,49.78579268020078,49.78579268020078,865082,865088,short
-50.22770633740565,loss,46.92770633740503,46.92770633740503,865358,865377,long
-7.7000000000005455,loss,58.26146943479955,58.26146943479955,866174,866221,short
18.500000000000636,win,51.3103140750635,51.3103140750635,866726,866773,long
-11.299999999999546,loss,43.884420023947015,43.884420023947015,867512,867559,short
-7.1999999999987265,loss,50.755071795092235,50.755071795092235,868064,868111,short
-27.89999999999809,loss,48.98828314556948,48.98828314556948,871046,871093,long
26.400000000000272,win,44.78682415828891,44.78682415828891,871862,871909,long
-7.89999999999809,loss,57.56558733324882,57.56558733324882,872954,873001,long
24.00000000000018,win,51.4080331712154,51.4080331712154,874874,874921,short
-18.000000000000274,loss,41.1241640060965,41.1241640060965,875150,875197,long
-5.8,loss,44.7381090348348,44.7381090348348,875690,875737,short
0.6000000000010006,win,44.352123653437204,44.352123653437204,875966,876013,short
-18.799999999999546,loss,38.69412435187514,38.69412435187514,880070,880117,long
9.899999999999363,win,37.755499594350326,37.755499594350326,881162,881209,long
-39.965071856500614,loss,36.665071856500724,36.665071856500724,884696,884739,long
31.252034396458566,win,34.55203439645919,34.55203439645919,886880,886882,short
29.499999999999726,win,49.03640909496971,49.03640909496971,887696,887743,short
53.23092126620095,win,56.53092126620171,56.53092126620171,890168,890181,long
54.86058593943808,win,58.1605859394382,58.1605859394382,890984,890996,long
-58.14160546789553,loss,54.84160546789445,54.84160546789445,891536,891545,long
38.40023074062783,win,41.70023074062682,41.70023074062682,895674,895690,short
-6.900000000001273,loss,50.439631489020464,50.439631489020464,896225,896272,long
-15.000000000000728,loss,45.841109738839485,45.841109738839485,896777,896824,long
-45.36526432820965,loss,42.065264328210695,42.065264328210695,897604,897629,long
12.499999999999272,win,45.92912515458515,45.92912515458515,898914,898961,long
57.28289845886975,win,60.582898458871654,60.582898458871654,899742,899751,long
-6.400000000001728,loss,97.76346512584517,97.76346512584517,900017,900064,short
-45.8,loss,65.05329734688277,65.05329734688277,900293,900340,short
59.1205486477149,win,62.42054864771519,62.42054864771519,901121,901122,short
38.28476268928098,win,41.58476268928126,41.58476268928126,901396,901406,short
-59.553845522426215,loss,56.253845522426936,56.253845522426936,902224,902236,long
-43.49626852416422,loss,40.19626852416423,40.19626852416423,903051,903061,long
-60.19370000925919,loss,56.89370000926015,56.89370000926015,905532,905561,short
-58.05493934965243,loss,54.7549393496525,54.7549393496525,907463,907468,long
53.0399569514786,win,56.33995695147773,56.33995695147773,907984,907985,short
-7.89999999999809,loss,52.49949550873803,52.49949550873803,908260,908307,short
-63.187741800803266,loss,59.88774180080277,59.88774180080277,911294,911302,long
-1.600000000001546,loss,50.89769550280574,50.89769550280574,911570,911617,short
-44.56548448488847,loss,41.26548448488823,41.26548448488823,911845,911854,short
19.99999999999927,win,52.291810750180545,52.291810750180545,913500,913547,short
-21.899999999999,loss,34.93919089041539,34.93919089041539,915678,915725,long
49.33466876799612,win,52.63466876799673,52.63466876799673,917057,917072,long
-60.64924669301563,loss,57.349246693013406,57.349246693013406,917332,917354,long
10.399999999998908,win,74.24012018240578,74.24012018240578,917608,917655,long
-67.53938334033664,loss,64.23938334033639,64.23938334033639,917884,917909,long
63.819758846565676,win,67.11975884656485,67.11975884656485,918436,918436,long
57.42245571412623,win,60.72245571412811,60.72245571412811,918999,919005,short
36.04065095972528,win,39.340650959725075,39.340650959725075,919275,919277,long
-51.633823569996636,loss,48.33382356999589,48.33382356999589,919551,919554,short
41.97933528175709,win,45.27933528175561,45.27933528175561,921207,921212,short
21.600000000002364,win,41.27759232427929,41.27759232427929,922035,922082,long
61.222174150079084,win,64.52217415007878,64.52217415007878,922310,922355,long
-33.199999999997814,loss,98.38952888412793,98.38952888412793,923678,923725,long
68.80000000000037,win,113.77028902744577,113.77028902744577,924505,924552,short
-137.03314848763586,loss,133.73314848763675,133.73314848763675,925057,925060,long
-43.199999999997814,loss,80.51598172705016,80.51598172705016,926160,926207,long
-77.44341491922187,loss,74.14341491922163,74.14341491922163,926436,926483,long
76.28642816836346,win,79.58642816836306,79.58642816836306,926711,926736,short
21.599999999997817,win,92.01138934431644,92.01138934431644,927539,927586,long
46.59999999999782,win,75.32134711412607,75.32134711412607,928366,928413,short
-66.32937300023131,loss,63.02937300023226,63.02937300023226,928642,928659,long
-84.3080285694903,loss,81.0080285694895,81.0080285694895,928918,928941,short
-65.35891024755601,loss,62.05891024755588,62.05891024755588,929469,929475,long
66.28019154577869,win,69.5801915457777,69.5801915457777,930297,930332,long
-18.100000000000183,loss,73.48221456172153,73.48221456172153,930573,930620,long
-16.399999999999455,loss,64.05924223900303,64.05924223900303,930848,930895,short
80.26113490278858,win,83.56113490278648,83.56113490278648,931400,931409,long
70.87868894324784,win,74.17868894324963,74.17868894324963,931952,931978,long
76.56029149425576,win,79.86029149425725,79.86029149425725,932779,932807,short
88.87452999382658,win,92.17452999382772,92.17452999382772,933055,933072,short
-3.5999999999974532,loss,42.26855999564729,42.26855999564729,933606,933653,long
21.400000000002546,win,57.9607066214756,57.9607066214756,934128,934175,short
75.18810151993348,win,78.48810151993386,78.48810151993386,934680,934716,short
62.155540618859234,win,65.45554061886111,65.45554061886111,934955,934966,long
-14.80000000000091,loss,73.3097468270491,73.3097468270491,935231,935278,short
-0.29999999999818083,loss,69.55792329031094,69.55792329031094,935507,935554,long
-19.399999999996727,loss,66.48756346011186,66.48756346011186,935783,935830,long
-97.04650313629445,loss,93.74650313629361,93.74650313629361,936059,936069,short
-81.29352967175309,loss,77.99352967175172,77.99352967175172,936886,936910,long
-46.100000000002,loss,81.73357512916363,81.73357512916363,937162,937209,short
60.55540258490437,win,63.85540258490288,63.85540258490288,937438,937454,long
-56.29352716356679,loss,52.993527163568345,52.993527163568345,937713,937725,short
63.74016564159702,win,67.04016564159708,67.04016564159708,938512,938540,long
74.45735521885963,win,77.75735521885878,77.75735521885878,938788,938802,short
10.50000000000109,win,61.62212619427196,61.62212619427196,939614,939661,short
-18.400000000002183,loss,58.42566097010324,58.42566097010324,939890,939937,long
-60.500290531714015,loss,57.20029053171328,57.20029053171328,940993,941002,long
70.79407326701512,win,74.09407326701462,74.09407326701462,941515,941547,long
-46.70000000000145,loss,63.918147942589734,63.918147942589734,941790,941837,short
-53.05990440780606,loss,49.75990440780551,49.75990440780551,942342,942358,long
-35.20000000000054,loss,80.72973603186071,80.72973603186071,942618,942665,long
52.32036747775892,win,55.62036747775961,55.62036747775961,943169,943177,long
49.300000000002186,win,67.13279699422127,67.13279699422127,943445,943492,long
62.581471944558146,win,65.88147194456002,65.88147194456002,944273,944285,short
-66.58050798530512,loss,63.280507985306635,63.280507985306635,944548,944555,short
-70.01167609368694,loss,66.71167609368544,66.71167609368544,945100,945112,long
75.25243587403948,win,78.5524358740415,78.5524358740415,945376,945393,short
8.200000000000909,win,60.33355724106127,60.33355724106127,945652,945699,long
-52.800000000002726,loss,127.23470748580266,127.23470748580266,947306,947353,short
-4.000000000001637,loss,92.49115246214404,92.49115246214404,947582,947629,short
70.22759646974846,win,73.5275964697476,73.5275964697476,948134,948160,long
55.82310060637083,win,59.12310060637257,59.12310060637257,948685,948687,long
-34.499999999998906,loss,80.34712956996205,80.34712956996205,949237,949284,short
76.20898852975115,win,79.50898852975132,79.50898852975132,949789,949807,long
-14.400000000001274,loss,77.78156622145906,77.78156622145906,950892,950939,short
5.900000000000728,win,81.19936661903658,81.19936661903658,951168,951215,long
54.1350704593644,win,57.43507045936513,57.43507045936513,951995,951999,short
-19.500000000003457,loss,59.50840266817601,59.50840266817601,952271,952318,long
66.02102232028228,win,69.32102232028409,69.32102232028409,952547,952564,short
-80.56695998587729,loss,77.26695998587554,77.26695998587554,954999,955002,long
1.1000000000005459,win,62.25205609391169,62.25205609391169,955275,955322,long
-33.10000000000018,loss,69.65475289112317,69.65475289112317,955826,955873,short
-11.500000000001638,loss,69.52780236810993,69.52780236810993,956378,956425,long
-19.400000000001274,loss,77.235792456985,77.235792456985,956654,956701,long
63.592526598671796,win,66.89252659867306,66.89252659867306,957205,957207,long
19.599999999999635,win,85.59400124941516,85.59400124941516,957757,957804,long
-25.8,loss,79.62067104082583,79.62067104082583,958033,958080,short
-67.6119436720508,loss,64.31194367205156,64.31194367205156,958308,958320,short
80.20591403088402,win,83.5059140308844,83.5059140308844,958584,958593,long
-92.77429303105764,loss,89.47429303105739,89.47429303105739,959963,960009,short
-74.4841594075804,loss,71.18415940758003,71.18415940758003,960515,960528,long
-30.099999999998364,loss,56.78744367483772,56.78744367483772,960791,960838,long
-33.800000000001816,loss,63.13806608348992,63.13806608348992,961342,961389,long
-71.43523093735966,loss,68.13523093736181,68.13523093736181,961894,961900,long
54.771606812695794,win,58.07160681269424,58.07160681269424,962170,962204,long
55.84062237048256,win,59.1406223704848,59.1406223704848,962721,962730,long
83.16953689431939,win,86.4695368943204,86.4695368943204,962997,963021,short
62.07880546982251,win,65.37880546982146,65.37880546982146,963273,963302,long
47.09999999999964,win,60.87755089458197,60.87755089458197,964112,964159,long
-76.80150251349987,loss,73.50150251349928,73.50150251349928,964664,964688,short
52.300000000004005,win,113.9231349708151,113.9231349708151,965756,965803,short
-73.25497543249257,loss,69.95497543249105,69.95497543249105,966032,966057,long
-19.400000000001274,loss,70.84666455828469,70.84666455828469,966308,966355,short
-81.33651828293823,loss,78.03651828293984,78.03651828293984,966583,966623,short
77.66174391928344,win,80.96174391928544,80.96174391928544,966859,966862,short
-15.899999999997636,loss,54.81901790214947,54.81901790214947,967962,968009,long
64.35271219751412,win,67.65271219751313,67.65271219751313,968238,968283,long
-20.00000000000073,loss,60.457038405090955,60.457038405090955,968514,968561,long
62.60845332160825,win,65.90845332161041,65.90845332161041,968790,968800,long
3.800000000000364,win,73.27039043590626,73.27039043590626,969066,969113,long
100.4311320401841,win,103.73113204018345,103.73113204018345,969341,969356,short
-64.63784478866346,loss,61.33784478866167,61.33784478866167,970415,970432,long
-66.5176488033565,loss,63.21764880335813,63.21764880335813,972043,972069,long
-8.399999999997636,loss,59.75583609297993,59.75583609297993,972319,972366,long
15.900000000000727,win,69.28691841845475,69.28691841845475,972595,972642,long
36.10000000000055,win,77.06123993026128,77.06123993026128,972871,972918,short
58.73072312788209,win,62.030723127881885,62.030723127881885,973147,973157,short
-27.299999999996363,loss,59.93986730992766,59.93986730992766,974526,974573,long
-62.357721483027305,loss,59.05772148302914,59.05772148302914,975855,975871,short
-25.699999999997818,loss,50.1688655003169,50.1688655003169,976131,976178,long
-63.836021930684,loss,60.53602193068344,60.53602193068344,976395,976402,long
14.700000000001818,win,57.09303077720399,57.09303077720399,976671,976718,short
-19.80000000000091,loss,71.8781043382089,71.8781043382089,977222,977269,long
-60.10987363807162,loss,56.809873638072425,56.809873638072425,977498,977503,long
-93.3787093588633,loss,90.07870935886233,90.07870935886233,978050,978067,long
-11.900000000001274,loss,66.33616739276717,66.33616739276717,978325,978372,short
-50.29999999999818,loss,65.59491510275312,65.59491510275312,979153,979200,long
-8.400000000002183,loss,59.362987226165636,59.362987226165636,979950,979997,long
-15.100000000002911,loss,60.69874399042336,60.69874399042336,980778,980825,long
-75.69105397259663,loss,72.39105397259482,72.39105397259482,981053,981096,short
43.32738805861864,win,46.62738805861842,46.62738805861842,981329,981350,long
55.30704645338956,win,58.60704645339141,58.60704645339141,981881,981897,long
32.39999999999709,win,70.02478430057748,70.02478430057748,982708,982755,long
-80.01493140467646,loss,76.71493140467435,76.71493140467435,982984,982999,long
-75.14549665884788,loss,71.8454966588479,71.8454966588479,983260,983297,short
60.19999999999909,win,67.62196516922585,67.62196516922585,983811,983858,long
95.60910137261926,win,98.90910137261987,98.90910137261987,984915,984923,short
-7.599999999998363,loss,45.413717671905765,45.413717671905765,985190,985237,long
1.7000000000000002,win,53.96545222174609,53.96545222174609,985436,985483,long
-106.9026807936878,loss,103.60268079368701,103.60268079368701,986815,986826,short
-93.0422927707612,loss,89.74229277076248,89.74229277076248,987367,987381,short
77.80065953322647,win,81.10065953322676,81.10065953322676,987643,987660,short
-66.5764726013147,loss,63.27647260131696,63.27647260131696,987918,987952,long
19.300000000002182,win,81.72436443709888,81.72436443709888,988194,988241,long
71.40879404936113,win,74.70879404936103,74.70879404936103,989309,989316,short
-18.3,loss,57.470116333794245,57.470116333794245,989585,989632,long
-34.20000000000145,loss,66.32350891326877,66.32350891326877,989861,989908,long
78.84844520742645,win,82.14844520742597,82.14844520742597,990137,990182,long
-64.74184069819857,loss,61.441840698200124,61.441840698200124,990965,990972,long
-77.13942842741817,loss,73.83942842741854,73.83942842741854,991793,991833,short
70.70463379915437,win,74.0046337991559,74.0046337991559,992897,992914,long
-82.77653824648569,loss,79.47653824648367,79.47653824648367,993173,993192,long
85.1124209552192,win,88.4124209552176,88.4124209552176,993437,993465,long
27.099999999999635,win,172.0956870547724,172.0956870547724,994265,994312,short
-148.1000000000002,loss,224.03381366574612,224.03381366574612,994541,994588,short
185.9174319415062,win,189.21743194150397,189.21743194150397,994816,994828,short
-110.62911656022679,loss,107.3291165602251,107.3291165602251,995092,995099,long
-142.29441680744532,loss,138.99441680744755,138.99441680744755,995368,995385,long
146.21298069681797,win,149.51298069681627,149.51298069681627,995644,995676,long
-135.94983229636074,loss,132.64983229635874,132.64983229635874,995920,995929,long
-116.25680492335123,loss,112.95680492335238,112.95680492335238,996195,996207,short
114.95038075646262,win,118.2503807564635,118.2503807564635,996747,996776,long
-137.03560272929354,loss,133.73560272929515,133.73560272929515,997023,997028,short
-127.4166512644395,loss,124.11665126443853,124.11665126443853,997299,997307,long
-210.41610130215378,loss,207.11610130215504,207.11610130215504,997851,997860,short
122.08966387530309,win,125.3896638753015,125.3896638753015,998127,998172,long
-129.1501751186168,loss,125.85017511861854,125.85017511861854,998403,998428,short
-113.84521613929864,loss,110.54521613929691,110.54521613929691,998954,998961,short
-120.89999999999763,loss,134.030531373292,134.030531373292,999506,999553,short
97.80692332126746,win,101.10692332126614,101.10692332126614,1000057,1000090,long
101.27415634728932,win,104.57415634728812,104.57415634728812,1000333,1000340,long
-107.20866768350861,loss,103.90866768350666,103.90866768350666,1000609,1000634,short
134.19571788926913,win,137.49571788926696,137.49571788926696,1000885,1000887,short
-102.76751304844383,loss,99.46751304844298,99.46751304844298,1001161,1001198,long
127.87876315692684,win,131.17876315692467,131.17876315692467,1001436,1001440,short
-105.10526707104036,loss,101.80526707104161,101.80526707104161,1001712,1001729,long
121.3869483400269,win,124.6869483400265,124.6869483400265,1001988,1002024,short
108.34550189115289,win,111.64550189115417,111.64550189115417,1002264,1002308,long
-95.09999999999836,loss,128.511192003415,128.511192003415,1002540,1002587,short
104.89006203469144,win,108.19006203469044,108.19006203469044,1003091,1003120,long
97.0228196884129,win,100.32281968841426,100.32281968841426,1003367,1003404,long
41.399999999998,win,125.23320294603114,125.23320294603114,1003643,1003690,short
-12.700000000000546,loss,119.7012518405781,119.7012518405781,1003919,1003966,long
-56.88837630011294,loss,53.58837630011519,53.58837630011519,1004194,1004202,short
-94.07593456908744,loss,90.77593456908774,90.77593456908774,1004440,1004457,short
-53.000000000002544,loss,91.85206841121698,91.85206841121698,1004992,1005039,long
-65.89999999999763,loss,114.38687379659953,114.38687379659953,1005268,1005315,short
67.60000000000146,win,91.80656668582967,91.80656668582967,1005543,1005590,long
-25.499999999998,loss,86.80184843628348,86.80184843628348,1005819,1005866,short
92.32052435586793,win,95.62052435586853,95.62052435586853,1006095,1006120,long
-152.24990939248147,loss,148.9499093924806,148.9499093924806,1006371,1006411,short
116.61612873493068,win,119.9161287349298,119.9161287349298,1006647,1006672,short
68.8804180044137,win,72.18041800441343,72.18041800441343,1006922,1006931,long
20.300000000001273,win,110.57155289836778,110.57155289836778,1007750,1007797,long
107.10546448505211,win,110.40546448505293,110.40546448505293,1008026,1008059,long
96.22649228757764,win,99.52649228757618,99.52649228757618,1008301,1008319,short
-105.44773152472389,loss,102.14773152472527,102.14773152472527,1009926,1009969,short
36.30000000000037,win,101.34547056101007,101.34547056101007,1010754,1010801,short
66.35351266079779,win,69.653512660798,69.653512660798,1011029,1011039,long
-25.699999999997818,loss,76.92142316630006,76.92142316630006,1011305,1011352,long
-10.600000000000183,loss,86.0217177004381,86.0217177004381,1011857,1011904,short
-88.16704302820271,loss,84.86704302820166,84.86704302820166,1012635,1012648,short
-83.43611328648039,loss,80.13611328647904,80.13611328647904,1013463,1013477,long
7.199999999997272,win,71.38047698328614,71.38047698328614,1013738,1013785,short
-19.29999999999909,loss,87.17593266280471,87.17593266280471,1014014,1014061,short
33.60000000000055,win,157.83237135985442,157.83237135985442,1014290,1014337,long
-64.02993447134195,loss,60.729934471341856,60.729934471341856,1015117,1015133,long
46.500000000000185,win,78.23122490697881,78.23122490697881,1015393,1015440,long
74.73774410949245,win,78.03774410949028,78.03774410949028,1015669,1015669,short
16.899999999999817,win,70.45985089716966,70.45985089716966,1015945,1015992,short
-80.52276939429775,loss,77.22276939429555,77.22276939429555,1016221,1016241,short
-80.32627268284686,loss,77.02627268284483,77.02627268284483,1017048,1017058,short
-48.10000000000018,loss,75.52531391697157,75.52531391697157,1017324,1017371,long
100.61945029898125,win,103.9194502989798,103.9194502989798,1017600,1017643,long
85.54176589555864,win,88.84176589556039,88.84176589556039,1018703,1018747,long
-84.21453343169178,loss,80.91453343169114,80.91453343169114,1019254,1019274,short
54.605244400608356,win,57.90524440060677,57.90524440060677,1021185,1021206,long
49.79999999999946,win,89.24140686046009,89.24140686046009,1021737,1021784,long
-63.761798815767904,loss,60.46179881576638,60.46179881576638,1022288,1022312,long
57.84863300434081,win,61.14863300434114,61.14863300434114,1023116,1023162,long
53.35119531709934,win,56.65119531709909,56.65119531709909,1023391,1023422,long
101.58761569223698,win,104.88761569223745,104.88761569223745,1023637,1023667,long
87.71122415139344,win,91.01122415139145,91.01122415139145,1023913,1023925,long
24.500000000002,win,119.13030560112844,119.13030560112844,1024465,1024512,long
-31.199999999999637,loss,85.87957505909486,85.87957505909486,1024740,1024787,long
-83.98861041708714,loss,80.68861041708739,80.68861041708739,1025292,1025335,long
0.9000000000007278,win,72.0387218715293,72.0387218715293,1026119,1026166,long
-56.500000000001634,loss,97.8072210915013,97.8072210915013,1026947,1026994,short
73.26533406529434,win,76.56533406529306,76.56533406529306,1027223,1027244,long
78.77309415697182,win,82.07309415696987,82.07309415696987,1027498,1027517,long
-92.50823133009435,loss,89.20823133009367,89.20823133009367,1027774,1027781,long
92.78305275947714,win,96.08305275947619,96.08305275947619,1028050,1028074,short
-100.78041544871739,loss,97.48041544871616,97.48041544871616,1028602,1028644,long
-19.699999999998727,loss,105.61507644930138,105.61507644930138,1028877,1028924,long
-155.92765645641595,loss,152.62765645641807,152.62765645641807,1029705,1029709,short
-117.27383770367469,loss,113.97383770367637,113.97383770367637,1029981,1030003,long
-122.1856236836591,loss,118.88562368365956,118.88562368365956,1030256,1030258,long
111.02966443029727,win,114.32966443029608,114.32966443029608,1030808,1030814,long
155.83142935281484,win,159.1314293528167,159.1314293528167,1031084,1031090,short
-188.04782847533335,loss,184.7478284753339,184.7478284753339,1031360,1031363,long
103.05938775765681,win,106.35938775765929,106.35938775765929,1031635,1031637,long
158.46813200869218,win,161.76813200868912,161.76813200868912,1031911,1031921,long
168.68218207052377,win,171.98218207052824,171.98218207052824,1032187,1032226,long
136.24106231107288,win,139.54106231106852,139.54106231106852,1032463,1032466,long
332.90155644763144,win,336.2015564476304,336.2015564476304,1032739,1032748,short
181.9873468098096,win,185.28734680980898,185.28734680980898,1033014,1033056,long
351.8149183887446,win,355.11491838874895,355.11491838874895,1033290,1033297,short
-320.115870455207,loss,316.81587045520797,316.81587045520797,1033566,1033588,short
-179.2758959980809,loss,175.97589599807804,175.97589599807804,1033842,1033885,long
190.05377711549426,win,193.35377711549611,193.35377711549611,1034405,1034451,short
55.999999999998366,win,155.31127455115703,155.31127455115703,1034681,1034728,short
-135.50017331015698,loss,132.2001733101572,132.2001733101572,1034957,1034969,long
169.08132706310806,win,172.3813270631081,172.3813270631081,1035233,1035257,long
-176.87910613797231,loss,173.57910613797037,173.57910613797037,1035509,1035517,short
16.300000000000363,win,150.34214022725317,150.34214022725317,1035773,1035820,long
152.19987804408373,win,155.49987804408474,155.49987804408474,1036049,1036060,short
-28.100000000000183,loss,124.14112055629265,124.14112055629265,1036325,1036372,long
-140.88295287479542,loss,137.58295287479572,137.58295287479572,1036877,1036880,long
105.29981670838352,win,108.59981670838745,108.59981670838745,1037152,1037167,long
150.8287554298833,win,154.12875542988309,154.12875542988309,1037704,1037721,long
235.4730787614646,win,238.77307876146608,238.77307876146608,1038256,1038272,short
148.76911107967697,win,152.0691110796759,152.0691110796759,1038531,1038560,short
24.299999999997635,win,177.15628603446595,177.15628603446595,1038807,1038854,long
-225.13304589960245,loss,221.83304589960306,221.83304589960306,1039359,1039372,short
-170.90496775386856,loss,167.60496775386812,167.60496775386812,1039635,1039638,long
102.20843860797613,win,105.50843860797721,105.50843860797721,1039910,1039929,long
-34.39999999999672,loss,115.13143128383257,115.13143128383257,1040462,1040509,long
103.26631088583709,win,106.56631088584138,106.56631088584138,1040972,1040984,long
-155.3819874814606,loss,152.08198748146145,152.08198748146145,1041497,1041532,short
-5.10000000000291,loss,124.85418829357629,124.85418829357629,1042872,1042919,long
24.299999999993087,win,135.05619443736057,135.05619443736057,1043424,1043471,long
75.20000000000364,win,158.87448438530762,158.87448438530762,1044527,1044574,long
-154.13200135808512,loss,150.83200135808895,150.83200135808895,1044803,1044804,long
-4.899999999998545,loss,118.47632967586797,118.47632967586797,1045354,1045401,long
144.04627494870437,win,147.346274948702,147.346274948702,1045630,1045654,long
-142.80456282567758,loss,139.5045628256817,139.5045628256817,1046134,1046138,long
262.22423234502384,win,265.5242323450244,265.5242323450244,1046409,1046417,short
-173.84481719360411,loss,170.54481719360737,170.54481719360737,1046685,1046716,long
155.04772379749664,win,158.34772379749467,158.34772379749467,1046961,1046997,short
24.99999999999927,win,155.16379093990395,155.16379093990395,1047500,1047547,long
48.80000000000037,win,133.0441588056968,133.0441588056968,1047776,1047823,long
157.62269156280053,win,160.9226915628003,160.9226915628003,1048052,1048065,short
-154.2103221923124,loss,150.9103221923145,150.9103221923145,1048604,1048614,long
-154.7039579832297,loss,151.40395798322723,151.40395798322723,1048879,1048896,long
-169.99293487695542,loss,166.69293487695336,166.69293487695336,1049155,1049166,long
155.90363993124737,win,159.20363993124545,159.20363993124545,1049431,1049451,long
-140.27439855003723,loss,136.97439855003404,136.97439855003404,1049707,1049719,short
74.800000000004,win,219.9441096964826,219.9441096964826,1049983,1050030,short
68.60653882988045,win,71.9065388298804,71.9065388298804,1050258,1050274,long
29.299999999993087,win,160.66870136435946,160.66870136435946,1050504,1050551,long
-268.3982023283996,loss,265.0982023284002,265.0982023284002,1050780,1050786,long
157.18392053585302,win,160.48392053585138,160.48392053585138,1051056,1051062,long
-177.4390559734009,loss,174.1390559734024,174.1390559734024,1051332,1051343,long
-229.41532534776417,loss,226.11532534776347,226.11532534776347,1051607,1051627,long
213.32964605875458,win,216.6296460587525,216.6296460587525,1051883,1051919,long
-280.0127854374303,loss,276.7127854374316,276.7127854374316,1052159,1052178,long
-926.4814091589512,loss,923.1814091589507,923.1814091589507,1052435,1052440,short
738.5338624226908,win,741.8338624226951,741.8338624226951,1052711,1052713,short
130.90000000000072,win,769.7426282576532,769.7426282576532,1052986,1053033,short
-373.2742218335541,loss,369.97422183355667,369.97422183355667,1053262,1053270,long
-339.89999999999856,loss,545.2942906822581,545.2942906822581,1053538,1053585,short
513.2740913612718,win,516.5740913612706,516.5740913612706,1053814,1053844,short
-21.700000000001456,loss,336.6257314419673,336.6257314419673,1054090,1054137,long
-216.2627099645859,loss,212.96270996458725,212.96270996458725,1054365,1054375,long
-71.30000000000182,loss,249.05300287968922,249.05300287968922,1054641,1054688,short
113.19999999999636,win,278.6064882780837,278.6064882780837,1054917,1054964,long
390.7098305349147,win,394.0098305349142,394.0098305349142,1055193,1055208,short
273.4244550288615,win,276.7244550288654,276.7244550288654,1055469,1055494,long
-118.98090391309852,loss,115.68090391309894,115.68090391309894,1055744,1055778,short
-292.338863270589,loss,289.03886327058603,289.03886327058603,1055990,1056013,short
-163.42793986846192,loss,160.1279398684642,160.1279398684642,1056266,1056284,long
-189.94166681557618,loss,186.64166681557592,186.64166681557592,1056542,1056559,long
246.61630940627145,win,249.91630940626783,249.91630940626783,1056818,1056865,long
193.74228315717954,win,197.0422831571769,197.0422831571769,1057093,1057136,long
-214.92321616685405,loss,211.62321616685327,211.62321616685327,1057369,1057373,short
-165.03006250694017,loss,161.73006250693936,161.73006250693936,1057645,1057670,long
214.5140707408238,win,217.81407074082048,217.81407074082048,1058197,1058224,long
-412.82954956000214,loss,409.52954955999843,409.52954955999843,1058472,1058498,short
91.19999999999818,win,554.7554619395102,554.7554619395102,1058748,1058795,short
-287.1421891578855,loss,283.8421891578812,283.8421891578812,1059024,1059028,long
11.100000000005092,win,321.19183788374175,321.19183788374175,1059300,1059347,short
298.9735199732415,win,302.2735199732431,302.2735199732431,1059576,1059602,long
-219.83865707750812,loss,216.53865707750705,216.53865707750705,1059863,1059886,short
-177.12108332381905,loss,173.82108332382288,173.82108332382288,1060139,1060154,long
184.06875915335985,win,187.36875915335563,187.36875915335563,1060691,1060702,short
237.98541462151587,win,241.28541462151253,241.28541462151253,1060967,1061000,short
-192.2964092056198,loss,188.9964092056214,188.9964092056214,1061242,1061260,short
214.38484204190826,win,217.68484204191188,217.68484204191188,1061794,1061816,short
-484.9732082178078,loss,481.6732082178112,481.6732082178112,1062070,1062094,short
368.7920676683181,win,372.09206766832256,372.09206766832256,1062346,1062362,short
-625.5188014708626,loss,622.2188014708613,622.2188014708613,1062621,1062628,short
-237.73868101045156,loss,234.4386810104506,234.4386810104506,1063173,1063196,long
323.4112074934812,win,326.711207493485,326.711207493485,1063449,1063485,short
-278.9801959031691,loss,275.68019590317044,275.68019590317044,1063725,1063730,long
-244.43817201566236,loss,241.1381720156662,241.1381720156662,1063988,1064002,long
243.50379494437146,win,246.80379494436906,246.80379494436906,1064264,1064272,long
-236.46708817242217,loss,233.16708817242287,233.16708817242287,1064540,1064564,long
-116.00000000000436,loss,327.232973380869,327.232973380869,1064816,1064863,short
-221.0127406687305,loss,217.71274066873153,217.71274066873153,1065092,1065106,long
-202.22181900512697,loss,198.92181900513108,198.92181900513108,1065920,1065950,long
169.74961269755948,win,173.04961269756348,173.04961269756348,1066471,1066476,long
170.76992963524316,win,174.069929635239,174.069929635239,1066747,1066760,long
54.79999999999491,win,153.41608032863954,153.41608032863954,1067023,1067070,short
-131.89999999999674,loss,221.1793935405798,221.1793935405798,1067575,1067622,long
162.97932770868027,win,166.27932770868432,166.27932770868432,1067850,1067886,long
193.15800641710592,win,196.458006417102,196.458006417102,1068126,1068131,short
-161.65769291590624,loss,158.35769291591035,158.35769291591035,1068678,1068688,short
-106.19999999999963,loss,169.76081952516412,169.76081952516412,1068954,1069001,long
-138.20108708536355,loss,134.90108708536562,134.90108708536562,1069229,1069247,short
-91.30000000000182,loss,208.87812204838477,208.87812204838477,1069505,1069552,short
-170.2454487294479,loss,166.94544872945121,166.94544872945121,1069781,1069782,short
14.099999999997817,win,164.35004038932848,164.35004038932848,1070057,1070104,long
34.39999999999527,win,236.32137429423295,236.32137429423295,1070608,1070655,short
-136.78170152929926,loss,133.48170152930342,133.48170152930342,1070884,1070890,long
48.50000000000291,win,177.3269422875409,177.3269422875409,1071160,1071207,long
-169.57105067140293,loss,166.27105067139854,166.27105067139854,1071436,1071439,long
175.9465948753397,win,179.2465948753391,179.2465948753391,1071712,1071736,long
-164.60870747977498,loss,161.30870747977616,161.30870747977616,1071987,1071995,long
-203.7147570564601,loss,200.41475705645988,200.41475705645988,1072263,1072292,short
-144.87721484089053,loss,141.57721484088884,141.57721484088884,1072539,1072544,short
-209.82967412420368,loss,206.52967412420134,206.52967412420134,1073091,1073107,short
208.23484582573582,win,211.5348458257343,211.5348458257343,1073642,1073682,short
183.0257518269711,win,186.32575182697298,186.32575182697298,1073918,1073961,long
-167.36511705801678,loss,164.06511705802126,164.06511705802126,1074194,1074208,short
133.7705204056685,win,137.07052040567115,137.07052040567115,1074470,1074512,short
76.52584913544088,win,79.82584913544456,79.82584913544456,1074745,1074789,long
130.34363061463335,win,133.64363061463388,133.64363061463388,1074991,1075014,short
-199.37287799023653,loss,196.07287799024002,196.07287799024002,1075267,1075295,short
193.5419091490432,win,196.84190914904167,196.84190914904167,1075543,1075547,long
-198.1148315222079,loss,194.81483152221048,194.81483152221048,1075819,1075842,long
-169.3655212027814,loss,166.06552120277814,166.06552120277814,1076094,1076114,short
-23.3,loss,154.4367031556169,154.4367031556169,1076646,1076693,short
28.400000000000727,win,154.5577015496006,154.5577015496006,1076922,1076969,long
209.14872164081243,win,212.4487216408102,212.4487216408102,1077198,1077237,short
214.9975433523643,win,218.29754335236805,218.29754335236805,1077749,1077756,short
275.1448335744764,win,278.444833574476,278.444833574476,1078025,1078046,short
209.78778824142336,win,213.08778824142502,213.08778824142502,1078301,1078319,long
-144.905334413689,loss,141.60533441369188,141.60533441369188,1078852,1078856,long
-13.099999999995635,loss,131.91554458394165,131.91554458394165,1079128,1079175,long
130.74733637241405,win,134.04733637241202,134.04733637241202,1079404,1079422,long
183.87572742059018,win,187.175727420587,187.175727420587,1079680,1079717,short
-132.74669315502325,loss,129.4466931550236,129.4466931550236,1079956,1079982,short
76.00000000000291,win,149.02652224183566,149.02652224183566,1080184,1080231,long
160.78416897001188,win,164.0841689700122,164.0841689700122,1080460,1080488,short
241.1766247071675,win,244.4766247071661,244.4766247071661,1080736,1080758,short
-149.70000000000329,loss,226.63719968204197,226.63719968204197,1081012,1081059,long
-175.6339290098329,loss,172.33392900983296,172.33392900983296,1081288,1081312,long
146.63040727243623,win,149.9304072724371,149.9304072724371,1081563,1081598,short
-207.3412205696839,loss,204.04122056968563,204.04122056968563,1082115,1082149,long
-199.62566461948046,loss,196.3256646194808,196.3256646194808,1082391,1082397,long
86.577339832683,win,89.87733983268545,89.87733983268545,1082667,1082677,long
-138.9872659724286,loss,135.68726597242608,135.68726597242608,1082895,1082918,short
144.6559985221749,win,147.9559985221781,147.9559985221781,1083171,1083207,short
-194.02007199788005,loss,190.72007199788194,190.72007199788194,1083447,1083455,short
-47.70000000000509,loss,127.29237477362614,127.29237477362614,1083723,1083770,long
153.37946028255755,win,156.67946028255713,156.67946028255713,1084274,1084280,short
-193.41519238770235,loss,190.1151923877031,190.1151923877031,1084550,1084582,long
166.47706391010541,win,169.77706391010557,169.77706391010557,1085102,1085105,short
-36.999999999998906,loss,170.4699232447823,170.4699232447823,1085378,1085425,long
115.75601060091158,win,119.05601060090937,119.05601060090937,1085929,1085958,long
-127.42072833351885,loss,124.12072833352171,124.12072833352171,1086205,1086211,long
-13.900000000004002,loss,149.24315739430486,149.24315739430486,1086481,1086528,short
-129.61145227484013,loss,126.31145227484126,126.31145227484126,1086757,1086766,long
123.35312272383744,win,126.65312272383879,126.65312272383879,1087308,1087327,short
-117.54045864063373,loss,114.24045864063405,114.24045864063405,1087584,1087594,short
33.50000000000291,win,181.62450005528788,181.62450005528788,1087860,1087907,long
-55.999999999999815,loss,126.34938253790581,126.34938253790581,1088136,1088183,short
-119.64282813826757,loss,116.3428281382691,116.3428281382691,1088411,1088447,short
134.16837550230792,win,137.46837550231157,137.46837550231157,1088687,1088699,long
189.62636777428014,win,192.92636777427774,192.92636777427774,1088963,1088986,long
27.700000000003637,win,194.24998216996718,194.24998216996718,1089515,1089562,long
