signal_bar,entry_bar,exit_bar,direction,entry_price,exit_price,outcome,pnl_pip,sl_pip,bars_held,bar_dt
9,10,12,long,1419.25,1420.4,win,8.200000000000909,80.0,2,2011-01-03 09:00:00
186,187,189,long,1386.1,1387.9,win,14.700000000001818,80.0,2,2011-01-12 19:00:00
296,297,299,long,1375.85,1378.15,win,19.70000000000182,80.0,2,2011-01-19 13:00:00
457,458,459,long,1344.35,1336.35,loss,-83.3,80.0,1,2011-01-28 17:00:00
505,506,510,long,1341.4,1341.5,loss,-2.3000000000009093,80.0,4,2011-02-01 18:00:00
553,554,557,long,1353.75,1355.1000000000001,win,10.200000000001364,80.0,3,2011-02-03 18:00:00
602,603,606,long,1350.4,1351.2,win,4.699999999999545,80.0,3,2011-02-07 20:00:00
670,671,673,long,1362.15,1363.7,win,12.199999999999545,80.0,2,2011-02-10 16:00:00
718,719,721,long,1364.25,1364.15,loss,-4.29999999999909,80.0,2,2011-02-14 17:00:00
766,767,777,long,1377.05,1377.0500000000002,loss,-3.299999999997726,80.0,10,2011-02-16 17:00:00
814,815,817,long,1387.65,1389.8000000000002,win,18.20000000000091,80.0,2,2011-02-18 17:00:00
875,876,878,long,1402.6,1403.95,win,10.200000000001364,80.0,2,2011-02-23 11:00:00
928,929,932,long,1409.7,1409.25,loss,-7.800000000000455,80.0,3,2011-02-25 16:00:00
976,977,979,long,1427.5,1430.3000000000002,win,24.70000000000182,80.0,2,2011-03-01 17:00:00
1040,1041,1043,long,1419.65,1419.6000000000001,loss,-3.799999999999545,80.0,2,2011-03-04 09:00:00
1089,1090,1092,long,1435.45,1435.9,win,1.200000000000455,80.0,2,2011-03-08 11:00:00
1167,1168,1170,long,1421.3,1423.25,win,16.200000000000454,80.0,2,2011-03-11 17:00:00
1278,1279,1281,long,1413.9,1416.3500000000001,win,21.200000000000454,80.0,2,2011-03-18 09:00:00
1349,1350,1352,long,1431.1,1433.25,win,18.20000000000091,80.0,2,2011-03-23 09:00:00
1400,1401,1404,long,1437.2,1437.15,loss,-3.799999999999545,80.0,3,2011-03-25 12:00:00
1473,1474,1475,long,1427.95,1419.95,loss,-83.3,80.0,1,2011-03-30 14:00:00
1540,1541,1544,long,1434.45,1437.3000000000002,win,25.200000000001364,80.0,3,2011-04-04 10:00:00
1590,1591,1593,long,1459.95,1460.2,loss,-0.7999999999999998,80.0,2,2011-04-06 12:00:00
1638,1639,1641,long,1471.45,1471.75,loss,-0.30000000000045457,80.0,2,2011-04-08 12:00:00
1687,1688,1689,long,1465.35,1457.35,loss,-83.3,80.0,1,2011-04-12 14:00:00
1736,1737,1739,long,1466.55,1469.3000000000002,win,24.200000000002273,80.0,2,2011-04-14 15:00:00
1786,1787,1789,long,1494.6,1496.3000000000002,win,13.700000000002728,80.0,2,2011-04-18 18:00:00
1873,1874,1878,long,1517.75,1517.5,loss,-5.8,80.0,4,2011-04-25 09:00:00
1927,1928,1931,long,1510.9,1514.1000000000001,win,28.700000000000454,80.0,3,2011-04-27 15:00:00
1975,1976,1979,long,1539.2,1548.8000000000002,win,92.70000000000137,80.0,3,2011-04-29 15:00:00
2040,2041,2043,long,1536.45,1537.45,win,6.7,80.0,2,2011-05-04 09:00:00
2123,2124,2126,long,1512.0,1513.0,win,6.7,80.0,2,2011-05-09 21:00:00
2207,2208,2211,long,1515.7,1507.7,loss,-83.3,80.0,3,2011-05-13 09:00:00
2326,2327,2330,long,1503.65,1495.65,loss,-83.3,80.0,3,2011-05-20 09:00:00
2374,2375,2377,long,1520.3,1522.65,win,20.200000000001364,80.0,2,2011-05-24 10:00:00
2445,2446,2451,long,1527.35,1530.0,win,23.20000000000091,80.0,5,2011-05-27 09:00:00
2517,2518,2520,long,1537.2,1543.3500000000001,win,58.20000000000091,80.0,2,2011-06-01 14:00:00
2566,2567,2569,long,1541.9,1542.1000000000001,loss,-1.299999999999545,80.0,2,2011-06-03 15:00:00
2660,2661,2663,long,1538.4,1539.1000000000001,win,3.700000000000455,80.0,2,2011-06-09 14:00:00
2756,2757,2758,long,1530.3,1522.3,loss,-83.3,80.0,1,2011-06-15 15:00:00
2804,2805,2807,long,1537.5,1541.4,win,35.70000000000091,80.0,2,2011-06-17 15:00:00
2852,2853,2855,long,1546.3,1546.0500000000002,loss,-5.799999999997726,80.0,2,2011-06-21 16:00:00
3081,3082,3084,long,1588.4,1590.9,win,21.7,80.0,2,2011-07-15 16:00:00
3152,3153,3155,long,1590.7,1599.5,win,84.69999999999955,80.0,2,2011-07-20 16:00:00
3200,3201,3208,long,1605.4,1622.75,win,170.19999999999908,80.0,7,2011-07-22 16:00:00
3249,3250,3252,long,1614.55,1617.95,win,30.70000000000091,80.0,2,2011-07-26 18:00:00
3317,3318,3320,long,1623.15,1631.5500000000002,win,80.70000000000091,80.0,2,2011-07-29 14:00:00
3366,3367,3369,long,1637.8,1643.3500000000001,win,52.20000000000182,80.0,2,2011-08-02 16:00:00
3432,3433,3435,long,1666.8,1666.75,loss,-3.799999999999545,80.0,2,2011-08-05 10:00:00
3480,3481,3482,long,1766.2,1758.2,loss,-83.3,80.0,1,2011-08-09 11:00:00
3581,3582,3584,long,1746.15,1761.0,win,145.19999999999908,80.0,2,2011-08-15 17:00:00
3631,3632,3638,long,1792.85,1784.85,loss,-83.3,80.0,6,2011-08-17 19:00:00
3699,3700,3702,long,1887.35,1890.4,win,27.20000000000182,80.0,2,2011-08-22 16:00:00
3798,3799,3801,long,1802.55,1822.1000000000001,win,192.2000000000018,80.0,2,2011-08-26 19:00:00
3846,3847,3849,long,1833.1,1838.8000000000002,win,53.70000000000273,80.0,2,2011-08-30 20:00:00
3907,3908,3910,long,1852.1,1854.25,win,18.20000000000091,80.0,2,2011-09-02 09:00:00
4002,4003,4003,long,1851.55,1843.55,loss,-83.3,80.0,0,2011-09-08 13:00:00
4080,4081,4081,long,1841.7,1833.7,loss,-83.3,80.0,0,2011-09-13 20:00:00
4485,4486,4492,long,1653.35,1652.8000000000002,loss,-8.799999999997272,80.0,6,2011-10-06 20:00:00
4533,4534,4537,long,1677.25,1682.3000000000002,win,47.20000000000182,80.0,3,2011-10-10 21:00:00
4617,4618,4620,long,1676.7,1677.2,win,1.7000000000000002,80.0,2,2011-10-14 09:00:00
4761,4762,4764,long,1651.5,1658.25,win,64.2,80.0,2,2011-10-24 11:00:00
4815,4816,4818,long,1718.0,1726.0500000000002,win,77.20000000000182,80.0,2,2011-10-26 17:00:00
4925,4926,4928,long,1732.25,1733.8500000000001,win,12.700000000001364,80.0,2,2011-11-02 09:00:00
4999,5000,5002,long,1771.25,1777.0500000000002,win,54.70000000000182,80.0,2,2011-11-07 13:00:00
5048,5049,5050,long,1797.1,1789.1,loss,-83.3,80.0,1,2011-11-09 14:00:00
5096,5097,5097,long,1771.4,1763.4,loss,-83.3,80.0,0,2011-11-11 14:00:00
5145,5146,5147,long,1783.15,1775.15,loss,-83.3,80.0,1,2011-11-15 15:00:00
5346,5347,5349,long,1714.65,1716.45,win,14.699999999999545,80.0,2,2011-11-28 09:00:00
5399,5400,5402,long,1744.4,1748.9,win,41.7,80.0,2,2011-11-30 14:00:00
5500,5501,5505,long,1728.8,1728.9,loss,-2.2999999999986356,80.0,4,2011-12-06 20:00:00
5746,5747,5748,long,1634.08,1626.08,loss,-83.3,80.0,1,2011-12-21 09:00:00
5912,5913,5915,long,1589.31,1596.93,win,72.90000000000119,80.0,2,2012-01-03 10:00:00
5969,5970,5972,long,1622.67,1624.19,win,11.899999999999817,80.0,2,2012-01-05 19:00:00
6029,6030,6032,long,1622.45,1627.8400000000001,win,50.600000000001,80.0,2,2012-01-10 09:00:00
6078,6079,6081,long,1649.41,1655.7800000000002,win,60.400000000001185,80.0,2,2012-01-12 10:00:00
6127,6128,6130,long,1643.22,1645.22,win,16.7,80.0,2,2012-01-16 11:00:00
6180,6181,6184,long,1660.12,1661.65,win,12.000000000002,80.0,3,2012-01-18 18:00:00
6228,6229,6231,long,1663.27,1664.2,win,6.000000000000637,80.0,2,2012-01-20 18:00:00
6299,6300,6302,long,1690.47,1707.4,win,166.00000000000063,80.0,2,2012-01-25 18:00:00
6348,6349,6351,long,1733.77,1737.7,win,36.00000000000064,80.0,2,2012-01-27 19:00:00
6409,6410,6412,long,1742.6,1747.8500000000001,win,49.20000000000228,80.0,2,2012-02-01 09:00:00
6509,6510,6512,long,1736.25,1746.93,win,103.50000000000064,80.0,2,2012-02-07 16:00:00
6594,6595,6599,long,1731.94,1731.8600000000001,loss,-4.099999999999272,80.0,4,2012-02-13 09:00:00
6642,6643,6645,long,1727.51,1727.47,loss,-3.699999999999636,80.0,2,2012-02-15 09:00:00
6741,6742,6744,long,1745.25,1754.98,win,94.00000000000018,80.0,2,2012-02-21 14:00:00
6789,6790,6790,long,1782.4,1774.4,loss,-83.3,80.0,0,2012-02-23 14:00:00
6838,6839,6842,long,1776.56,1768.56,loss,-83.3,80.0,3,2012-02-27 16:00:00
7053,7054,7056,long,1712.13,1712.13,loss,-3.3,80.0,2,2012-03-09 16:00:00
7284,7285,7287,long,1662.19,1664.8000000000002,win,22.800000000001273,80.0,2,2012-03-23 15:00:00
7348,7349,7353,long,1682.56,1674.56,loss,-83.3,80.0,4,2012-03-28 09:00:00
7400,7401,7403,long,1668.6,1660.6,loss,-83.3,80.0,2,2012-03-30 13:00:00
7548,7549,7551,long,1656.55,1661.1000000000001,win,42.20000000000182,80.0,2,2012-04-10 18:00:00
7596,7597,7599,long,1674.79,1678.02,win,29.00000000000018,80.0,2,2012-04-12 18:00:00
7712,7713,7715,long,1651.08,1643.08,loss,-83.3,80.0,2,2012-04-19 15:00:00
7782,7783,7801,long,1645.16,1637.16,loss,-83.3,80.0,18,2012-04-24 15:00:00
7830,7831,7833,long,1656.8,1659.3300000000002,win,22.000000000002,80.0,2,2012-04-26 16:00:00
7880,7881,7883,long,1665.37,1665.5,loss,-1.9999999999989084,80.0,2,2012-04-30 19:00:00
8184,8185,8187,long,1578.89,1578.3500000000001,loss,-8.699999999999637,80.0,2,2012-05-17 17:00:00
8300,8301,8301,long,1575.57,1567.57,loss,-83.3,80.0,0,2012-05-24 14:00:00
8363,8364,8370,long,1577.47,1582.0300000000002,win,42.30000000000173,80.0,6,2012-05-29 09:00:00
8413,8414,8415,long,1568.48,1560.48,loss,-83.3,80.0,1,2012-05-31 11:00:00
8506,8507,8509,long,1634.28,1634.69,win,0.8000000000008187,80.0,2,2012-06-06 09:00:00
8606,8607,8609,long,1599.11,1609.7900000000002,win,103.50000000000291,80.0,2,2012-06-12 14:00:00
8654,8655,8655,long,1626.42,1618.42,loss,-83.3,80.0,0,2012-06-14 14:00:00
8706,8707,8715,long,1629.55,1630.23,win,3.500000000000637,80.0,8,2012-06-18 19:00:00
8916,8917,8919,long,1597.28,1599.5700000000002,win,19.60000000000191,80.0,2,2012-06-29 14:00:00
8964,8965,8967,long,1619.13,1624.16,win,46.99999999999973,80.0,2,2012-07-03 15:00:00
9075,9076,9078,long,1596.35,1600.39,win,37.10000000000191,80.0,2,2012-07-10 12:00:00
9147,9148,9150,long,1584.69,1586.02,win,9.999999999999272,80.0,2,2012-07-13 12:00:00
9242,9243,9245,long,1584.47,1590.89,win,60.90000000000073,80.0,2,2012-07-19 12:00:00
9316,9317,9318,long,1582.15,1574.15,loss,-83.3,80.0,1,2012-07-24 15:00:00
9365,9366,9369,long,1616.5,1616.1200000000001,loss,-7.0999999999988175,80.0,3,2012-07-26 16:00:00
9415,9416,9418,long,1621.9,1623.27,win,10.399999999998908,80.0,2,2012-07-30 19:00:00
9479,9480,9481,long,1606.62,1598.62,loss,-83.3,80.0,1,2012-08-02 11:00:00
9528,9529,9531,long,1609.4,1610.47,win,7.3999999999993635,80.0,2,2012-08-06 13:00:00
9578,9579,9581,long,1613.98,1615.2800000000002,win,9.700000000001818,80.0,2,2012-08-08 15:00:00
9626,9627,9629,long,1618.11,1623.6000000000001,win,51.60000000000237,80.0,2,2012-08-10 15:00:00
9722,9723,9725,long,1616.55,1616.3500000000001,loss,-5.299999999998181,80.0,2,2012-08-16 16:00:00
9770,9771,9773,long,1620.0,1620.65,win,3.2000000000009097,80.0,2,2012-08-20 17:00:00
9820,9821,9823,long,1653.56,1655.18,win,12.900000000001182,80.0,2,2012-08-22 20:00:00
9910,9911,9913,long,1670.51,1670.9,win,0.6000000000010006,80.0,2,2012-08-28 16:00:00
9975,9976,9978,long,1658.73,1659.44,win,3.800000000000364,80.0,2,2012-08-31 09:00:00
10029,10030,10032,long,1696.18,1695.95,loss,-5.600000000000182,80.0,2,2012-09-04 20:00:00
10094,10095,10097,long,1725.16,1741.0,win,155.09999999999917,80.0,2,2012-09-07 14:00:00
10142,10143,10159,long,1736.71,1736.5,loss,-5.400000000000364,80.0,16,2012-09-11 15:00:00
10192,10193,10193,long,1732.7,1724.7,loss,-83.3,80.0,0,2012-09-13 17:00:00
10259,10260,10262,long,1762.9,1772.72,win,94.89999999999937,80.0,2,2012-09-18 14:00:00
10308,10309,10311,long,1769.1,1768.77,loss,-6.599999999999272,80.0,2,2012-09-20 17:00:00
10369,10370,10372,long,1767.55,1768.13,win,2.5000000000015463,80.0,2,2012-09-25 09:00:00
10421,10422,10424,long,1764.22,1767.89,win,33.40000000000073,80.0,2,2012-09-27 14:00:00
10486,10487,10489,long,1779.45,1779.7800000000002,win,1.546318628697918e-12,80.0,2,2012-10-02 10:00:00
10535,10536,10538,long,1788.86,1788.5700000000002,loss,-6.199999999997362,80.0,2,2012-10-04 13:00:00
10584,10585,10587,long,1775.4,1776.1100000000001,win,3.800000000000364,80.0,2,2012-10-08 16:00:00
10653,10654,10675,long,1773.01,1772.6000000000001,loss,-7.399999999998545,80.0,21,2012-10-11 16:00:00
10971,10972,10974,long,1720.69,1720.7900000000002,loss,-2.2999999999986356,80.0,2,2012-10-31 11:00:00
11069,11070,11075,long,1717.25,1709.25,loss,-83.3,80.0,5,2012-11-06 18:00:00
11117,11118,11122,long,1733.67,1734.75,win,7.499999999999273,80.0,4,2012-11-08 20:00:00
11176,11177,11179,long,1725.89,1729.5,win,32.799999999999,80.0,2,2012-11-13 10:00:00
11267,11268,11271,long,1724.24,1724.13,loss,-4.399999999998999,80.0,3,2012-11-19 09:00:00
11320,11321,11323,long,1727.94,1729.48,win,12.099999999999635,80.0,2,2012-11-21 16:00:00
11382,11383,11385,long,1750.79,1750.2,loss,-9.199999999999182,80.0,2,2012-11-26 14:00:00
11609,11610,11613,long,1710.62,1713.0500000000002,win,21.00000000000291,80.0,3,2012-12-10 09:00:00
11658,11659,11661,long,1713.77,1717.0700000000002,win,29.70000000000182,80.0,2,2012-12-12 12:00:00
11931,11932,11935,long,1674.56,1677.7,win,28.100000000001,80.0,3,2012-12-31 18:00:00
12056,12057,12062,long,1665.02,1657.02,loss,-83.3,80.0,5,2013-01-09 09:00:00
12107,12108,12108,long,1674.9,1666.9,loss,-83.3,80.0,0,2013-01-11 14:00:00
12155,12156,12158,long,1682.25,1684.6000000000001,win,20.200000000001364,80.0,2,2013-01-15 16:00:00
12203,12204,12209,long,1694.33,1686.33,loss,-83.3,80.0,5,2013-01-17 18:00:00
12269,12270,12272,long,1694.93,1694.4,loss,-8.599999999999728,80.0,2,2013-01-22 17:00:00
12405,12406,12408,long,1675.6,1682.3000000000002,win,63.70000000000273,80.0,2,2013-01-30 14:00:00
12453,12454,12456,long,1671.19,1673.2,win,16.79999999999991,80.0,2,2013-02-01 16:00:00
12519,12520,12522,long,1676.13,1679.0,win,25.399999999998908,80.0,2,2013-02-06 13:00:00
12843,12844,12846,long,1605.02,1614.25,win,89.00000000000018,80.0,2,2013-02-26 16:00:00
13071,13072,13074,long,1584.66,1597.27,win,122.799999999999,80.0,2,2013-03-12 11:00:00
13122,13123,13125,long,1589.9,1592.44,win,22.099999999999635,80.0,2,2013-03-14 16:00:00
13189,13190,13192,long,1609.85,1614.3500000000001,win,41.70000000000228,80.0,2,2013-03-19 15:00:00
13238,13239,13241,long,1615.15,1615.0500000000002,loss,-4.29999999999909,80.0,2,2013-03-21 18:00:00
13327,13328,13330,long,1603.01,1603.8600000000001,win,5.200000000001364,80.0,2,2013-03-27 14:00:00
13471,13472,13475,long,1579.45,1582.45,win,26.7,80.0,3,2013-04-05 20:00:00
13785,13786,13788,long,1447.0,1447.0500000000002,loss,-2.799999999998181,80.0,2,2013-04-25 11:00:00
13833,13834,13835,long,1475.26,1467.26,loss,-83.3,80.0,1,2013-04-29 13:00:00
13903,13904,13906,long,1464.35,1471.25,win,65.70000000000091,80.0,2,2013-05-02 14:00:00
13994,13995,13997,long,1461.67,1468.95,win,69.49999999999973,80.0,2,2013-05-08 13:00:00
14290,14291,14293,long,1393.67,1393.97,loss,-0.30000000000045457,80.0,2,2013-05-27 09:00:00
14342,14343,14345,long,1392.07,1394.69,win,22.90000000000118,80.0,2,2013-05-29 18:00:00
14402,14403,14405,long,1397.22,1399.44,win,18.900000000000272,80.0,2,2013-06-03 09:00:00
14859,14860,14863,long,1257.6,1261.3400000000001,win,34.10000000000237,80.0,3,2013-07-10 13:00:00
14914,14915,14917,long,1284.75,1292.6200000000001,win,75.40000000000119,80.0,2,2013-07-12 22:00:00
14975,14976,14977,long,1291.92,1283.92,loss,-83.3,80.0,1,2013-07-17 14:00:00
15023,15024,15026,long,1293.36,1294.76,win,10.700000000000909,80.0,2,2013-07-19 16:00:00
15071,15072,15074,long,1335.66,1344.0600000000002,win,80.70000000000091,80.0,2,2013-07-23 18:00:00
15121,15122,15124,long,1331.56,1335.6100000000001,win,37.20000000000182,80.0,2,2013-07-25 21:00:00
15348,15349,15351,long,1305.69,1313.47,win,74.49999999999973,80.0,2,2013-08-08 16:00:00
15400,15401,15404,long,1336.57,1336.02,loss,-8.799999999999546,80.0,3,2013-08-12 22:00:00
15465,15466,15468,long,1358.55,1369.43,win,105.5000000000011,80.0,2,2013-08-15 18:00:00
15531,15532,15534,long,1370.26,1375.5800000000002,win,49.90000000000164,80.0,2,2013-08-20 15:00:00
15579,15580,15585,long,1375.6,1376.42,win,4.900000000001637,80.0,5,2013-08-22 16:00:00
15630,15631,15633,long,1402.64,1404.44,win,14.699999999999545,80.0,2,2013-08-26 21:00:00
15760,15761,15763,long,1397.99,1402.5400000000002,win,42.20000000000182,80.0,2,2013-09-03 14:00:00
15837,15838,15841,long,1390.1,1389.8200000000002,loss,-6.099999999997453,80.0,3,2013-09-06 22:00:00
16021,16022,16024,long,1350.22,1365.8400000000001,win,152.90000000000117,80.0,2,2013-09-18 20:00:00
16136,16137,16149,long,1337.47,1329.47,loss,-83.3,80.0,12,2013-09-25 18:00:00
16184,16185,16188,long,1339.15,1351.8200000000002,win,123.40000000000073,80.0,3,2013-09-27 20:00:00
16316,16317,16319,long,1319.62,1324.6200000000001,win,46.70000000000228,80.0,2,2013-10-07 14:00:00
16497,16498,16498,long,1320.22,1312.22,loss,-83.3,80.0,0,2013-10-17 09:00:00
16572,16573,16575,long,1328.11,1340.49,win,120.5000000000011,80.0,2,2013-10-22 14:00:00
16620,16621,16623,long,1342.52,1350.6200000000001,win,77.70000000000137,80.0,2,2013-10-24 15:00:00
16706,16707,16709,long,1347.53,1350.75,win,28.900000000000272,80.0,2,2013-10-30 09:00:00
16848,16849,16849,long,1323.82,1315.82,loss,-83.3,80.0,0,2013-11-07 13:00:00
17221,17222,17227,long,1254.29,1246.29,loss,-83.3,80.0,5,2013-11-29 16:00:00
17289,17290,17294,long,1247.97,1239.97,loss,-83.3,80.0,4,2013-12-04 18:00:00
17356,17357,17359,long,1236.85,1236.47,loss,-7.0999999999988175,80.0,2,2013-12-09 15:00:00
17473,17474,17476,long,1243.0,1251.3400000000001,win,80.10000000000146,80.0,2,2013-12-16 16:00:00
17523,17524,17524,long,1240.37,1232.37,loss,-83.3,80.0,0,2013-12-18 19:00:00
17644,17645,17655,long,1217.9,1209.9,loss,-83.3,80.0,10,2013-12-27 14:00:00
17706,17707,17712,long,1228.85,1235.27,win,60.90000000000073,80.0,5,2014-01-02 20:00:00
17792,17793,17793,long,1229.6,1221.6,loss,-83.3,80.0,0,2014-01-08 14:00:00
17840,17841,17843,long,1243.25,1245.65,win,20.70000000000091,80.0,2,2014-01-10 16:00:00
17916,17917,17919,long,1241.6,1241.48,loss,-4.499999999998908,80.0,2,2014-01-15 23:00:00
18039,18040,18043,long,1247.03,1249.21,win,18.500000000000636,80.0,3,2014-01-23 11:00:00
18131,18132,18134,long,1254.63,1259.93,win,49.69999999999955,80.0,2,2014-01-29 11:00:00
18206,18207,18209,long,1262.84,1264.18,win,10.100000000001454,80.0,2,2014-02-03 17:00:00
18268,18269,18272,long,1258.95,1261.73,win,24.499999999999726,80.0,3,2014-02-06 10:00:00
18318,18319,18321,long,1274.41,1274.92,win,1.7999999999999092,80.0,2,2014-02-10 14:00:00
18366,18367,18369,long,1290.17,1293.0600000000002,win,25.600000000001,80.0,2,2014-02-12 16:00:00
18414,18415,18417,long,1317.48,1319.13,win,13.200000000000909,80.0,2,2014-02-14 18:00:00
18495,18496,18498,long,1314.31,1314.42,loss,-2.1999999999987265,80.0,2,2014-02-20 10:00:00
18545,18546,18548,long,1332.76,1333.96,win,8.700000000000454,80.0,2,2014-02-24 14:00:00
18612,18613,18615,long,1332.98,1332.7800000000002,loss,-5.299999999998181,80.0,2,2014-02-27 12:00:00
18661,18662,18664,long,1347.09,1353.22,win,58.000000000001094,80.0,2,2014-03-03 15:00:00
18709,18710,18712,long,1338.49,1341.1200000000001,win,23.00000000000109,80.0,2,2014-03-05 17:00:00
18774,18775,18777,long,1336.84,1339.5500000000002,win,23.800000000002637,80.0,2,2014-03-10 12:00:00
18822,18823,18825,long,1364.87,1365.8500000000001,win,6.500000000002456,80.0,2,2014-03-12 14:00:00
19213,19214,19216,long,1298.88,1299.5600000000002,win,3.500000000000637,80.0,2,2014-04-04 15:00:00
19300,19301,19303,long,1320.93,1323.14,win,18.800000000000363,80.0,2,2014-04-10 10:00:00
19353,19354,19363,long,1329.16,1321.16,loss,-83.3,80.0,9,2014-04-14 17:00:00
19532,19533,19535,long,1295.25,1301.44,win,58.60000000000055,80.0,2,2014-04-25 12:00:00
19582,19583,19585,long,1298.64,1298.65,loss,-3.2000000000000908,80.0,2,2014-04-29 16:00:00
19652,19653,19655,long,1294.99,1301.1200000000001,win,58.000000000001094,80.0,2,2014-05-02 17:00:00
19787,19788,19790,long,1296.39,1301.5400000000002,win,48.20000000000091,80.0,2,2014-05-12 14:00:00
19838,19839,19842,long,1305.44,1306.0800000000002,win,3.1000000000010006,80.0,3,2014-05-14 19:00:00
19898,19899,19901,long,1300.82,1300.8500000000001,loss,-2.999999999997999,80.0,2,2014-05-19 10:00:00
19970,19971,19973,long,1296.42,1302.96,win,62.09999999999964,80.0,2,2014-05-22 13:00:00
20243,20244,20268,long,1256.62,1262.92,win,59.70000000000182,80.0,24,2014-06-09 14:00:00
20309,20310,20312,long,1261.64,1266.0500000000002,win,40.80000000000082,80.0,2,2014-06-12 11:00:00
20384,20385,20387,long,1270.29,1270.3500000000001,loss,-2.699999999998272,80.0,2,2014-06-17 17:00:00
20432,20433,20435,long,1312.78,1320.8100000000002,win,77.000000000002,80.0,2,2014-06-19 19:00:00
20481,20482,20484,long,1317.42,1317.17,loss,-5.8,80.0,2,2014-06-23 22:00:00
20591,20592,20594,long,1318.0,1319.0800000000002,win,7.500000000001546,80.0,2,2014-06-30 17:00:00
20639,20640,20652,long,1329.35,1321.35,loss,-83.3,80.0,12,2014-07-02 19:00:00
20705,20706,20709,long,1317.03,1319.26,win,19.00000000000018,80.0,3,2014-07-07 20:00:00
20765,20766,20768,long,1330.3,1343.27,win,126.40000000000028,80.0,2,2014-07-10 11:00:00
20887,20888,20894,long,1321.72,1323.93,win,18.800000000000363,80.0,6,2014-07-17 18:00:00
21029,21030,21032,long,1307.13,1307.0900000000001,loss,-3.699999999999636,80.0,2,2014-07-25 22:00:00
21206,21207,21209,long,1301.99,1308.73,win,64.1000000000001,80.0,2,2014-08-06 15:00:00
21293,21294,21296,long,1311.34,1311.51,loss,-1.5999999999992722,80.0,2,2014-08-12 10:00:00
21363,21364,21366,long,1313.41,1313.0600000000002,loss,-6.79999999999909,80.0,2,2014-08-15 11:00:00
21569,21570,21572,long,1289.23,1290.15,win,5.900000000000728,80.0,2,2014-08-28 10:00:00
21982,21983,21985,long,1232.43,1232.21,loss,-5.500000000000273,80.0,2,2014-09-23 13:00:00
22209,22210,22216,long,1211.3,1212.73,win,11.000000000000636,80.0,6,2014-10-07 10:00:00
22257,22258,22260,long,1227.62,1230.6000000000001,win,26.500000000002455,80.0,2,2014-10-09 12:00:00
22314,22315,22318,long,1236.71,1236.38,loss,-6.599999999999272,80.0,3,2014-10-13 23:00:00
22379,22380,22399,long,1242.82,1234.82,loss,-83.3,80.0,19,2014-10-16 19:00:00
22427,22428,22430,long,1245.56,1246.92,win,10.300000000001273,80.0,2,2014-10-20 21:00:00
22750,22751,22753,long,1175.07,1176.9,win,15.000000000001545,80.0,2,2014-11-07 22:00:00
22838,22839,22840,long,1167.43,1159.43,loss,-83.3,80.0,1,2014-11-13 18:00:00
22899,22900,22902,long,1197.68,1203.97,win,59.59999999999964,80.0,2,2014-11-18 10:00:00
22947,22948,22950,long,1196.12,1188.12,loss,-83.3,80.0,2,2014-11-20 12:00:00
23014,23015,23017,long,1200.22,1202.18,win,16.300000000000363,80.0,2,2014-11-25 10:00:00
23105,23106,23108,long,1196.07,1205.76,win,93.60000000000055,80.0,2,2014-12-01 16:00:00
23154,23155,23157,long,1210.26,1210.43,loss,-1.5999999999992722,80.0,2,2014-12-03 19:00:00
23224,23225,23227,long,1198.7,1205.3500000000001,win,63.20000000000091,80.0,2,2014-12-08 20:00:00
23355,23356,23358,long,1212.2,1218.45,win,59.2,80.0,2,2014-12-16 13:00:00
23552,23553,23555,long,1198.04,1206.21,win,78.40000000000073,80.0,2,2014-12-30 15:00:00
23610,23611,23614,long,1198.96,1200.66,win,13.700000000000454,80.0,3,2015-01-05 16:00:00
23678,23679,23681,long,1212.84,1215.77,win,26.000000000000636,80.0,2,2015-01-08 15:00:00
23729,23730,23732,long,1232.79,1234.14,win,10.200000000001364,80.0,2,2015-01-12 20:00:00
23789,23790,23790,long,1237.43,1229.43,loss,-83.3,80.0,0,2015-01-15 11:00:00
23853,23854,23856,long,1291.29,1292.22,win,6.000000000000637,80.0,2,2015-01-20 10:00:00
23904,23905,23907,long,1295.33,1302.5,win,68.40000000000073,80.0,2,2015-01-22 15:00:00
23968,23969,23971,long,1281.77,1282.4,win,3.0000000000010916,80.0,2,2015-01-27 10:00:00
24046,24047,24049,long,1275.3,1281.94,win,63.100000000001,80.0,2,2015-01-30 19:00:00
24470,24471,24473,long,1214.58,1219.19,win,42.800000000001276,80.0,2,2015-02-26 10:00:00
24545,24546,24546,long,1213.72,1205.72,loss,-83.3,80.0,0,2015-03-03 16:00:00
24803,24804,24806,long,1165.11,1173.69,win,82.50000000000155,80.0,2,2015-03-18 20:00:00
24865,24866,24868,long,1184.76,1185.6200000000001,win,5.3000000000012735,80.0,2,2015-03-23 13:00:00
24915,24916,24918,long,1197.88,1197.5,loss,-7.100000000001091,80.0,2,2015-03-25 17:00:00
25004,25005,25007,long,1188.67,1190.1100000000001,win,11.100000000000545,80.0,2,2015-03-31 15:00:00
25068,25069,25074,long,1222.05,1221.6000000000001,loss,-7.799999999998181,80.0,5,2015-04-06 10:00:00
25141,25142,25143,long,1201.56,1193.56,loss,-83.3,80.0,1,2015-04-09 14:00:00
25239,25240,25242,long,1201.88,1202.9,win,6.899999999999818,80.0,2,2015-04-15 20:00:00
25325,25326,25331,long,1201.8,1203.63,win,15.000000000001545,80.0,5,2015-04-21 14:00:00
25420,25421,25423,long,1203.2,1206.5600000000002,win,30.300000000001273,80.0,2,2015-04-27 17:00:00
25486,25487,25487,long,1205.31,1197.31,loss,-83.3,80.0,0,2015-04-30 14:00:00
25556,25557,25559,long,1197.57,1198.5900000000001,win,6.900000000002092,80.0,2,2015-05-05 15:00:00
25669,25670,25672,long,1193.29,1195.3700000000001,win,17.500000000001545,80.0,2,2015-05-12 13:00:00
25717,25718,25720,long,1219.21,1226.5,win,69.59999999999964,80.0,2,2015-05-14 15:00:00
25808,25809,25811,long,1209.82,1212.0600000000002,win,19.100000000002364,80.0,2,2015-05-20 14:00:00
25881,25882,25891,long,1208.09,1200.09,loss,-83.3,80.0,9,2015-05-25 18:00:00
25990,25991,25992,long,1202.62,1194.62,loss,-83.3,80.0,1,2015-06-01 16:00:00
26145,26146,26148,long,1184.43,1185.8600000000001,win,11.000000000000636,80.0,2,2015-06-10 10:00:00
26222,26223,26243,long,1188.91,1180.91,loss,-83.3,80.0,20,2015-06-15 18:00:00
26271,26272,26278,long,1187.19,1186.8700000000001,loss,-6.499999999999363,80.0,6,2015-06-17 21:00:00
27114,27115,27129,long,1097.21,1096.92,loss,-6.199999999999636,80.0,14,2015-08-07 17:00:00
27176,27177,27179,long,1116.34,1117.69,win,10.200000000001364,80.0,2,2015-08-12 10:00:00
27224,27225,27227,long,1117.99,1120.4,win,20.800000000000818,80.0,2,2015-08-14 12:00:00
27291,27292,27294,long,1122.95,1122.41,loss,-8.699999999999637,80.0,2,2015-08-19 10:00:00
27366,27367,27367,long,1165.53,1157.53,loss,-83.3,80.0,0,2015-08-24 16:00:00
27458,27459,27461,long,1135.84,1137.1100000000001,win,9.400000000002091,80.0,2,2015-08-28 16:00:00
27522,27523,27528,long,1140.77,1140.77,loss,-3.3,80.0,5,2015-09-02 11:00:00
27753,27754,27756,long,1113.98,1119.5800000000002,win,52.70000000000137,80.0,2,2015-09-16 15:00:00
27806,27807,27809,long,1139.66,1139.3200000000002,loss,-6.699999999999181,80.0,2,2015-09-18 22:00:00
27863,27864,27866,long,1127.3,1127.0700000000002,loss,-5.599999999997908,80.0,2,2015-09-23 10:00:00
27961,27962,27972,long,1133.45,1125.45,loss,-83.3,80.0,10,2015-09-29 16:00:00
28029,28030,28032,long,1131.88,1140.6200000000001,win,84.1000000000001,80.0,2,2015-10-02 15:00:00
28077,28078,28092,long,1149.89,1151.19,win,9.699999999999545,80.0,14,2015-10-06 17:00:00
28139,28140,28142,long,1152.62,1154.5,win,15.50000000000109,80.0,2,2015-10-09 10:00:00
28190,28191,28193,long,1159.78,1166.3000000000002,win,61.900000000002095,80.0,2,2015-10-13 15:00:00
28239,28240,28242,long,1187.97,1187.8600000000001,loss,-4.399999999998999,80.0,2,2015-10-15 18:00:00
28300,28301,28303,long,1173.68,1174.2,win,1.8999999999998183,80.0,2,2015-10-20 10:00:00
28349,28350,28352,long,1168.43,1169.3100000000002,win,5.500000000001092,80.0,2,2015-10-22 13:00:00
28423,28424,28429,long,1167.0,1166.41,loss,-9.199999999999182,80.0,5,2015-10-27 17:00:00
29060,29061,29063,long,1068.32,1088.18,win,195.30000000000126,80.0,2,2015-12-04 15:00:00
29125,29126,29128,long,1078.34,1079.6100000000001,win,9.400000000002091,80.0,2,2015-12-09 12:00:00
29176,29177,29179,long,1074.65,1075.9,win,9.2,80.0,2,2015-12-11 16:00:00
29243,29244,29246,long,1072.83,1075.65,win,24.900000000001636,80.0,2,2015-12-16 15:00:00
29292,29293,29300,long,1066.51,1069.1200000000001,win,22.800000000001273,80.0,7,2015-12-18 18:00:00
29384,29385,29387,long,1074.47,1076.14,win,13.400000000000727,80.0,2,2015-12-24 16:00:00
29486,29487,29489,long,1072.67,1073.25,win,2.4999999999992726,80.0,2,2016-01-04 10:00:00
29534,29535,29537,long,1083.2,1087.38,win,38.50000000000064,80.0,2,2016-01-06 11:00:00
29655,29656,29658,long,1088.07,1091.24,win,28.400000000000727,80.0,2,2016-01-13 16:00:00
29737,29738,29740,long,1092.61,1084.61,loss,-83.3,80.0,2,2016-01-19 10:00:00
29796,29797,29812,long,1102.38,1094.38,loss,-83.3,80.0,15,2016-01-21 22:00:00
29860,29861,29863,long,1118.69,1119.16,win,1.400000000000273,80.0,2,2016-01-26 17:00:00
29929,29930,29935,long,1117.75,1117.5400000000002,loss,-5.39999999999809,80.0,5,2016-01-29 17:00:00
29980,29981,29995,long,1129.59,1130.0,win,0.8000000000008187,80.0,14,2016-02-02 22:00:00
30040,30041,30043,long,1157.38,1159.99,win,22.799999999999,80.0,2,2016-02-05 11:00:00
30089,30090,30091,long,1196.32,1188.32,loss,-83.3,80.0,1,2016-02-09 14:00:00
30137,30138,30140,long,1235.22,1247.74,win,121.89999999999982,80.0,2,2016-02-11 15:00:00
30198,30199,30201,long,1210.23,1216.3000000000002,win,57.40000000000164,80.0,2,2016-02-16 11:00:00
30249,30250,30252,long,1210.16,1219.1100000000001,win,86.20000000000046,80.0,2,2016-02-18 16:00:00
30317,30318,30320,long,1220.97,1226.3300000000002,win,50.300000000001276,80.0,2,2016-02-23 16:00:00
30365,30366,30368,long,1238.27,1242.1100000000001,win,35.10000000000146,80.0,2,2016-02-25 17:00:00
30413,30414,30416,long,1233.81,1240.4,win,62.60000000000146,80.0,2,2016-02-29 20:00:00
30462,30463,30465,long,1240.81,1242.48,win,13.400000000000727,80.0,2,2016-03-02 22:00:00
30518,30519,30521,long,1267.6,1268.2900000000002,win,3.6000000000028196,80.0,2,2016-03-07 10:00:00
30593,30594,30596,long,1255.33,1268.46,win,128.00000000000108,80.0,2,2016-03-10 15:00:00
30690,30691,30693,long,1258.11,1263.26,win,48.20000000000091,80.0,2,2016-03-16 20:00:00
30771,30772,30773,long,1257.98,1249.98,loss,-83.3,80.0,1,2016-03-22 09:00:00
30873,30874,30876,long,1235.6,1241.96,win,60.300000000001276,80.0,2,2016-03-29 19:00:00
30977,30978,30980,long,1228.81,1232.65,win,35.10000000000146,80.0,2,2016-04-05 10:00:00
31025,31026,31028,long,1236.69,1238.72,win,16.999999999999726,80.0,2,2016-04-07 12:00:00
31075,31076,31078,long,1255.24,1258.18,win,26.100000000000545,80.0,2,2016-04-11 16:00:00
31139,31140,31143,long,1240.98,1232.98,loss,-83.3,80.0,3,2016-04-14 11:00:00
31189,31190,31193,long,1239.55,1231.55,loss,-83.3,80.0,3,2016-04-18 15:00:00
31252,31253,31255,long,1257.96,1259.96,win,16.7,80.0,2,2016-04-21 11:00:00
31321,31322,31324,long,1241.43,1243.14,win,13.800000000000363,80.0,2,2016-04-26 16:00:00
31369,31370,31372,long,1264.42,1265.16,win,4.100000000000091,80.0,2,2016-04-28 18:00:00
31430,31431,31434,long,1300.74,1292.74,loss,-83.3,80.0,3,2016-05-03 10:00:00
31480,31481,31483,long,1281.89,1285.77,win,35.49999999999882,80.0,2,2016-05-05 14:00:00
31570,31571,31573,long,1272.37,1277.8300000000002,win,51.30000000000264,80.0,2,2016-05-11 12:00:00
31618,31619,31619,long,1275.4,1267.4,loss,-83.3,80.0,0,2016-05-13 14:00:00
31667,31668,31675,long,1281.13,1280.9,loss,-5.600000000000182,80.0,7,2016-05-17 17:00:00
31958,31959,31961,long,1236.89,1242.45,win,52.29999999999946,80.0,2,2016-06-03 15:00:00
32009,32010,32012,long,1244.83,1244.41,loss,-7.499999999998454,80.0,2,2016-06-07 20:00:00
32070,32071,32073,long,1268.24,1268.7800000000002,win,2.10000000000191,80.0,2,2016-06-10 12:00:00
32118,32119,32121,long,1283.78,1289.13,win,50.20000000000137,80.0,2,2016-06-14 14:00:00
32167,32168,32169,long,1312.85,1304.85,loss,-83.3,80.0,1,2016-06-16 17:00:00
32218,32219,32223,long,1290.06,1293.52,win,31.300000000000363,80.0,4,2016-06-20 22:00:00
32303,32304,32304,long,1330.0,1322.0,loss,-83.3,80.0,0,2016-06-24 15:00:00
32367,32368,32373,long,1320.72,1322.64,win,15.900000000000727,80.0,5,2016-06-29 10:00:00
32416,32417,32419,long,1334.43,1336.1000000000001,win,13.400000000000727,80.0,2,2016-07-01 13:00:00
32464,32465,32467,long,1354.72,1356.0400000000002,win,9.900000000001636,80.0,2,2016-07-05 19:00:00
32534,32535,32537,long,1360.43,1365.89,win,51.30000000000037,80.0,2,2016-07-08 20:00:00
32743,32744,32747,long,1333.14,1333.15,loss,-3.2000000000000908,80.0,3,2016-07-21 22:00:00
32829,32830,32832,long,1327.69,1327.52,loss,-5.000000000000727,80.0,2,2016-07-27 16:00:00
32877,32878,32880,long,1349.29,1352.91,win,32.900000000001185,80.0,2,2016-07-29 18:00:00
32925,32926,32928,long,1364.94,1365.1200000000001,loss,-1.4999999999993632,80.0,2,2016-08-02 20:00:00
33054,33055,33057,long,1352.29,1352.52,loss,-0.9999999999998179,80.0,2,2016-08-10 11:00:00
33104,33105,33108,long,1354.92,1346.92,loss,-83.3,80.0,3,2016-08-12 15:00:00
33175,33176,33179,long,1346.74,1338.74,loss,-83.3,80.0,3,2016-08-17 17:00:00
33265,33266,33281,long,1343.7,1335.7,loss,-83.3,80.0,15,2016-08-23 15:00:00
33449,33450,33451,long,1324.57,1316.57,loss,-83.3,80.0,1,2016-09-02 15:00:00
33499,33500,33502,long,1348.38,1349.0300000000002,win,3.2000000000009097,80.0,2,2016-09-06 23:00:00
33739,33740,33742,long,1320.0,1320.38,win,0.5000000000010916,80.0,2,2016-09-21 10:00:00
33788,33789,33791,long,1337.85,1339.96,win,17.800000000001273,80.0,2,2016-09-23 13:00:00
33893,33894,33896,long,1326.39,1326.16,loss,-5.600000000000182,80.0,2,2016-09-30 12:00:00
34191,34192,34194,long,1270.35,1270.44,loss,-2.3999999999985446,80.0,2,2016-10-19 12:00:00
34239,34240,34242,long,1266.12,1267.3300000000002,win,8.800000000002637,80.0,2,2016-10-21 14:00:00
34288,34289,34291,long,1270.86,1272.75,win,15.600000000001,80.0,2,2016-10-25 17:00:00
34338,34339,34343,long,1270.08,1269.64,loss,-7.699999999998272,80.0,4,2016-10-27 21:00:00
34396,34397,34399,long,1279.45,1282.77,win,29.899999999999363,80.0,2,2016-11-01 09:00:00
34470,34471,34473,long,1304.1,1305.0600000000002,win,6.300000000002638,80.0,2,2016-11-04 14:00:00
34557,34558,34559,long,1288.59,1280.59,loss,-83.3,80.0,1,2016-11-10 10:00:00
35340,35341,35346,long,1158.45,1158.42,loss,-3.599999999999727,80.0,5,2016-12-29 18:00:00
35401,35402,35404,long,1163.18,1165.68,win,21.7,80.0,2,2017-01-04 10:00:00
35470,35471,35474,long,1177.91,1180.24,win,19.99999999999927,80.0,3,2017-01-09 10:00:00
35526,35527,35532,long,1194.84,1194.5600000000002,loss,-6.099999999997453,80.0,5,2017-01-11 20:00:00
35574,35575,35577,long,1198.13,1204.48,win,60.19999999999909,80.0,2,2017-01-13 22:00:00
35634,35635,35639,long,1215.36,1207.36,loss,-83.3,80.0,4,2017-01-18 17:00:00
35684,35685,35688,long,1212.63,1215.0600000000002,win,21.000000000000636,80.0,3,2017-01-20 21:00:00
35818,35819,35830,long,1198.17,1201.17,win,26.7,80.0,11,2017-01-30 17:00:00
35880,35881,35883,long,1217.41,1223.2800000000002,win,55.400000000001185,80.0,2,2017-02-02 10:00:00
35929,35930,35932,long,1225.96,1229.47,win,31.79999999999991,80.0,2,2017-02-06 13:00:00
35978,35979,35981,long,1242.21,1242.21,loss,-3.3,80.0,2,2017-02-08 16:00:00
36026,36027,36029,long,1234.24,1236.44,win,18.700000000000454,80.0,2,2017-02-10 18:00:00
36095,36096,36098,long,1230.11,1231.46,win,10.200000000001364,80.0,2,2017-02-15 18:00:00
36156,36157,36159,long,1235.6,1236.15,win,2.200000000001819,80.0,2,2017-02-20 10:00:00
36221,36222,36225,long,1237.77,1238.8000000000002,win,7.000000000002001,80.0,3,2017-02-23 10:00:00
36274,36275,36277,long,1259.7,1262.91,win,28.800000000000363,80.0,2,2017-02-27 17:00:00
36323,36324,36326,long,1248.69,1249.27,win,2.4999999999992726,80.0,2,2017-03-01 20:00:00
36554,36555,36557,long,1216.35,1221.3700000000001,win,46.900000000002095,80.0,2,2017-03-15 20:00:00
36624,36625,36628,long,1234.51,1234.14,loss,-6.999999999998908,80.0,3,2017-03-20 21:00:00
36682,36683,36685,long,1248.33,1248.0,loss,-6.599999999999272,80.0,2,2017-03-23 10:00:00
36731,36732,36734,long,1258.38,1260.3700000000001,win,16.60000000000009,80.0,2,2017-03-27 14:00:00
36784,36785,36788,long,1253.43,1253.14,loss,-6.199999999999636,80.0,3,2017-03-29 21:00:00
36832,36833,36835,long,1248.43,1249.14,win,3.800000000000364,80.0,2,2017-03-31 23:00:00
36888,36889,36893,long,1256.43,1248.43,loss,-83.3,80.0,4,2017-04-05 10:00:00
36939,36940,36942,long,1266.11,1266.67,win,2.300000000001728,80.0,2,2017-04-07 15:00:00
36987,36988,36992,long,1272.65,1274.46,win,14.799999999999454,80.0,4,2017-04-11 17:00:00
37038,37039,37041,long,1287.85,1293.69,win,55.10000000000146,80.0,2,2017-04-13 22:00:00
37124,37125,37127,long,1281.93,1282.76,win,4.999999999999273,80.0,2,2017-04-20 16:00:00
37514,37515,37540,long,1236.16,1238.2,win,17.099999999999635,80.0,25,2017-05-15 15:00:00
37562,37563,37566,long,1259.93,1259.3700000000001,loss,-8.899999999999455,80.0,3,2017-05-17 17:00:00
37611,37612,37614,long,1254.58,1255.73,win,8.200000000000909,80.0,2,2017-05-19 20:00:00
37680,37681,37683,long,1253.65,1257.19,win,32.09999999999964,80.0,2,2017-05-24 20:00:00
37781,37782,37784,long,1262.79,1264.24,win,11.200000000000454,80.0,2,2017-05-31 10:00:00
37832,37833,37835,long,1273.64,1276.2900000000002,win,23.20000000000091,80.0,2,2017-06-02 15:00:00
37883,37884,37888,long,1294.25,1294.0800000000002,loss,-4.999999999998454,80.0,4,2017-06-06 20:00:00
38130,38131,38133,long,1257.7,1257.3000000000002,loss,-7.299999999998636,80.0,2,2017-06-23 23:00:00
38404,38405,38407,long,1234.36,1235.22,win,5.3000000000012735,80.0,2,2017-07-17 14:00:00
38474,38475,38479,long,1240.96,1246.5800000000002,win,52.900000000001185,80.0,4,2017-07-20 15:00:00
38566,38567,38569,long,1250.65,1270.44,win,194.59999999999962,80.0,2,2017-07-26 20:00:00
38629,38630,38633,long,1269.87,1271.67,win,14.700000000001818,80.0,3,2017-08-02 16:00:00
38690,38691,38693,long,1260.62,1264.52,win,35.70000000000091,80.0,2,2017-08-08 11:00:00
38803,38804,38806,long,1273.73,1277.3200000000002,win,32.60000000000146,80.0,2,2017-08-16 18:00:00
38856,38857,38859,long,1288.1,1287.5500000000002,loss,-8.799999999997272,80.0,2,2017-08-21 10:00:00
38904,38905,38907,long,1287.08,1289.8200000000002,win,24.100000000002364,80.0,2,2017-08-23 12:00:00
38954,38955,38957,long,1289.55,1293.4,win,35.20000000000137,80.0,2,2017-08-25 16:00:00
39002,39003,39017,long,1337.81,1337.8600000000001,loss,-2.799999999998181,80.0,14,2017-09-04 10:00:00
39067,39068,39070,long,1337.4,1339.52,win,17.899999999998908,80.0,2,2017-09-07 10:00:00
39115,39116,39123,long,1338.07,1330.07,loss,-83.3,80.0,7,2017-09-11 12:00:00
39172,39173,39176,long,1329.09,1329.91,win,4.900000000001637,80.0,3,2017-09-14 20:00:00
39449,39450,39452,long,1289.93,1291.8400000000001,win,15.800000000000818,80.0,2,2017-10-10 12:00:00
39521,39522,39524,long,1300.28,1301.0,win,3.900000000000273,80.0,2,2017-10-13 15:00:00
39621,39622,39624,long,1289.63,1290.3000000000002,win,3.4000000000007278,80.0,2,2017-10-19 23:00:00
39778,39779,39792,long,1277.95,1277.41,loss,-8.699999999999637,80.0,13,2017-10-30 19:00:00
39891,39892,39894,long,1278.97,1281.1000000000001,win,18.00000000000109,80.0,2,2017-11-06 18:00:00
39954,39955,39957,long,1284.29,1287.38,win,27.600000000001454,80.0,2,2017-11-09 12:00:00
40005,40006,40008,long,1278.55,1278.6200000000001,loss,-2.5999999999983627,80.0,2,2017-11-13 17:00:00
40072,40073,40075,long,1279.38,1280.43,win,7.199999999999545,80.0,2,2017-11-16 15:00:00
40142,40143,40145,long,1282.58,1282.76,loss,-1.4999999999993632,80.0,2,2017-11-21 16:00:00
40221,40222,40224,long,1291.61,1294.48,win,25.40000000000118,80.0,2,2017-11-27 10:00:00
40508,40509,40514,long,1256.51,1258.3500000000001,win,15.100000000001454,80.0,5,2017-12-13 21:00:00
40567,40568,40570,long,1257.31,1258.77,win,11.300000000000363,80.0,2,2017-12-18 11:00:00
40615,40616,40618,long,1265.0,1265.39,win,0.6000000000010006,80.0,2,2017-12-20 13:00:00
40663,40664,40667,long,1268.74,1274.0300000000002,win,49.60000000000191,80.0,3,2017-12-22 15:00:00
40719,40720,40723,long,1292.65,1292.2900000000002,loss,-6.899999999998999,80.0,3,2017-12-28 10:00:00
40767,40768,40770,long,1314.42,1317.73,win,29.799999999999454,80.0,2,2018-01-02 20:00:00
40816,40817,40819,long,1322.68,1322.66,loss,-3.499999999999818,80.0,2,2018-01-04 23:00:00
40895,40896,40898,long,1313.92,1322.23,win,79.79999999999946,80.0,2,2018-01-10 10:00:00
40943,40944,40946,long,1331.65,1331.95,loss,-0.30000000000045457,80.0,2,2018-01-12 12:00:00
41031,41032,41034,long,1329.72,1330.3100000000002,win,2.6000000000014554,80.0,2,2018-01-18 12:00:00
41082,41083,41088,long,1334.52,1334.1100000000001,loss,-7.399999999998545,80.0,5,2018-01-22 17:00:00
41130,41131,41133,long,1353.67,1361.42,win,74.2,80.0,2,2018-01-24 19:00:00
41214,41215,41217,long,1343.76,1345.4,win,13.100000000001,80.0,2,2018-01-30 11:00:00
41269,41270,41272,long,1345.69,1349.94,win,39.2,80.0,2,2018-02-01 20:00:00
41443,41444,41446,long,1328.73,1330.42,win,13.600000000000545,80.0,2,2018-02-13 10:00:00
41512,41513,41515,long,1360.02,1359.97,loss,-3.799999999999545,80.0,2,2018-02-16 10:00:00
41647,41648,41652,long,1340.21,1332.21,loss,-83.3,80.0,4,2018-02-26 11:00:00
41786,41787,41790,long,1325.02,1331.5800000000002,win,62.30000000000173,80.0,3,2018-03-06 12:00:00
41904,41905,41907,long,1324.66,1326.99,win,19.99999999999927,80.0,2,2018-03-13 14:00:00
42042,42043,42045,long,1318.67,1321.3000000000002,win,23.00000000000109,80.0,2,2018-03-21 14:00:00
42090,42091,42093,long,1348.19,1349.52,win,9.999999999999272,80.0,2,2018-03-23 16:00:00
42202,42203,42205,long,1333.54,1335.9,win,20.300000000001273,80.0,2,2018-04-02 14:00:00
42318,42319,42321,long,1333.59,1333.26,loss,-6.599999999999272,80.0,2,2018-04-09 15:00:00
42366,42367,42369,long,1358.99,1361.7800000000002,win,24.60000000000191,80.0,2,2018-04-11 17:00:00
42414,42415,42418,long,1346.65,1346.2900000000002,loss,-6.899999999998999,80.0,3,2018-04-13 19:00:00
42477,42478,42480,long,1349.12,1352.94,win,34.90000000000164,80.0,2,2018-04-18 13:00:00
42826,42827,42838,long,1315.53,1315.0700000000002,loss,-7.89999999999809,80.0,11,2018-05-09 17:00:00
43073,43074,43078,long,1296.95,1299.01,win,17.299999999999454,80.0,4,2018-05-24 11:00:00
43122,43123,43126,long,1299.04,1298.7800000000002,loss,-5.899999999997635,80.0,3,2018-05-28 14:00:00
43183,43184,43191,long,1305.52,1305.6100000000001,loss,-2.3999999999985446,80.0,7,2018-05-31 10:00:00
43260,43261,43263,long,1297.1,1298.8100000000002,win,13.800000000002637,80.0,2,2018-06-05 18:00:00
43321,43322,43324,long,1298.43,1299.22,win,4.599999999999636,80.0,2,2018-06-08 10:00:00
43373,43374,43376,long,1298.51,1298.93,win,0.9000000000007278,80.0,2,2018-06-12 16:00:00
43761,43762,43764,long,1257.22,1257.23,loss,-3.2000000000000908,80.0,2,2018-07-05 17:00:00
44080,44081,44083,long,1232.24,1233.5400000000002,win,9.700000000001818,80.0,2,2018-07-25 14:00:00
44359,44360,44368,long,1216.32,1208.32,loss,-83.3,80.0,8,2018-08-10 17:00:00
44512,44513,44525,long,1195.26,1196.27,win,6.799999999999909,80.0,12,2018-08-21 11:00:00
44585,44586,44589,long,1193.79,1207.9,win,137.80000000000126,80.0,3,2018-08-24 15:00:00
44650,44651,44655,long,1204.53,1206.0500000000002,win,11.900000000002091,80.0,4,2018-08-29 12:00:00
44716,44717,44719,long,1202.2,1203.18,win,6.500000000000182,80.0,2,2018-09-03 10:00:00
44782,44783,44785,long,1202.87,1205.2800000000002,win,20.80000000000309,80.0,2,2018-09-06 11:00:00
44862,44863,44865,long,1198.02,1197.69,loss,-6.599999999999272,80.0,2,2018-09-11 23:00:00
44918,44919,44925,long,1207.65,1199.65,loss,-83.3,80.0,6,2018-09-14 10:00:00
44966,44967,44969,long,1200.07,1201.67,win,12.700000000001364,80.0,2,2018-09-18 13:00:00
45014,45015,45017,long,1206.99,1207.7800000000002,win,4.60000000000191,80.0,2,2018-09-20 15:00:00
45081,45082,45084,long,1201.3,1202.1000000000001,win,4.700000000001819,80.0,2,2018-09-25 14:00:00
45196,45197,45199,long,1197.9,1206.8400000000001,win,86.10000000000055,80.0,2,2018-10-02 15:00:00
45244,45245,45266,long,1203.79,1204.27,win,1.500000000000182,80.0,21,2018-10-04 17:00:00
45341,45342,45344,long,1194.22,1193.68,loss,-8.699999999999637,80.0,2,2018-10-10 23:00:00
45396,45397,45399,long,1227.13,1232.5900000000001,win,51.30000000000037,80.0,2,2018-10-15 10:00:00
45447,45448,45450,long,1227.05,1228.8100000000002,win,14.300000000002182,80.0,2,2018-10-17 15:00:00
45533,45534,45536,long,1232.02,1235.89,win,35.400000000001185,80.0,2,2018-10-23 10:00:00
45602,45603,45605,long,1236.29,1237.89,win,12.700000000001364,80.0,2,2018-10-26 10:00:00
45694,45695,45699,long,1225.73,1230.02,win,39.59999999999964,80.0,4,2018-11-01 10:00:00
45762,45763,45765,long,1233.87,1235.24,win,10.400000000001182,80.0,2,2018-11-06 10:00:00
45933,45934,45939,long,1214.29,1216.0400000000002,win,14.200000000002273,80.0,5,2018-11-15 21:00:00
45990,45991,45994,long,1224.79,1224.25,loss,-8.699999999999637,80.0,3,2018-11-20 10:00:00
46038,46039,46041,long,1227.94,1228.1000000000001,loss,-1.6999999999991813,80.0,2,2018-11-22 12:00:00
46100,46101,46103,long,1223.93,1223.99,loss,-2.7000000000005455,80.0,2,2018-11-27 12:00:00
46148,46149,46151,long,1226.57,1226.93,win,0.30000000000127347,80.0,2,2018-11-29 14:00:00
46196,46197,46199,long,1232.94,1233.77,win,4.999999999999273,80.0,2,2018-12-03 17:00:00
46244,46245,46250,long,1238.36,1237.8200000000002,loss,-8.699999999997363,80.0,5,2018-12-05 19:00:00
46292,46293,46295,long,1249.65,1249.8000000000002,loss,-1.7999999999990903,80.0,2,2018-12-07 21:00:00
46355,46356,46358,long,1245.82,1245.64,loss,-5.099999999998363,80.0,2,2018-12-12 16:00:00
46419,46420,46422,long,1239.73,1239.5600000000002,loss,-4.999999999998454,80.0,2,2018-12-17 12:00:00
46469,46470,46472,long,1255.68,1256.0600000000002,win,0.5000000000010916,80.0,2,2018-12-19 16:00:00
46537,46538,46540,long,1266.24,1267.8500000000001,win,12.800000000001273,80.0,2,2018-12-24 16:00:00
46608,46609,46611,long,1279.83,1279.8600000000001,loss,-2.999999999997999,80.0,2,2018-12-28 22:00:00
46673,46674,46676,long,1291.07,1294.24,win,28.400000000000727,80.0,2,2019-01-03 20:00:00
46740,46741,46748,long,1286.33,1286.3500000000001,loss,-3.099999999997908,80.0,7,2019-01-08 19:00:00
46822,46823,46825,long,1293.67,1294.95,win,9.499999999999726,80.0,2,2019-01-14 10:00:00
46874,46875,46877,long,1292.46,1294.22,win,14.299999999999908,80.0,2,2019-01-16 16:00:00
46978,46979,47001,long,1286.27,1278.27,loss,-83.3,80.0,22,2019-01-23 10:00:00
47027,47028,47030,long,1284.52,1288.8200000000002,win,39.70000000000182,80.0,2,2019-01-25 13:00:00
47076,47077,47081,long,1310.86,1311.2800000000002,win,0.9000000000030015,80.0,4,2019-01-29 17:00:00
47140,47141,47143,long,1321.32,1321.2,loss,-4.499999999998908,80.0,2,2019-02-01 12:00:00
47195,47196,47199,long,1315.16,1315.0400000000002,loss,-4.499999999998908,80.0,3,2019-02-05 22:00:00
47254,47255,47258,long,1311.12,1314.41,win,29.60000000000191,80.0,3,2019-02-08 12:00:00
47327,47328,47331,long,1314.39,1306.39,loss,-83.3,80.0,3,2019-02-13 17:00:00
47376,47377,47379,long,1320.64,1321.8400000000001,win,8.700000000000454,80.0,2,2019-02-15 20:00:00
47481,47482,47484,long,1328.73,1330.0500000000002,win,9.900000000001636,80.0,2,2019-02-22 15:00:00
47532,47533,47536,long,1329.2,1328.75,loss,-7.800000000000455,80.0,3,2019-02-26 21:00:00
47714,47715,47717,long,1299.14,1299.95,win,4.7999999999994545,80.0,2,2019-03-08 20:00:00
47773,47774,47776,long,1306.54,1308.45,win,15.800000000000818,80.0,2,2019-03-13 10:00:00
47821,47822,47824,long,1303.06,1303.8300000000002,win,4.400000000002092,80.0,2,2019-03-15 12:00:00
47869,47870,47872,long,1308.38,1309.93,win,12.199999999999545,80.0,2,2019-03-19 14:00:00
47933,47934,47936,long,1312.51,1313.2,win,3.600000000000546,80.0,2,2019-03-22 09:00:00
48004,48005,48007,long,1317.81,1318.3700000000001,win,2.300000000001728,80.0,2,2019-03-27 11:00:00
48185,48186,48188,long,1297.11,1297.14,loss,-2.999999999997999,80.0,2,2019-04-08 10:00:00
48237,48238,48240,long,1305.67,1308.43,win,24.29999999999991,80.0,2,2019-04-10 16:00:00
48466,48467,48483,long,1281.84,1281.52,loss,-6.499999999999363,80.0,16,2019-04-25 16:00:00
48528,48529,48531,long,1283.58,1284.73,win,8.200000000000909,80.0,2,2019-04-30 10:00:00
48603,48604,48606,long,1278.21,1281.89,win,33.50000000000064,80.0,2,2019-05-03 16:00:00
48651,48652,48654,long,1284.11,1285.3400000000001,win,9.000000000002455,80.0,2,2019-05-07 19:00:00
48714,48715,48717,long,1285.85,1288.0900000000001,win,19.100000000002364,80.0,2,2019-05-10 13:00:00
48780,48781,48784,long,1298.77,1298.45,loss,-6.499999999999363,80.0,3,2019-05-15 11:00:00
48921,48922,48924,long,1282.71,1285.73,win,26.899999999999817,80.0,2,2019-05-23 15:00:00
49004,49005,49010,long,1284.91,1284.88,loss,-3.599999999999727,80.0,5,2019-05-29 10:00:00
49052,49053,49056,long,1298.77,1298.5500000000002,loss,-5.499999999997999,80.0,3,2019-05-31 12:00:00
49120,49121,49123,long,1337.76,1337.99,loss,-0.9999999999998179,80.0,2,2019-06-05 12:00:00
49168,49169,49171,long,1335.53,1343.72,win,78.60000000000055,80.0,2,2019-06-07 14:00:00
49232,49233,49235,long,1337.35,1337.25,loss,-4.29999999999909,80.0,2,2019-06-12 10:00:00
49280,49281,49283,long,1354.15,1353.97,loss,-5.1000000000006365,80.0,2,2019-06-14 12:00:00
49328,49329,49329,long,1351.71,1343.71,loss,-83.3,80.0,0,2019-06-18 15:00:00
49376,49377,49379,long,1382.88,1390.2800000000002,win,70.70000000000091,80.0,2,2019-06-20 17:00:00
49425,49426,49428,long,1419.19,1420.8000000000002,win,12.800000000001273,80.0,2,2019-06-24 21:00:00
49496,49497,49499,long,1409.78,1411.42,win,13.100000000001,80.0,2,2019-06-27 23:00:00
49552,49553,49555,long,1393.6,1393.0500000000002,loss,-8.799999999997272,80.0,2,2019-07-02 11:00:00
49638,49639,49641,long,1406.42,1405.8300000000002,loss,-9.199999999999182,80.0,2,2019-07-08 10:00:00
49689,49690,49692,long,1410.08,1410.69,win,2.8000000000012735,80.0,2,2019-07-10 15:00:00
49739,49740,49742,long,1411.29,1416.24,win,46.20000000000046,80.0,2,2019-07-12 19:00:00
49804,49805,49807,long,1411.81,1423.5900000000001,win,114.500000000002,80.0,2,2019-07-17 16:00:00
49872,49873,49877,long,1428.6,1428.2900000000002,loss,-6.39999999999718,80.0,4,2019-07-22 16:00:00
49935,49936,49938,long,1425.61,1427.18,win,12.400000000001636,80.0,2,2019-07-25 10:00:00
49991,49992,49994,long,1424.5,1426.9,win,20.70000000000091,80.0,2,2019-07-29 21:00:00
50059,50060,50062,long,1438.39,1445.27,win,65.49999999999882,80.0,2,2019-08-01 20:00:00
50107,50108,50110,long,1468.42,1474.0,win,52.499999999999275,80.0,2,2019-08-05 23:00:00
50173,50174,50176,long,1501.74,1507.02,win,49.49999999999973,80.0,2,2019-08-08 20:00:00
50231,50232,50234,long,1525.76,1532.5600000000002,win,64.70000000000182,80.0,2,2019-08-13 10:00:00
50287,50288,50291,long,1523.76,1524.3000000000002,win,2.10000000000191,80.0,3,2019-08-15 20:00:00
50345,50346,50348,long,1499.41,1504.5700000000002,win,48.30000000000082,80.0,2,2019-08-20 10:00:00
50397,50398,50400,long,1502.45,1502.0900000000001,loss,-6.899999999998999,80.0,2,2019-08-22 16:00:00
50465,50466,50468,long,1532.73,1542.14,win,90.80000000000082,80.0,2,2019-08-27 16:00:00
50559,50560,50570,long,1528.7,1530.6100000000001,win,15.800000000000818,80.0,10,2019-09-02 19:00:00
50733,50734,50736,long,1512.54,1519.75,win,68.80000000000037,80.0,2,2019-09-12 14:00:00
50806,50807,50827,long,1505.73,1505.88,loss,-1.7999999999990903,80.0,20,2019-09-17 19:00:00
50867,50868,50874,long,1504.88,1504.44,loss,-7.7000000000005455,80.0,6,2019-09-20 11:00:00
50918,50919,50921,long,1522.56,1535.0400000000002,win,121.50000000000246,80.0,2,2019-09-24 17:00:00
51048,51049,51051,long,1495.47,1501.46,win,56.600000000000094,80.0,2,2019-10-02 17:00:00
51117,51118,51120,long,1498.51,1504.2,win,53.60000000000055,80.0,2,2019-10-08 10:00:00
51279,51280,51282,long,1493.2,1495.75,win,22.199999999999545,80.0,2,2019-10-17 16:00:00
51364,51365,51367,long,1492.76,1494.3700000000001,win,12.800000000001273,80.0,2,2019-10-23 10:00:00
51414,51415,51417,long,1509.08,1517.3100000000002,win,79.00000000000246,80.0,2,2019-10-25 14:00:00
51486,51487,51489,long,1494.57,1494.0400000000002,loss,-8.599999999997454,80.0,2,2019-10-30 17:00:00
51536,51537,51539,long,1512.97,1512.43,loss,-8.699999999999637,80.0,2,2019-11-01 21:00:00
51738,51739,51741,long,1473.32,1473.94,win,2.9000000000011825,80.0,2,2019-11-14 18:00:00
51805,51806,51808,long,1473.2,1474.3600000000001,win,8.300000000000818,80.0,2,2019-11-19 17:00:00
51868,51869,51871,long,1471.17,1471.96,win,4.599999999999636,80.0,2,2019-11-22 11:00:00
51985,51986,51988,long,1464.06,1464.0700000000002,loss,-3.199999999997817,80.0,2,2019-11-29 18:00:00
52074,52075,52077,long,1479.02,1478.6000000000001,loss,-7.499999999998454,80.0,2,2019-12-05 18:00:00
52137,52138,52140,long,1466.44,1467.1000000000001,win,3.3000000000008187,80.0,2,2019-12-10 13:00:00
52185,52186,52186,long,1482.77,1474.77,loss,-83.3,80.0,0,2019-12-12 15:00:00
52248,52249,52251,long,1478.27,1479.91,win,13.100000000001,80.0,2,2019-12-17 10:00:00
52302,52303,52305,long,1478.75,1481.16,win,20.800000000000818,80.0,2,2019-12-19 18:00:00
52350,52351,52353,long,1485.55,1485.39,loss,-4.899999999998545,80.0,2,2019-12-23 21:00:00
52412,52413,52415,long,1513.86,1513.52,loss,-6.699999999999181,80.0,2,2019-12-27 18:00:00
52471,52472,52475,long,1520.79,1521.8200000000002,win,7.000000000002001,80.0,3,2020-01-02 10:00:00
52519,52520,52523,long,1578.75,1570.75,loss,-83.3,80.0,3,2020-01-06 13:00:00
52612,52613,52615,long,1553.35,1560.44,win,67.60000000000146,80.0,2,2020-01-10 16:00:00
52663,52664,52666,long,1546.94,1549.38,win,21.100000000000545,80.0,2,2020-01-14 22:00:00
52722,52723,52725,long,1556.76,1559.1200000000001,win,20.300000000001273,80.0,2,2020-01-17 12:00:00
52784,52785,52787,long,1556.22,1558.39,win,18.400000000000727,80.0,2,2020-01-22 10:00:00
52836,52837,52839,long,1564.36,1573.1200000000001,win,84.30000000000219,80.0,2,2020-01-24 16:00:00
52899,52900,52902,long,1570.76,1571.8700000000001,win,7.8000000000012735,80.0,2,2020-01-29 11:00:00
52947,52948,52950,long,1580.58,1581.5800000000002,win,6.700000000002274,80.0,2,2020-01-31 13:00:00
53037,53038,53041,long,1566.84,1566.68,loss,-4.899999999998545,80.0,3,2020-02-06 12:00:00
53088,53089,53091,long,1574.34,1576.13,win,14.60000000000191,80.0,2,2020-02-10 18:00:00
53150,53151,53153,long,1575.2,1574.8000000000002,loss,-7.299999999998636,80.0,2,2020-02-13 11:00:00
53214,53215,53219,long,1588.67,1591.27,win,22.69999999999909,80.0,4,2020-02-18 11:00:00
53262,53263,53265,long,1617.47,1618.5400000000002,win,7.400000000001637,80.0,2,2020-02-20 13:00:00
53350,53351,53354,long,1651.4,1643.4,loss,-83.3,80.0,3,2020-02-26 10:00:00
53448,53449,53451,long,1633.33,1648.72,win,150.600000000001,80.0,2,2020-03-03 17:00:00
53496,53497,53499,long,1667.01,1671.43,win,40.90000000000073,80.0,2,2020-03-05 19:00:00
53581,53582,53584,long,1664.95,1670.63,win,53.50000000000064,80.0,2,2020-03-11 12:00:00
53769,53770,53772,long,1542.55,1560.6100000000001,win,177.30000000000172,80.0,2,2020-03-23 17:00:00
53832,53833,53835,long,1609.19,1620.5900000000001,win,110.70000000000091,80.0,2,2020-03-26 11:00:00
53922,53923,53925,long,1593.21,1594.48,win,9.399999999999817,80.0,2,2020-04-01 10:00:00
53972,53973,53973,long,1619.1,1611.1,loss,-83.3,80.0,0,2020-04-03 14:00:00
54038,54039,54040,long,1651.62,1643.62,loss,-83.3,80.0,1,2020-04-08 12:00:00
54086,54087,54089,long,1691.48,1692.25,win,4.399999999999818,80.0,2,2020-04-13 14:00:00
54151,54152,54154,long,1722.68,1724.02,win,10.09999999999918,80.0,2,2020-04-16 10:00:00
54200,54201,54203,long,1687.05,1691.7800000000002,win,44.00000000000246,80.0,2,2020-04-20 14:00:00
54248,54249,54251,long,1708.48,1710.92,win,21.100000000000545,80.0,2,2020-04-22 16:00:00
54335,54336,54338,long,1708.19,1711.5600000000002,win,30.40000000000118,80.0,2,2020-04-28 12:00:00
54413,54414,54415,long,1702.75,1694.75,loss,-83.3,80.0,1,2020-05-01 21:00:00
54470,54471,54475,long,1706.22,1698.22,loss,-83.3,80.0,4,2020-05-06 10:00:00
54518,54519,54521,long,1721.7,1713.7,loss,-83.3,80.0,2,2020-05-08 12:00:00
54567,54568,54570,long,1708.73,1710.41,win,13.500000000000636,80.0,2,2020-05-12 16:00:00
54617,54618,54622,long,1732.99,1733.52,win,1.9999999999997273,80.0,4,2020-05-14 21:00:00
54681,54682,54686,long,1743.67,1745.3000000000002,win,13.00000000000109,80.0,4,2020-05-19 17:00:00
54743,54744,54746,long,1736.09,1736.44,win,0.20000000000136442,80.0,2,2020-05-22 10:00:00
54832,54833,54835,long,1724.25,1725.44,win,8.600000000000545,80.0,2,2020-05-28 12:00:00
54904,54905,54906,long,1744.6,1736.6,loss,-83.3,80.0,1,2020-06-02 16:00:00
55017,55018,55020,long,1716.31,1720.1000000000001,win,34.60000000000191,80.0,2,2020-06-09 15:00:00
55065,55066,55066,long,1743.42,1735.42,loss,-83.3,80.0,0,2020-06-11 17:00:00
55129,55130,55131,long,1730.47,1722.47,loss,-83.3,80.0,1,2020-06-16 13:00:00
55195,55196,55199,long,1731.89,1731.51,loss,-7.100000000001091,80.0,3,2020-06-19 10:00:00
55244,55245,55247,long,1757.79,1766.72,win,86.00000000000064,80.0,2,2020-06-23 14:00:00
55317,55318,55320,long,1766.58,1769.4,win,24.900000000001636,80.0,2,2020-06-26 18:00:00
55365,55366,55369,long,1782.35,1783.17,win,4.900000000001637,80.0,3,2020-06-30 21:00:00
55446,55447,55449,long,1779.31,1786.3300000000002,win,66.9000000000021,80.0,2,2020-07-06 14:00:00
55494,55495,55497,long,1810.31,1813.26,win,26.200000000000454,80.0,2,2020-07-08 16:00:00
55557,55558,55560,long,1807.59,1808.9,win,9.800000000001727,80.0,2,2020-07-13 11:00:00
55611,55612,55618,long,1812.39,1812.5400000000002,loss,-1.7999999999990903,80.0,6,2020-07-15 19:00:00
55671,55672,55675,long,1811.95,1814.7,win,24.2,80.0,3,2020-07-20 11:00:00
55724,55725,55727,long,1864.16,1867.15,win,26.60000000000009,80.0,2,2020-07-22 18:00:00
55774,55775,55777,long,1902.47,1914.65,win,118.50000000000064,80.0,2,2020-07-24 22:00:00
55839,55840,55842,long,1960.38,1980.2,win,194.89999999999935,80.0,2,2020-07-29 19:00:00
55921,55922,55925,long,1977.69,1969.69,loss,-83.3,80.0,3,2020-08-04 10:00:00
55970,55971,55973,long,2050.31,2064.21,win,135.7000000000009,80.0,2,2020-08-06 13:00:00
56018,56019,56019,long,2047.46,2039.46,loss,-83.3,80.0,0,2020-08-10 16:00:00
56132,56133,56135,long,1972.71,1986.0,win,129.59999999999962,80.0,2,2020-08-17 16:00:00
56298,56299,56301,long,1952.18,1955.89,win,33.80000000000037,80.0,2,2020-08-26 22:00:00
56377,56378,56383,long,1991.93,1983.93,loss,-83.3,80.0,5,2020-09-01 10:00:00
56516,56517,56519,long,1947.37,1946.89,loss,-8.099999999997909,80.0,2,2020-09-09 16:00:00
56583,56584,56586,long,1956.01,1959.46,win,31.200000000000454,80.0,2,2020-09-14 15:00:00
56632,56633,56635,long,1966.89,1958.89,loss,-83.3,80.0,2,2020-09-16 18:00:00
56838,56839,56841,long,1895.52,1897.14,win,12.900000000001182,80.0,2,2020-09-29 19:00:00
56886,56887,56891,long,1909.53,1901.53,loss,-83.3,80.0,4,2020-10-01 21:00:00
56946,56947,56949,long,1913.08,1918.48,win,50.70000000000091,80.0,2,2020-10-06 13:00:00
56994,56995,56996,long,1898.15,1890.15,loss,-83.3,80.0,1,2020-10-08 15:00:00
57058,57059,57062,long,1922.72,1914.72,loss,-83.3,80.0,3,2020-10-13 11:00:00
57111,57112,57114,long,1903.56,1907.02,win,31.300000000000363,80.0,2,2020-10-15 18:00:00
57173,57174,57177,long,1906.08,1906.8000000000002,win,3.9000000000025468,80.0,3,2020-10-20 12:00:00
57240,57241,57243,long,1908.89,1910.88,win,16.60000000000009,80.0,2,2020-10-23 10:00:00
57294,57295,57297,long,1909.26,1909.21,loss,-3.799999999999545,80.0,2,2020-10-27 18:00:00
57385,57386,57388,long,1893.09,1893.45,win,0.30000000000127347,80.0,2,2020-11-02 18:00:00
57446,57447,57449,long,1917.99,1918.47,win,1.500000000000182,80.0,2,2020-11-05 10:00:00
57588,57589,57593,long,1894.73,1886.73,loss,-83.3,80.0,4,2020-11-13 15:00:00
57873,57874,57876,long,1824.93,1831.74,win,64.79999999999946,80.0,2,2020-12-02 10:00:00
57947,57948,57950,long,1856.66,1867.93,win,109.39999999999982,80.0,2,2020-12-07 16:00:00
58015,58016,58017,long,1845.41,1837.41,loss,-83.3,80.0,1,2020-12-10 15:00:00
58078,58079,58081,long,1844.81,1846.5700000000002,win,14.300000000002182,80.0,2,2020-12-15 10:00:00
58127,58128,58130,long,1879.63,1889.4,win,94.39999999999982,80.0,2,2020-12-17 13:00:00
58215,58216,58218,long,1869.29,1868.92,loss,-6.999999999998908,80.0,2,2020-12-23 10:00:00
58281,58282,58287,long,1881.85,1873.85,loss,-83.3,80.0,5,2020-12-29 11:00:00
58331,58332,58334,long,1898.04,1899.71,win,13.400000000000727,80.0,2,2020-12-31 15:00:00
58380,58381,58383,long,1950.65,1951.5700000000002,win,5.900000000000728,80.0,2,2021-01-05 18:00:00
58625,58626,58628,long,1855.34,1868.65,win,129.80000000000172,80.0,2,2021-01-20 16:00:00
58689,58690,58692,long,1862.66,1864.0700000000002,win,10.800000000000818,80.0,2,2021-01-25 12:00:00
58761,58762,58764,long,1856.93,1863.39,win,61.30000000000037,80.0,2,2021-01-28 15:00:00
58921,58922,58924,long,1831.97,1837.6200000000001,win,53.20000000000091,80.0,2,2021-02-08 16:00:00
59145,59146,59148,long,1804.66,1811.8400000000001,win,68.50000000000064,80.0,2,2021-02-22 16:00:00
59423,59424,59426,long,1723.21,1725.5600000000002,win,20.200000000001364,80.0,2,2021-03-10 20:00:00
59471,59472,59474,long,1726.87,1727.41,win,2.10000000000191,80.0,2,2021-03-12 22:00:00
59538,59539,59544,long,1749.54,1750.89,win,10.200000000001364,80.0,5,2021-03-17 20:00:00
59586,59587,59587,long,1746.38,1738.38,loss,-83.3,80.0,0,2021-03-19 22:00:00
59644,59645,59652,long,1734.62,1737.71,win,27.600000000001454,80.0,7,2021-03-24 11:00:00
59696,59697,59699,long,1733.86,1733.5600000000002,loss,-6.299999999997271,80.0,2,2021-03-26 17:00:00
59780,59781,59784,long,1718.38,1710.38,loss,-83.3,80.0,3,2021-04-01 10:00:00
59830,59831,59833,long,1736.18,1741.3100000000002,win,48.000000000001094,80.0,2,2021-04-06 14:00:00
59878,59879,59881,long,1753.72,1756.3700000000001,win,23.20000000000091,80.0,2,2021-04-08 16:00:00
59945,59946,59948,long,1736.29,1748.0300000000002,win,114.10000000000237,80.0,2,2021-04-13 15:00:00
59993,59994,59996,long,1764.69,1768.6100000000001,win,35.90000000000073,80.0,2,2021-04-15 17:00:00
60058,60059,60061,long,1773.16,1773.0700000000002,loss,-4.199999999999181,80.0,2,2021-04-20 14:00:00
60127,60128,60129,long,1790.99,1782.99,loss,-83.3,80.0,1,2021-04-23 14:00:00
60197,60198,60200,long,1773.6,1775.18,win,12.500000000001545,80.0,2,2021-04-28 16:00:00
60261,60262,60264,long,1777.63,1781.0800000000002,win,31.200000000000454,80.0,2,2021-05-03 12:00:00
60310,60311,60313,long,1781.69,1784.22,win,21.999999999999726,80.0,2,2021-05-05 15:00:00
60359,60360,60366,long,1835.01,1836.19,win,8.500000000000636,80.0,6,2021-05-07 18:00:00
60408,60409,60413,long,1837.65,1829.65,loss,-83.3,80.0,4,2021-05-11 22:00:00
60466,60467,60469,long,1834.77,1834.98,loss,-1.199999999999636,80.0,2,2021-05-14 11:00:00
60538,60539,60541,long,1872.41,1889.0,win,162.59999999999917,80.0,2,2021-05-19 15:00:00
60631,60632,60635,long,1890.47,1897.8700000000001,win,70.70000000000091,80.0,3,2021-05-25 17:00:00
60699,60700,60704,long,1898.16,1902.68,win,41.89999999999982,80.0,4,2021-05-28 16:00:00
60761,60762,60764,long,1901.01,1908.0900000000001,win,67.50000000000155,80.0,2,2021-06-02 14:00:00
60809,60810,60812,long,1891.21,1893.8700000000001,win,23.300000000000818,80.0,2,2021-06-04 16:00:00
60899,60900,60902,long,1890.74,1892.18,win,11.100000000000545,80.0,2,2021-06-10 15:00:00
61262,61263,61264,long,1787.03,1779.03,loss,-83.3,80.0,1,2021-07-02 13:00:00
61323,61324,61327,long,1805.28,1807.76,win,21.50000000000018,80.0,3,2021-07-07 10:00:00
61376,61377,61379,long,1808.28,1809.8600000000001,win,12.500000000001545,80.0,2,2021-07-09 17:00:00
61438,61439,61441,long,1813.97,1816.8100000000002,win,25.100000000001454,80.0,2,2021-07-14 11:00:00
61511,61512,61513,long,1815.24,1807.24,loss,-83.3,80.0,1,2021-07-19 16:00:00
61597,61598,61599,long,1809.16,1801.16,loss,-83.3,80.0,1,2021-07-23 10:00:00
61677,61678,61681,long,1808.63,1809.5600000000002,win,6.000000000000637,80.0,3,2021-07-28 22:00:00
61740,61741,61743,long,1814.63,1817.74,win,27.799999999999,80.0,2,2021-08-02 17:00:00
61802,61803,61807,long,1813.64,1814.17,win,1.9999999999997273,80.0,4,2021-08-05 10:00:00
61946,61947,61949,long,1773.18,1778.5900000000001,win,50.80000000000082,80.0,2,2021-08-13 17:00:00
62031,62032,62034,long,1785.26,1789.49,win,39.000000000000185,80.0,2,2021-08-19 11:00:00
62079,62080,62082,long,1790.8,1805.69,win,145.600000000001,80.0,2,2021-08-23 14:00:00
62151,62152,62154,long,1791.5,1792.75,win,9.2,80.0,2,2021-08-26 17:00:00
62240,62241,62241,long,1819.27,1811.27,loss,-83.3,80.0,0,2021-09-01 15:00:00
62288,62289,62291,long,1830.15,1829.67,loss,-8.100000000000183,80.0,2,2021-09-03 17:00:00
62443,62444,62446,long,1804.25,1805.72,win,11.400000000000272,80.0,2,2021-09-14 17:00:00
62717,62718,62720,long,1757.32,1759.5900000000001,win,19.40000000000209,80.0,2,2021-09-30 17:00:00
62767,62768,62770,long,1768.62,1768.8200000000002,loss,-1.2999999999972713,80.0,2,2021-10-04 22:00:00
62824,62825,62829,long,1765.91,1757.91,loss,-83.3,80.0,4,2021-10-07 10:00:00
62895,62896,62897,long,1762.17,1754.17,loss,-83.3,80.0,1,2021-10-12 13:00:00
62943,62944,62946,long,1798.93,1798.63,loss,-6.299999999999545,80.0,2,2021-10-14 15:00:00
63006,63007,63009,long,1781.31,1781.74,win,1.0000000000006368,80.0,2,2021-10-19 10:00:00
63054,63055,63056,long,1787.49,1779.49,loss,-83.3,80.0,1,2021-10-21 12:00:00
63102,63103,63105,long,1803.04,1809.0500000000002,win,56.800000000002186,80.0,2,2021-10-25 15:00:00
63151,63152,63154,long,1794.36,1797.3400000000001,win,26.500000000002455,80.0,2,2021-10-27 18:00:00
63216,63217,63219,long,1789.16,1795.1200000000001,win,56.30000000000037,80.0,2,2021-11-01 14:00:00
63285,63286,63288,long,1792.55,1798.19,win,53.100000000001,80.0,2,2021-11-04 14:00:00
63334,63335,63337,long,1823.89,1825.7800000000002,win,15.600000000001,80.0,2,2021-11-08 18:00:00
63395,63396,63398,long,1861.34,1862.17,win,5.000000000001546,80.0,2,2021-11-11 10:00:00
63443,63444,63446,long,1864.39,1869.74,win,50.19999999999909,80.0,2,2021-11-15 13:00:00
63492,63493,63495,long,1865.9,1865.66,loss,-5.700000000000091,80.0,2,2021-11-17 16:00:00
63824,63825,63825,long,1791.89,1783.89,loss,-83.3,80.0,0,2021-12-08 12:00:00
63876,63877,63879,long,1784.5,1784.3400000000001,loss,-4.899999999998545,80.0,2,2021-12-10 18:00:00
63959,63960,63962,long,1786.53,1786.5900000000001,loss,-2.699999999998272,80.0,2,2021-12-16 10:00:00
64027,64028,64030,long,1796.82,1797.4,win,2.5000000000015463,80.0,2,2021-12-21 10:00:00
64081,64082,64084,long,1807.27,1810.02,win,24.2,80.0,2,2021-12-23 18:00:00
64169,64170,64172,long,1804.58,1807.91,win,30.000000000001545,80.0,2,2021-12-30 14:00:00
64238,64239,64241,long,1807.07,1816.0700000000002,win,86.70000000000228,80.0,2,2022-01-04 15:00:00
64354,64355,64358,long,1811.58,1819.4,win,74.90000000000164,80.0,3,2022-01-11 17:00:00
64438,64439,64455,long,1822.31,1822.0700000000002,loss,-5.699999999997817,80.0,16,2022-01-17 10:00:00
64486,64487,64489,long,1817.72,1827.71,win,96.6000000000001,80.0,2,2022-01-19 14:00:00
64550,64551,64553,long,1840.39,1841.47,win,7.499999999999273,80.0,2,2022-01-24 10:00:00
64757,64758,64760,long,1810.89,1812.8200000000002,win,16.000000000000636,80.0,2,2022-02-04 11:00:00
64806,64807,64809,long,1823.94,1827.63,win,33.60000000000055,80.0,2,2022-02-08 15:00:00
64854,64855,64857,long,1835.49,1841.0300000000002,win,52.10000000000191,80.0,2,2022-02-10 17:00:00
64902,64903,64905,long,1870.99,1872.8400000000001,win,15.200000000001364,80.0,2,2022-02-14 20:00:00
64950,64951,64957,long,1872.17,1874.22,win,17.199999999999545,80.0,6,2022-02-16 22:00:00
65016,65017,65019,long,1904.6,1913.2900000000002,win,83.60000000000282,80.0,2,2022-02-21 20:00:00
65074,65075,65077,long,1953.26,1973.17,win,195.8000000000008,80.0,2,2022-02-24 11:00:00
65123,65124,65124,long,1917.05,1909.05,loss,-83.3,80.0,0,2022-02-28 15:00:00
65189,65190,65192,long,1933.68,1935.19,win,11.799999999999908,80.0,2,2022-03-03 12:00:00
65261,65262,65264,long,2039.46,2069.61,win,298.2000000000009,80.0,2,2022-03-08 16:00:00
65310,65311,65311,long,2003.59,1995.59,loss,-83.3,80.0,0,2022-03-10 19:00:00
65518,65519,65521,long,1939.24,1946.64,win,70.70000000000091,80.0,2,2022-03-23 20:00:00
65629,65630,65638,long,1937.09,1929.09,loss,-83.3,80.0,8,2022-03-30 17:00:00
65697,65698,65710,long,1934.57,1926.57,loss,-83.3,80.0,12,2022-04-04 17:00:00
65763,65764,65766,long,1930.49,1931.3700000000001,win,5.500000000001092,80.0,2,2022-04-07 14:00:00
65832,65833,65833,long,1970.23,1962.23,loss,-83.3,80.0,0,2022-04-12 15:00:00
65896,65897,65899,long,1991.35,1993.0800000000002,win,14.000000000002455,80.0,2,2022-04-18 10:00:00
66106,66107,66107,long,1919.39,1911.39,loss,-83.3,80.0,0,2022-04-29 14:00:00
66198,66199,66199,long,1906.75,1898.75,loss,-83.3,80.0,0,2022-05-05 15:00:00
66426,66427,66429,long,1838.12,1846.13,win,76.80000000000219,80.0,2,2022-05-19 15:00:00
66489,66490,66495,long,1859.89,1859.92,loss,-3.0000000000002727,80.0,5,2022-05-24 10:00:00
66546,66547,66549,long,1851.49,1851.45,loss,-3.699999999999636,80.0,2,2022-05-26 21:00:00
66633,66634,66636,long,1847.41,1849.17,win,14.299999999999908,80.0,2,2022-06-01 19:00:00
66718,66719,66721,long,1850.36,1842.36,loss,-83.3,80.0,2,2022-06-07 13:00:00
66791,66792,66794,long,1855.74,1875.14,win,190.7000000000009,80.0,2,2022-06-10 17:00:00
66883,66884,66886,long,1845.24,1850.27,win,46.99999999999973,80.0,2,2022-06-16 18:00:00
66969,66970,66970,long,1844.54,1836.54,loss,-83.3,80.0,0,2022-06-22 15:00:00
67033,67034,67036,long,1839.41,1839.02,loss,-7.200000000001,80.0,2,2022-06-27 11:00:00
67083,67084,67084,long,1831.13,1823.13,loss,-83.3,80.0,0,2022-06-29 15:00:00
67466,67467,67469,long,1724.13,1729.46,win,49.999999999999275,80.0,2,2022-07-22 12:00:00
67533,67534,67536,long,1723.33,1723.17,loss,-4.899999999998545,80.0,2,2022-07-27 11:00:00
67586,67587,67589,long,1765.76,1765.71,loss,-3.799999999999545,80.0,2,2022-07-29 18:00:00
67651,67652,67653,long,1771.69,1763.69,loss,-83.3,80.0,1,2022-08-03 15:00:00
67714,67715,67719,long,1777.58,1782.48,win,45.70000000000091,80.0,4,2022-08-08 10:00:00
67762,67763,67766,long,1794.03,1807.0800000000002,win,127.20000000000182,80.0,3,2022-08-10 12:00:00
67811,67812,67814,long,1793.19,1796.18,win,26.60000000000009,80.0,2,2022-08-12 15:00:00
68011,68012,68014,long,1762.3,1764.4,win,17.700000000001364,80.0,2,2022-08-25 10:00:00
68228,68229,68233,long,1718.05,1718.5700000000002,win,1.900000000002092,80.0,4,2022-09-07 23:00:00
68283,68284,68286,long,1724.21,1726.7,win,21.60000000000009,80.0,2,2022-09-12 10:00:00
68454,68455,68455,long,1685.81,1677.81,loss,-83.3,80.0,0,2022-09-21 21:00:00
68565,68566,68568,long,1658.62,1661.99,win,30.40000000000118,80.0,2,2022-09-28 18:00:00
68631,68632,68634,long,1668.7,1693.2900000000002,win,242.60000000000144,80.0,2,2022-10-03 16:00:00
68694,68695,68695,long,1724.49,1716.49,loss,-83.3,80.0,0,2022-10-06 10:00:00
68953,68954,68956,long,1650.7,1653.67,win,26.400000000000272,80.0,2,2022-10-21 18:00:00
69013,69014,69016,long,1670.78,1674.17,win,30.600000000001,80.0,2,2022-10-26 10:00:00
69106,69107,69109,long,1650.21,1654.48,win,39.39999999999982,80.0,2,2022-11-01 11:00:00
69174,69175,69177,long,1647.78,1651.19,win,30.800000000000818,80.0,2,2022-11-04 10:00:00
69225,69226,69228,long,1678.78,1716.13,win,370.20000000000135,80.0,2,2022-11-08 16:00:00
69275,69276,69278,long,1750.46,1755.3000000000002,win,45.10000000000146,80.0,2,2022-11-10 20:00:00
69356,69357,69359,long,1779.02,1784.26,win,49.100000000000094,80.0,2,2022-11-16 10:00:00
69404,69405,69408,long,1764.97,1756.97,loss,-83.3,80.0,3,2022-11-18 12:00:00
69477,69478,69480,long,1743.27,1743.7900000000002,win,1.900000000002092,80.0,2,2022-11-23 17:00:00
69534,69535,69537,long,1759.09,1762.91,win,34.90000000000164,80.0,2,2022-11-28 10:00:00
69583,69584,69585,long,1762.15,1754.15,loss,-83.3,80.0,1,2022-11-30 13:00:00
69674,69675,69677,long,1778.74,1780.02,win,9.499999999999726,80.0,2,2022-12-06 13:00:00
69722,69723,69725,long,1789.4,1794.0900000000001,win,43.60000000000055,80.0,2,2022-12-08 15:00:00
69787,69788,69790,long,1787.05,1789.3200000000002,win,19.40000000000209,80.0,2,2022-12-13 12:00:00
69860,69861,69865,long,1792.0,1791.51,loss,-8.200000000000092,80.0,4,2022-12-16 16:00:00
69908,69909,69911,long,1817.83,1818.25,win,0.9000000000007278,80.0,2,2022-12-20 19:00:00
69969,69970,69972,long,1798.55,1798.93,win,0.5000000000010916,80.0,2,2022-12-23 11:00:00
70036,70037,70042,long,1809.72,1811.39,win,13.400000000000727,80.0,5,2022-12-29 10:00:00
70088,70089,70089,long,1844.76,1836.76,loss,-83.3,80.0,0,2023-01-03 16:00:00
70156,70157,70157,long,1851.64,1843.64,loss,-83.3,80.0,0,2023-01-06 15:00:00
70208,70209,70213,long,1877.98,1877.7,loss,-6.099999999999727,80.0,4,2023-01-10 22:00:00
70265,70266,70269,long,1906.35,1906.22,loss,-4.5999999999988175,80.0,3,2023-01-13 10:00:00
70332,70333,70335,long,1912.02,1914.19,win,18.400000000000727,80.0,2,2023-01-18 10:00:00
70412,70413,70415,long,1930.59,1931.98,win,10.600000000001,80.0,2,2023-01-23 22:00:00
70543,70544,70546,long,1924.53,1928.8200000000002,win,39.60000000000191,80.0,2,2023-01-31 16:00:00
71015,71016,71019,long,1835.66,1837.8400000000001,win,18.500000000000636,80.0,3,2023-03-01 10:00:00
71063,71064,71066,long,1846.8,1847.97,win,8.400000000000727,80.0,2,2023-03-03 12:00:00
71158,71159,71163,long,1831.31,1834.3300000000002,win,26.90000000000209,80.0,4,2023-03-09 16:00:00
71206,71207,71209,long,1909.03,1912.45,win,30.900000000000727,80.0,2,2023-03-13 18:00:00
71268,71269,71271,long,1921.75,1926.41,win,43.30000000000082,80.0,2,2023-03-16 11:00:00
71365,71366,71369,long,1950.31,1950.1100000000001,loss,-5.299999999998181,80.0,3,2023-03-22 16:00:00
71455,71456,71458,long,1965.19,1969.3500000000001,win,38.30000000000082,80.0,2,2023-03-28 15:00:00
71503,71504,71506,long,1972.01,1983.6000000000001,win,112.60000000000146,80.0,2,2023-03-30 17:00:00
71553,71554,71556,long,1984.99,1984.8300000000002,loss,-4.899999999998545,80.0,2,2023-04-03 22:00:00
71612,71613,71615,long,2019.49,2020.2800000000002,win,4.60000000000191,80.0,2,2023-04-06 12:00:00
71664,71665,71667,long,2004.05,2005.76,win,13.800000000000363,80.0,2,2023-04-11 18:00:00
71712,71713,71720,long,2043.66,2045.2900000000002,win,13.00000000000109,80.0,7,2023-04-13 20:00:00
71777,71778,71791,long,2009.13,2001.13,loss,-83.3,80.0,13,2023-04-18 17:00:00
71825,71826,71828,long,2005.75,2006.17,win,0.9000000000007278,80.0,2,2023-04-20 19:00:00
71894,71895,71897,long,1998.94,1998.76,loss,-5.1000000000006365,80.0,2,2023-04-25 20:00:00
71980,71981,71982,long,2004.26,1996.26,loss,-83.3,80.0,1,2023-05-01 15:00:00
72028,72029,72031,long,2021.17,2024.63,win,31.300000000000363,80.0,2,2023-05-03 17:00:00
72092,72093,72095,long,2024.04,2026.26,win,18.900000000000272,80.0,2,2023-05-08 13:00:00
72140,72141,72141,long,2045.52,2037.52,loss,-83.3,80.0,0,2023-05-10 15:00:00
72209,72210,72214,long,2020.74,2020.72,loss,-3.499999999999818,80.0,4,2023-05-15 16:00:00
72480,72481,72483,long,1962.64,1974.1000000000001,win,111.30000000000037,80.0,2,2023-05-31 15:00:00
72568,72569,72571,long,1962.28,1964.24,win,16.300000000000363,80.0,2,2023-06-06 12:00:00
72617,72618,72620,long,1959.27,1969.8000000000002,win,102.000000000002,80.0,2,2023-06-08 15:00:00
72681,72682,72684,long,1964.12,1965.3000000000002,win,8.50000000000291,80.0,2,2023-06-13 11:00:00
72734,72735,72737,long,1956.48,1959.5900000000001,win,27.800000000001273,80.0,2,2023-06-15 18:00:00
72792,72793,72797,long,1954.71,1946.71,loss,-83.3,80.0,4,2023-06-20 10:00:00
73002,73003,73005,long,1921.79,1930.3200000000002,win,82.000000000002,80.0,2,2023-07-03 15:00:00
73067,73068,73069,long,1924.72,1916.72,loss,-83.3,80.0,1,2023-07-06 13:00:00
73133,73134,73136,long,1936.63,1937.8600000000001,win,9.000000000000181,80.0,2,2023-07-11 11:00:00
73224,73225,73227,long,1955.86,1959.23,win,30.40000000000118,80.0,2,2023-07-17 11:00:00
73337,73338,73340,long,1963.25,1965.5500000000002,win,19.70000000000182,80.0,2,2023-07-24 10:00:00
73386,73387,73389,long,1971.74,1973.5,win,14.299999999999908,80.0,2,2023-07-26 13:00:00
73437,73438,73440,long,1960.92,1961.8000000000002,win,5.500000000001092,80.0,2,2023-07-28 18:00:00
73839,73840,73842,long,1903.56,1904.5500000000002,win,6.600000000002365,80.0,2,2023-08-23 10:00:00
73888,73889,73891,long,1917.61,1919.5500000000002,win,16.10000000000282,80.0,2,2023-08-25 13:00:00
73937,73938,73940,long,1934.1,1937.1000000000001,win,26.700000000002273,80.0,2,2023-08-29 17:00:00
73999,74000,74002,long,1943.01,1943.8000000000002,win,4.60000000000191,80.0,2,2023-09-01 10:00:00
74117,74118,74119,long,1928.56,1920.56,loss,-83.3,80.0,1,2023-09-08 16:00:00
74229,74230,74232,long,1919.1,1926.0900000000001,win,66.60000000000237,80.0,2,2023-09-15 14:00:00
74295,74296,74298,long,1931.66,1931.97,loss,-0.20000000000054552,80.0,2,2023-09-20 12:00:00
74346,74347,74349,long,1928.12,1927.8600000000001,loss,-5.899999999997635,80.0,2,2023-09-22 17:00:00
74596,74597,74600,long,1851.95,1854.68,win,24.00000000000018,80.0,3,2023-10-09 17:00:00
74644,74645,74649,long,1874.14,1873.75,loss,-7.200000000001,80.0,4,2023-10-11 19:00:00
74726,74727,74729,long,1919.84,1923.02,win,28.500000000000636,80.0,2,2023-10-17 10:00:00
74776,74777,74779,long,1952.12,1955.74,win,32.900000000001185,80.0,2,2023-10-19 14:00:00
74870,74871,74871,long,1985.11,1977.11,loss,-83.3,80.0,0,2023-10-25 16:00:00
74920,74921,74923,long,1996.74,2008.71,win,116.40000000000028,80.0,2,2023-10-27 20:00:00
74980,74981,74983,long,1982.45,1983.5,win,7.199999999999545,80.0,2,2023-11-01 10:00:00
75030,75031,75031,long,2000.22,1992.22,loss,-83.3,80.0,0,2023-11-03 14:00:00
75192,75193,75206,long,1967.68,1967.2800000000002,loss,-7.299999999998636,80.0,13,2023-11-14 16:00:00
75241,75242,75244,long,1983.38,1983.7900000000002,win,0.8000000000008187,80.0,2,2023-11-16 19:00:00
75306,75307,75309,long,1997.7,2006.93,win,89.00000000000018,80.0,2,2023-11-21 15:00:00
75370,75371,75373,long,1994.51,1995.5500000000002,win,7.10000000000191,80.0,2,2023-11-24 11:00:00
75418,75419,75421,long,2021.57,2030.9,win,90.00000000000155,80.0,2,2023-11-28 15:00:00
75482,75483,75485,long,2045.37,2046.6100000000001,win,9.100000000002364,80.0,2,2023-12-01 10:00:00
75556,75557,75559,long,2030.38,2031.3600000000001,win,6.500000000000182,80.0,2,2023-12-06 15:00:00
75677,75678,75680,long,2013.6,2027.22,win,132.90000000000117,80.0,2,2023-12-13 21:00:00
75735,75736,75738,long,2024.41,2024.3300000000002,loss,-4.099999999999272,80.0,2,2023-12-18 10:00:00
75808,75809,75811,long,2037.99,2045.3400000000001,win,70.20000000000137,80.0,2,2023-12-21 14:00:00
75862,75863,75865,long,2068.01,2067.87,loss,-4.700000000003274,80.0,2,2023-12-26 22:00:00
75943,75944,75945,long,2076.99,2068.99,loss,-83.3,80.0,1,2024-01-02 11:00:00
76018,76019,76019,long,2054.77,2046.77,loss,-83.3,80.0,0,2024-01-05 17:00:00
76126,76127,76129,long,2038.67,2045.49,win,64.89999999999937,80.0,2,2024-01-12 10:00:00
76242,76243,76245,long,2031.65,2038.69,win,67.09999999999964,80.0,2,2024-01-19 13:00:00
76308,76309,76311,long,2030.88,2032.39,win,11.799999999999908,80.0,2,2024-01-24 10:00:00
76377,76378,76383,long,2031.56,2036.94,win,50.500000000001094,80.0,5,2024-01-29 10:00:00
76428,76429,76431,long,2041.89,2055.38,win,131.60000000000008,80.0,2,2024-01-31 15:00:00
76522,76523,76525,long,2036.33,2037.73,win,10.700000000000909,80.0,2,2024-02-06 17:00:00
76708,76709,76711,long,2013.3,2014.52,win,8.900000000000272,80.0,2,2024-02-16 19:00:00
76790,76791,76795,long,2033.21,2025.21,loss,-83.3,80.0,4,2024-02-22 10:00:00
76859,76860,76863,long,2038.08,2038.0700000000002,loss,-3.399999999997635,80.0,3,2024-02-27 10:00:00
76910,76911,76913,long,2047.59,2050.02,win,21.000000000000636,80.0,2,2024-02-29 15:00:00
76958,76959,76961,long,2108.98,2119.1800000000003,win,98.70000000000273,80.0,2,2024-03-04 17:00:00
77007,77008,77010,long,2147.11,2146.58,loss,-8.600000000002002,80.0,2,2024-03-06 20:00:00
77074,77075,77081,long,2184.33,2184.06,loss,-5.999999999999818,80.0,6,2024-03-11 17:00:00
77122,77123,77125,long,2174.52,2174.9300000000003,win,0.8000000000030925,80.0,2,2024-03-13 19:00:00
77184,77185,77187,long,2158.19,2163.01,win,44.90000000000164,80.0,2,2024-03-18 12:00:00
77238,77239,77241,long,2182.45,2186.56,win,37.800000000001276,80.0,2,2024-03-20 20:00:00
77301,77302,77304,long,2174.44,2179.84,win,50.70000000000091,80.0,2,2024-03-25 14:00:00
77349,77350,77353,long,2193.5,2193.51,loss,-3.199999999997817,80.0,3,2024-03-27 16:00:00
77411,77412,77414,long,2256.34,2266.2200000000003,win,95.5000000000011,80.0,2,2024-04-02 10:00:00
77468,77469,77469,long,2304.05,2296.05,loss,-83.3,80.0,0,2024-04-04 21:00:00
77526,77527,77529,long,2353.92,2364.7200000000003,win,104.70000000000182,80.0,2,2024-04-09 10:00:00
77581,77582,77584,long,2349.81,2364.4100000000003,win,142.70000000000363,80.0,2,2024-04-11 19:00:00
77629,77630,77632,long,2375.71,2385.63,win,95.90000000000073,80.0,2,2024-04-15 21:00:00
77688,77689,77691,long,2379.94,2383.46,win,31.899999999999817,80.0,2,2024-04-18 11:00:00
77825,77826,77828,long,2345.38,2351.76,win,60.500000000001094,80.0,2,2024-04-26 10:00:00
77963,77964,77968,long,2322.71,2314.71,loss,-83.3,80.0,4,2024-05-06 10:00:00
78017,78018,78020,long,2320.4,2312.4,loss,-83.3,80.0,2,2024-05-08 18:00:00
78103,78104,78106,long,2345.9,2345.65,loss,-5.8,80.0,2,2024-05-14 12:00:00
78171,78172,78174,long,2384.22,2387.0,win,24.500000000002,80.0,2,2024-05-17 11:00:00
78221,78222,78224,long,2426.21,2431.06,win,45.19999999999909,80.0,2,2024-05-21 15:00:00
78403,78404,78404,long,2354.83,2346.83,loss,-83.3,80.0,0,2024-05-31 15:00:00
78474,78475,78477,long,2349.01,2354.33,win,49.89999999999709,80.0,2,2024-06-05 17:00:00
78587,78588,78588,long,2335.93,2327.93,loss,-83.3,80.0,0,2024-06-12 15:00:00
78637,78638,78640,long,2328.62,2334.31,win,53.60000000000055,80.0,2,2024-06-14 19:00:00
78685,78686,78694,long,2331.28,2331.17,loss,-4.400000000001273,80.0,8,2024-06-18 21:00:00
78742,78743,78746,long,2365.34,2368.11,win,24.399999999999817,80.0,3,2024-06-21 11:00:00
78790,78791,78792,long,2335.31,2327.31,loss,-83.3,80.0,1,2024-06-25 13:00:00
78839,78840,78842,long,2323.26,2330.31,win,67.19999999999727,80.0,2,2024-06-27 16:00:00
78908,78909,78909,long,2334.27,2326.27,loss,-83.3,80.0,0,2024-07-02 16:00:00
78969,78970,78972,long,2365.23,2366.25,win,6.899999999999818,80.0,2,2024-07-05 10:00:00
79021,79022,79022,long,2366.9,2358.9,loss,-83.3,80.0,0,2024-07-09 16:00:00
79071,79072,79074,long,2413.66,2418.04,win,40.500000000001094,80.0,2,2024-07-11 20:00:00
79130,79131,79133,long,2437.03,2442.78,win,54.2,80.0,2,2024-07-16 10:00:00
79272,79273,79275,long,2417.23,2425.84,win,82.80000000000128,80.0,2,2024-07-24 14:00:00
79369,79370,79372,long,2399.97,2406.75,win,64.500000000002,80.0,2,2024-07-30 19:00:00
79431,79432,79434,long,2463.91,2464.1,loss,-1.3999999999994541,80.0,2,2024-08-02 12:00:00
79525,79526,79527,long,2412.22,2404.22,loss,-83.3,80.0,1,2024-08-08 14:00:00
79573,79574,79574,long,2454.19,2446.19,loss,-83.3,80.0,0,2024-08-12 16:00:00
79638,79639,79641,long,2456.85,2463.54,win,63.60000000000055,80.0,2,2024-08-15 12:00:00
79705,79706,79708,long,2514.92,2524.63,win,93.80000000000037,80.0,2,2024-08-20 10:00:00
79774,79775,79777,long,2493.27,2501.2000000000003,win,76.00000000000291,80.0,2,2024-08-23 10:00:00
79827,79828,79831,long,2514.72,2521.06,win,60.10000000000146,80.0,3,2024-08-27 17:00:00
79875,79876,79878,long,2525.05,2525.55,win,1.7000000000000002,80.0,2,2024-08-29 19:00:00
79934,79935,79936,long,2504.01,2496.01,loss,-83.3,80.0,1,2024-09-03 11:00:00
79982,79983,79985,long,2516.37,2522.9,win,62.000000000002004,80.0,2,2024-09-05 13:00:00
80034,80035,80037,long,2504.32,2504.64,loss,-0.1000000000029102,80.0,2,2024-09-09 19:00:00
80096,80097,80099,long,2518.82,2519.75,win,5.999999999998363,80.0,2,2024-09-12 12:00:00
80146,80147,80147,long,2588.16,2580.16,loss,-83.3,80.0,0,2024-09-16 16:00:00
80209,80210,80212,long,2584.34,2594.33,win,96.59999999999782,80.0,2,2024-09-19 10:00:00
80261,80262,80264,long,2631.84,2631.31,loss,-8.600000000002002,80.0,2,2024-09-23 16:00:00
80324,80325,80327,long,2664.68,2669.23,win,42.20000000000182,80.0,2,2024-09-26 10:00:00
80393,80394,80396,long,2645.39,2648.53,win,28.100000000003273,80.0,2,2024-10-01 10:00:00
80448,80449,80458,long,2659.98,2662.94,win,26.300000000000363,80.0,9,2024-10-03 19:00:00
80512,80513,80513,long,2650.73,2642.73,loss,-83.3,80.0,0,2024-10-08 14:00:00
80577,80578,80579,long,2645.41,2637.41,loss,-83.3,80.0,1,2024-10-11 10:00:00
80630,80631,80633,long,2659.78,2668.36,win,82.49999999999928,80.0,2,2024-10-15 17:00:00
80681,80682,80684,long,2692.0,2692.69,win,3.600000000000546,80.0,2,2024-10-17 22:00:00
80739,80740,80742,long,2734.84,2738.79,win,36.199999999998184,80.0,2,2024-10-22 11:00:00
80787,80788,80790,long,2736.79,2740.9700000000003,win,38.50000000000291,80.0,2,2024-10-24 13:00:00
80836,80837,80839,long,2740.92,2744.04,win,27.899999999998908,80.0,2,2024-10-28 15:00:00
80884,80885,80887,long,2784.75,2789.0,win,39.2,80.0,2,2024-10-30 17:00:00
80950,80951,80951,long,2746.57,2738.57,loss,-83.3,80.0,0,2024-11-04 15:00:00
81198,81199,81201,long,2626.22,2635.88,win,93.3000000000031,80.0,2,2024-11-19 10:00:00
81246,81247,81249,long,2669.89,2671.19,win,9.700000000001818,80.0,2,2024-11-21 12:00:00
81336,81337,81339,long,2653.36,2645.36,loss,-83.3,80.0,2,2024-11-27 10:00:00
81406,81407,81409,long,2646.97,2648.73,win,14.300000000002182,80.0,2,2024-12-02 15:00:00
81454,81455,81455,long,2655.03,2647.03,loss,-83.3,80.0,0,2024-12-04 17:00:00
81517,81518,81520,long,2655.72,2659.7400000000002,win,36.90000000000437,80.0,2,2024-12-09 11:00:00
81568,81569,81571,long,2706.28,2717.86,win,112.49999999999928,80.0,2,2024-12-11 16:00:00
81795,81796,81797,long,2636.32,2628.32,loss,-83.3,80.0,1,2024-12-26 17:00:00
81864,81865,81867,long,2625.64,2626.9700000000003,win,10.00000000000382,80.0,2,2024-12-31 17:00:00
81928,81929,81930,long,2645.76,2637.76,loss,-83.3,80.0,1,2025-01-06 13:00:00
81976,81977,81979,long,2660.33,2667.26,win,66.00000000000291,80.0,2,2025-01-08 15:00:00
82024,82025,82027,long,2692.4,2697.48,win,47.499999999999275,80.0,2,2025-01-10 17:00:00
82074,82075,82077,long,2674.41,2677.7200000000003,win,29.800000000004,80.0,2,2025-01-14 21:00:00
82157,82158,82160,long,2708.32,2709.6,win,9.499999999997453,80.0,2,2025-01-20 12:00:00
82206,82207,82210,long,2759.42,2758.84,loss,-9.099999999999273,80.0,3,2025-01-22 17:00:00
82270,82271,82273,long,2767.84,2770.82,win,26.50000000000018,80.0,2,2025-01-27 12:00:00
82337,82338,82340,long,2776.35,2778.75,win,20.70000000000091,80.0,2,2025-01-30 10:00:00
82385,82386,82388,long,2798.12,2810.4100000000003,win,119.60000000000419,80.0,2,2025-02-03 12:00:00
82433,82434,82434,long,2870.48,2862.48,loss,-83.3,80.0,0,2025-02-05 14:00:00
82481,82482,82483,long,2876.19,2868.19,loss,-83.3,80.0,1,2025-02-07 16:00:00
82550,82551,82553,long,2894.22,2903.73,win,91.80000000000219,80.0,2,2025-02-12 16:00:00
82614,82615,82617,long,2902.48,2903.1800000000003,win,3.7000000000027287,80.0,2,2025-02-17 11:00:00
82680,82681,82683,long,2954.72,2954.36,loss,-6.899999999996726,80.0,2,2025-02-20 10:00:00
82729,82730,82732,long,2947.83,2954.1,win,59.39999999999982,80.0,2,2025-02-24 13:00:00
82864,82865,82867,long,2914.36,2917.6600000000003,win,29.70000000000182,80.0,2,2025-03-04 10:00:00
82933,82934,82938,long,2922.56,2922.34,loss,-5.499999999997999,80.0,4,2025-03-07 10:00:00
82981,82982,82984,long,2911.88,2914.81,win,25.999999999998362,80.0,2,2025-03-11 11:00:00
83031,83032,83034,long,2950.45,2977.94,win,271.60000000000235,80.0,2,2025-03-13 15:00:00
83082,83083,83085,long,2999.46,3001.51,win,17.20000000000182,80.0,2,2025-03-17 20:00:00
83187,83188,83190,long,3029.16,3032.78,win,32.90000000000346,80.0,2,2025-03-24 10:00:00
83255,83256,83258,long,3035.83,3040.42,win,42.60000000000146,80.0,2,2025-03-27 09:00:00
83306,83307,83307,long,3124.63,3116.63,loss,-83.3,80.0,0,2025-03-31 15:00:00
83360,83361,83361,long,3139.45,3131.45,loss,-83.3,80.0,0,2025-04-02 23:00:00
83466,83467,83467,long,3066.7,3058.7,loss,-83.3,80.0,0,2025-04-09 14:00:00
83515,83516,83517,long,3230.18,3222.18,loss,-83.3,80.0,1,2025-04-11 17:00:00
83566,83567,83569,long,3229.93,3241.64,win,113.80000000000037,80.0,2,2025-04-15 22:00:00
83624,83625,83627,long,3392.77,3397.17,win,40.70000000000091,80.0,2,2025-04-21 11:00:00
83705,83706,83708,long,3350.22,3367.21,win,166.60000000000235,80.0,2,2025-04-24 23:00:00
83770,83771,83771,long,3328.69,3320.69,loss,-83.3,80.0,0,2025-04-29 19:00:00
83854,83855,83857,long,3282.48,3317.69,win,348.80000000000035,80.0,2,2025-05-05 11:00:00
83949,83950,83952,long,3332.89,3339.54,win,63.20000000000091,80.0,2,2025-05-09 14:00:00
84111,84112,84112,long,3242.57,3234.57,loss,-83.3,80.0,0,2025-05-20 15:00:00
84177,84178,84180,long,3328.44,3349.01,win,202.40000000000163,80.0,2,2025-05-23 12:00:00
84242,84243,84245,long,3318.96,3324.69,win,54.000000000000185,80.0,2,2025-05-28 10:00:00
84311,84312,84313,long,3352.55,3344.55,loss,-83.3,80.0,1,2025-06-02 10:00:00
84364,84365,84368,long,3377.25,3380.07,win,24.900000000001636,80.0,3,2025-06-04 17:00:00
84435,84436,84438,long,3337.44,3329.44,loss,-83.3,80.0,2,2025-06-09 19:00:00
84484,84485,84487,long,3346.72,3368.87,win,218.2000000000009,80.0,2,2025-06-11 22:00:00
84593,84594,84594,long,3392.07,3384.07,loss,-83.3,80.0,0,2025-06-18 16:00:00
84658,84659,84659,long,3380.52,3372.52,loss,-83.3,80.0,0,2025-06-23 14:00:00
84792,84793,84795,long,3339.29,3347.27,win,76.50000000000018,80.0,2,2025-07-01 10:00:00
84861,84862,84863,long,3342.77,3334.77,loss,-83.3,80.0,1,2025-07-04 10:00:00
84950,84951,84953,long,3328.43,3327.96,loss,-7.999999999997999,80.0,2,2025-07-10 11:00:00
85018,85019,85021,long,3364.12,3363.9500000000003,loss,-4.99999999999618,80.0,2,2025-07-15 10:00:00
85087,85088,85090,long,3349.83,3354.3,win,41.40000000000255,80.0,2,2025-07-18 10:00:00
85138,85139,85141,long,3407.54,3427.13,win,192.60000000000144,80.0,2,2025-07-22 15:00:00
85322,85323,85325,long,3341.07,3354.29,win,128.899999999998,80.0,2,2025-08-01 15:00:00
85370,85371,85372,long,3385.08,3377.08,loss,-83.3,80.0,1,2025-08-05 17:00:00
85419,85420,85422,long,3392.22,3400.19,win,76.40000000000255,80.0,2,2025-08-07 20:00:00
85502,85503,85505,long,3360.22,3366.38,win,58.300000000003095,80.0,2,2025-08-13 11:00:00
85622,85623,85625,long,3344.88,3346.35,win,11.399999999997998,80.0,2,2025-08-20 16:00:00
85671,85672,85674,long,3370.56,3374.42,win,35.300000000001276,80.0,2,2025-08-22 19:00:00
85719,85720,85722,long,3385.6,3392.94,win,70.10000000000146,80.0,2,2025-08-26 21:00:00
85782,85783,85785,long,3416.49,3440.4300000000003,win,236.10000000000508,80.0,2,2025-08-29 15:00:00
85830,85831,85833,long,3527.71,3531.4900000000002,win,34.500000000002004,80.0,2,2025-09-02 19:00:00
85895,85896,85898,long,3580.35,3597.03,win,163.5000000000029,80.0,2,2025-09-05 15:00:00
85959,85960,85962,long,3643.96,3655.4100000000003,win,111.20000000000273,80.0,2,2025-09-10 10:00:00
86033,86034,86036,long,3650.1,3663.19,win,127.60000000000146,80.0,2,2025-09-15 15:00:00
86099,86100,86102,long,3671.67,3663.67,loss,-83.3,80.0,2,2025-09-18 12:00:00
86149,86150,86152,long,3722.36,3735.85,win,131.5999999999978,80.0,2,2025-09-22 16:00:00
86212,86213,86215,long,3751.9,3760.2000000000003,win,79.70000000000182,80.0,2,2025-09-25 10:00:00
86261,86262,86264,long,3817.66,3829.8,win,118.10000000000328,80.0,2,2025-09-29 13:00:00
86328,86329,86331,long,3874.44,3882.98,win,82.09999999999964,80.0,2,2025-10-02 11:00:00
86379,86380,86382,long,3944.42,3963.37,win,186.19999999999817,80.0,2,2025-10-06 16:00:00
86428,86429,86429,long,4056.4,4048.4,loss,-83.3,80.0,0,2025-10-08 19:00:00
86476,86477,86479,long,3998.85,4019.33,win,201.50000000000017,80.0,2,2025-10-10 21:00:00
86534,86535,86536,long,4207.5,4199.5,loss,-83.3,80.0,1,2025-10-15 10:00:00
86607,86608,86610,long,4279.31,4324.54,win,448.9999999999956,80.0,2,2025-10-20 14:00:00
86902,86903,86904,long,4014.71,4006.71,loss,-83.3,80.0,1,2025-11-06 10:00:00
86950,86951,86953,long,4080.6,4099.589999999999,win,186.59999999999326,80.0,2,2025-11-10 12:00:00
87001,87002,87004,long,4181.24,4205.629999999999,win,240.59999999999417,80.0,2,2025-11-12 17:00:00
87110,87111,87113,long,4113.19,4116.799999999999,win,32.79999999999673,80.0,2,2025-11-19 11:00:00
87160,87161,87161,long,4079.26,4071.26,loss,-83.3,80.0,0,2025-11-21 15:00:00
87227,87228,87228,long,4171.5,4163.5,loss,-83.3,80.0,0,2025-11-26 13:00:00
87275,87276,87278,long,4205.91,4225.389999999999,win,191.49999999999562,80.0,2,2025-11-28 18:00:00
87339,87340,87340,long,4237.08,4229.08,loss,-83.3,80.0,0,2025-12-03 15:00:00
87387,87388,87388,long,4243.89,4235.89,loss,-83.3,80.0,0,2025-12-05 17:00:00
87437,87438,87440,long,4212.41,4212.23,loss,-5.10000000000291,80.0,2,2025-12-09 21:00:00
87485,87486,87486,long,4281.72,4273.72,loss,-83.3,80.0,0,2025-12-11 23:00:00
87546,87547,87549,long,4312.96,4334.29,win,209.99999999999926,80.0,2,2025-12-16 15:00:00
87594,87595,87596,long,4337.85,4329.85,loss,-83.3,80.0,1,2025-12-18 17:00:00
87645,87646,87648,long,4438.47,4460.92,win,221.19999999999817,80.0,2,2025-12-22 22:00:00
87698,87699,87701,long,4518.74,4522.929999999999,win,38.599999999996,80.0,2,2025-12-26 10:00:00
87789,87790,87792,long,4386.89,4397.92,win,106.99999999999746,80.0,2,2026-01-02 10:00:00
87841,87842,87842,long,4487.16,4479.16,loss,-83.3,80.0,0,2026-01-06 16:00:00
87889,87890,87891,long,4463.02,4455.02,loss,-83.3,80.0,1,2026-01-08 18:00:00
87938,87939,87939,long,4611.08,4603.08,loss,-83.3,80.0,0,2026-01-12 21:00:00
87998,87999,88000,long,4619.8,4611.8,loss,-83.3,80.0,1,2026-01-15 12:00:00
88051,88052,88053,long,4676.09,4668.09,loss,-83.3,80.0,1,2026-01-19 19:00:00
88112,88113,88113,long,4830.93,4822.93,loss,-83.3,80.0,0,2026-01-22 13:00:00
88161,88162,88162,long,5096.1,5088.1,loss,-83.3,80.0,0,2026-01-26 16:00:00
88209,88210,88210,long,5299.9,5291.9,loss,-83.3,80.0,0,2026-01-28 18:00:00
88368,88369,88369,long,4947.16,4939.16,loss,-83.3,80.0,0,2026-02-06 16:00:00
88432,88433,88435,long,5062.78,5115.87,win,527.6000000000015,80.0,2,2026-02-11 11:00:00
88483,88484,88484,long,4997.16,4989.16,loss,-83.3,80.0,0,2026-02-13 16:00:00
88550,88551,88553,long,4991.39,5010.29,win,185.69999999999635,80.0,2,2026-02-18 16:00:00
88598,88599,88599,long,5066.19,5058.19,loss,-83.3,80.0,0,2026-02-20 18:00:00
88660,88661,88661,long,5193.15,5185.15,loss,-83.3,80.0,0,2026-02-25 11:00:00
88710,88711,88711,long,5222.84,5214.84,loss,-83.3,80.0,0,2026-02-27 15:00:00
88775,88776,88778,long,5181.98,5199.879999999999,win,175.69999999999635,80.0,2,2026-03-04 11:00:00
88830,88831,88832,long,5161.02,5153.02,loss,-83.3,80.0,1,2026-03-06 20:00:00
88912,88913,88915,long,5182.17,5189.429999999999,win,69.29999999999309,80.0,2,2026-03-12 09:00:00
89217,89218,89218,long,4607.98,4599.98,loss,-83.3,80.0,0,2026-03-31 16:00:00
89280,89281,89283,long,4684.57,4705.69,win,207.8999999999989,80.0,2,2026-04-06 10:00:00
89350,89351,89353,long,4725.98,4745.91,win,196.0000000000029,80.0,2,2026-04-09 11:00:00
89404,89405,89406,long,4732.85,4724.85,loss,-83.3,80.0,1,2026-04-13 19:00:00
89491,89492,89493,long,4800.1,4870.1,win,696.7,80.0,1,2026-04-17 14:00:00
89786,89787,89787,long,4680.94,4672.94,loss,-83.3,80.0,0,2026-05-06 10:00:00
89838,89839,89839,long,4747.66,4739.66,loss,-83.3,80.0,0,2026-05-08 16:00:00
90094,90095,90095,long,4573.46,4565.46,loss,-83.3,80.0,0,2026-05-25 19:00:00
90175,90176,90176,long,4524.72,4516.72,loss,-83.3,80.0,0,2026-05-29 10:00:00
90223,90224,90226,long,4529.77,4533.74,win,36.399999999993454,80.0,2,2026-06-02 12:00:00
90271,90272,90272,long,4511.74,4503.74,loss,-83.3,80.0,0,2026-06-04 14:00:00
90429,90430,90432,long,4334.25,4340.889999999999,win,63.09999999999418,80.0,2,2026-06-15 11:00:00
90480,90481,90481,long,4339.88,4331.88,loss,-83.3,80.0,0,2026-06-17 16:00:00
90706,90707,90707,long,4092.23,4084.23,loss,-83.3,80.0,0,2026-07-01 16:00:00
90792,90793,90795,long,4156.96,4179.82,win,225.29999999999671,80.0,2,2026-07-07 14:00:00
90840,90841,90843,long,4121.68,4132.12,win,101.099999999996,80.0,2,2026-07-09 16:00:00
90910,90911,90911,long,4085.12,4077.12,loss,-83.3,80.0,0,2026-07-14 17:00:00
91020,91021,91022,long,4066.05,4058.05,loss,-83.3,80.0,1,2026-07-21 12:00:00
91093,91094,91094,long,4067.39,4059.39,loss,-83.3,80.0,0,2026-07-24 16:00:00
91167,91168,91168,long,4108.25,4100.25,loss,-83.3,80.0,0,2026-07-29 21:00:00
91248,91249,91249,long,4065.28,4057.28,loss,-83.3,80.0,0,2026-08-04 10:00:00
91318,91319,91321,long,4305.87,4319.889999999999,win,136.89999999999526,80.0,2,2026-08-07 11:00:00
