tf,W,T,mode,k,rr,n,wr,p0,alpha,z,net
H2,55,1.618,rev,1.618,1.0,379,43.54,46.45,-2.91,-1.14,-3626.0
H2,55,1.618,rev,2.058,1.0,379,45.12,47.65,-2.53,-0.99,-2759.0
H2,55,1.618,cont,1.618,1.0,379,52.77,50.82,1.95,0.76,1423.0
H2,55,1.618,cont,2.058,1.0,379,53.3,50.33,2.97,1.16,1688.0
H2,55,2.618,rev,1.618,1.0,272,41.91,46.45,-4.53,-1.5,-3953.0
H2,55,2.618,rev,2.058,1.0,272,42.65,47.65,-5.0,-1.65,-4713.0
H2,55,2.618,cont,1.618,1.0,272,52.94,50.82,2.12,0.7,1670.0
H2,55,2.618,cont,2.058,1.0,272,54.41,50.33,4.08,1.35,3150.0
H2,55,4.181,rev,1.618,1.0,198,41.41,46.45,-5.03,-1.42,-2124.0
H2,55,4.181,rev,2.058,1.0,198,45.96,47.65,-1.69,-0.48,-1338.0
H2,55,4.181,cont,1.618,1.0,198,52.53,50.82,1.7,0.48,574.0
H2,55,4.181,cont,2.058,1.0,198,52.53,50.33,2.2,0.62,731.0
H2,89,1.618,rev,1.618,1.0,296,42.23,46.45,-4.22,-1.45,-3443.0
H2,89,1.618,rev,2.058,1.0,296,43.58,47.65,-4.07,-1.4,-3097.0
H2,89,1.618,cont,1.618,1.0,296,53.72,50.82,2.89,1.0,1667.0
H2,89,1.618,cont,2.058,1.0,296,54.39,50.33,4.07,1.4,2160.0
H2,89,2.618,rev,1.618,1.0,215,41.4,46.45,-5.05,-1.49,-3358.0
H2,89,2.618,rev,2.058,1.0,215,41.4,47.65,-6.26,-1.84,-4138.0
H2,89,2.618,cont,1.618,1.0,215,52.56,50.82,1.74,0.51,1161.0
H2,89,2.618,cont,2.058,1.0,215,55.81,50.33,5.49,1.61,2838.0
H2,89,4.181,rev,1.618,1.0,155,42.58,46.45,-3.87,-0.97,-1066.0
H2,89,4.181,rev,2.058,1.0,155,46.45,47.65,-1.2,-0.3,-518.0
H2,89,4.181,cont,1.618,1.0,155,50.32,50.82,-0.5,-0.12,-365.0
H2,89,4.181,cont,2.058,1.0,155,52.26,50.33,1.93,0.48,-11.0
H3,55,1.618,rev,1.618,1.0,259,48.26,47.52,0.75,0.24,-1013.0
H3,55,1.618,rev,2.058,1.0,259,46.72,48.53,-1.81,-0.58,-2394.0
H3,55,1.618,cont,1.618,1.0,259,49.03,50.28,-1.24,-0.4,-427.0
H3,55,1.618,cont,2.058,1.0,259,50.97,49.83,1.13,0.36,1219.0
H3,55,2.618,rev,1.618,1.0,188,46.28,47.52,-1.24,-0.34,-1933.0
H3,55,2.618,rev,2.058,1.0,188,51.06,48.53,2.54,0.7,-1391.0
H3,55,2.618,cont,1.618,1.0,188,50.0,50.28,-0.28,-0.08,619.0
H3,55,2.618,cont,2.058,1.0,188,46.81,49.83,-3.03,-0.83,191.0
H3,55,4.181,rev,1.618,1.0,129,43.41,47.52,-4.1,-0.93,-1836.0
H3,55,4.181,rev,2.058,1.0,129,44.96,48.53,-3.57,-0.81,-1085.0
H3,55,4.181,cont,1.618,1.0,129,54.26,50.28,3.99,0.91,1293.0
H3,55,4.181,cont,2.058,1.0,129,55.04,49.83,5.2,1.18,966.0
H3,89,1.618,rev,1.618,1.0,210,47.14,47.52,-0.37,-0.11,-1424.0
H3,89,1.618,rev,2.058,1.0,210,45.71,48.53,-2.81,-0.82,-2343.0
H3,89,1.618,cont,1.618,1.0,210,50.95,50.28,0.68,0.2,620.0
H3,89,1.618,cont,2.058,1.0,210,51.43,49.83,1.59,0.46,1214.0
H3,89,2.618,rev,1.618,1.0,157,47.77,47.52,0.25,0.06,-1258.0
H3,89,2.618,rev,2.058,1.0,157,52.23,48.53,3.7,0.93,-877.0
H3,89,2.618,cont,1.618,1.0,157,49.04,50.28,-1.23,-0.31,321.0
H3,89,2.618,cont,2.058,1.0,157,45.86,49.83,-3.97,-1.0,43.0
H3,89,4.181,rev,1.618,1.0,106,43.4,47.52,-4.12,-0.85,-1430.0
H3,89,4.181,rev,2.058,1.0,106,43.4,48.53,-5.13,-1.06,-1108.0
H3,89,4.181,cont,1.618,1.0,106,53.77,50.28,3.5,0.72,894.0
H3,89,4.181,cont,2.058,1.0,106,55.66,49.83,5.83,1.2,744.0
H6,55,1.618,rev,1.618,1.0,140,47.86,49.24,-1.38,-0.33,-1818.0
H6,55,1.618,rev,2.058,1.0,140,48.57,49.89,-1.32,-0.31,-608.0
H6,55,1.618,cont,1.618,1.0,140,47.86,49.57,-1.71,-0.4,64.0
H6,55,1.618,cont,2.058,1.0,140,49.29,49.15,0.14,0.03,-89.0
H6,55,2.618,rev,1.618,1.0,99,50.51,49.24,1.27,0.25,369.0
H6,55,2.618,rev,2.058,1.0,99,50.51,49.89,0.62,0.12,352.0
H6,55,2.618,cont,1.618,1.0,99,49.49,49.57,-0.07,-0.01,-382.0
H6,55,2.618,cont,2.058,1.0,99,48.48,49.15,-0.66,-0.13,-1238.0
H6,55,4.181,rev,1.618,1.0,70,55.71,49.24,6.48,1.08,1448.0
H6,55,4.181,rev,2.058,1.0,70,48.57,49.89,-1.32,-0.22,-241.0
H6,55,4.181,cont,1.618,1.0,70,44.29,49.57,-5.28,-0.88,-1448.0
H6,55,4.181,cont,2.058,1.0,70,51.43,49.15,2.28,0.38,108.0
H6,89,1.618,rev,1.618,1.0,109,49.54,49.24,0.3,0.06,-784.0
H6,89,1.618,rev,2.058,1.0,109,49.54,49.89,-0.35,-0.07,-316.0
H6,89,1.618,cont,1.618,1.0,109,44.95,49.57,-4.61,-0.96,-964.0
H6,89,1.618,cont,2.058,1.0,109,47.71,49.15,-1.44,-0.3,-374.0
H6,89,2.618,rev,1.618,1.0,74,50.0,49.24,0.76,0.13,-158.0
H6,89,2.618,rev,2.058,1.0,74,50.0,49.89,0.11,0.02,-337.0
H6,89,2.618,cont,1.618,1.0,74,50.0,49.57,0.43,0.07,144.0
H6,89,2.618,cont,2.058,1.0,74,50.0,49.15,0.85,0.15,-167.0
H6,89,4.181,rev,1.618,1.0,52,51.92,49.24,2.68,0.39,650.0
H6,89,4.181,rev,2.058,1.0,52,46.15,49.89,-3.74,-0.54,-837.0
H6,89,4.181,cont,1.618,1.0,52,48.08,49.57,-1.49,-0.21,-650.0
H6,89,4.181,cont,2.058,1.0,52,53.85,49.15,4.7,0.68,824.0
H8,55,1.618,rev,1.618,1.0,104,54.81,49.65,5.15,1.05,1628.0
H8,55,1.618,rev,2.058,1.0,104,52.88,50.19,2.69,0.55,90.0
H8,55,1.618,cont,1.618,1.0,104,44.23,50.94,-6.71,-1.37,-1754.0
H8,55,1.618,cont,2.058,1.0,104,47.12,48.86,-1.74,-0.36,-315.0
H8,55,2.618,rev,1.618,1.0,70,50.0,49.65,0.35,0.06,-451.0
H8,55,2.618,rev,2.058,1.0,70,47.14,50.19,-3.05,-0.51,-832.0
H8,55,2.618,cont,1.618,1.0,70,45.71,50.94,-5.23,-0.87,-946.0
H8,55,2.618,cont,2.058,1.0,70,52.86,48.86,4.0,0.67,806.0
H8,55,4.181,rev,1.618,1.0,47,40.43,49.65,-9.23,-1.27,-1528.0
H8,55,4.181,rev,2.058,1.0,47,44.68,50.19,-5.51,-0.76,-1084.0
H8,55,4.181,cont,1.618,1.0,47,55.32,50.94,4.38,0.6,907.0
H8,55,4.181,cont,2.058,1.0,47,55.32,48.86,6.46,0.89,1077.0
H8,89,1.618,rev,1.618,1.0,79,56.96,49.65,7.31,1.3,1500.0
H8,89,1.618,rev,2.058,1.0,79,53.16,50.19,2.97,0.53,-468.0
H8,89,1.618,cont,1.618,1.0,79,41.77,50.94,-9.17,-1.63,-1619.0
H8,89,1.618,cont,2.058,1.0,79,46.84,48.86,-2.02,-0.36,402.0
H8,89,2.618,rev,1.618,1.0,54,53.7,49.65,4.05,0.6,-54.0
H8,89,2.618,rev,2.058,1.0,54,48.15,50.19,-2.04,-0.3,-666.0
H8,89,2.618,cont,1.618,1.0,54,42.59,50.94,-8.35,-1.23,-1074.0
H8,89,2.618,cont,2.058,1.0,54,51.85,48.86,2.99,0.44,646.0
H8,89,4.181,rev,1.618,1.0,37,,,,,
H8,89,4.181,rev,2.058,1.0,37,,,,,
H8,89,4.181,cont,1.618,1.0,37,,,,,
H8,89,4.181,cont,2.058,1.0,37,,,,,
