tf,W,D,mode,k_sl,rr,n,alpha,z,net
H6,89,21,cont,1.618,1.0,139,7.44,1.75,1878.0
H6,89,21,cont,1.618,1.272,139,7.07,1.67,2224.0
H6,89,21,cont,2.058,1.0,139,5.15,1.21,1053.0
H6,89,21,cont,2.058,1.272,139,4.94,1.17,777.0
H6,89,21,rev,1.618,1.0,139,-7.68,-1.81,-2429.0
H6,89,21,rev,1.618,1.272,139,-6.59,-1.55,-1914.0
H6,89,21,rev,2.058,1.0,139,-6.35,-1.5,-2063.0
H6,89,21,rev,2.058,1.272,139,-5.81,-1.37,-1854.0
H6,89,34,cont,1.618,1.0,103,6.91,1.4,1039.0
H6,89,34,cont,1.618,1.272,103,8.67,1.76,1692.0
H6,89,34,cont,2.058,1.0,103,5.82,1.18,744.0
H6,89,34,cont,2.058,1.272,103,5.08,1.03,390.0
H6,89,34,rev,1.618,1.0,103,-7.66,-1.55,-1590.0
H6,89,34,rev,1.618,1.272,103,-5.89,-1.2,-1120.0
H6,89,34,rev,2.058,1.0,103,-5.83,-1.18,-1123.0
H6,89,34,rev,2.058,1.272,103,-5.59,-1.13,-1304.0
H6,144,21,cont,1.618,1.0,103,5.94,1.21,651.0
H6,144,21,cont,1.618,1.272,103,2.84,0.58,314.0
H6,144,21,cont,2.058,1.0,103,0.96,0.19,-800.0
H6,144,21,cont,2.058,1.272,103,1.18,0.24,-545.0
H6,144,21,rev,1.618,1.0,103,-5.72,-1.16,-989.0
H6,144,21,rev,1.618,1.272,103,-2.97,-0.6,-39.0
H6,144,21,rev,2.058,1.0,103,-1.94,-0.39,513.0
H6,144,21,rev,2.058,1.272,103,-1.69,-0.34,88.0
H6,144,34,cont,1.618,1.0,77,6.44,1.13,367.0
H6,144,34,cont,1.618,1.272,77,4.62,0.81,201.0
H6,144,34,cont,2.058,1.0,77,1.13,0.2,-842.0
H6,144,34,cont,2.058,1.272,77,1.34,0.24,-398.0
H6,144,34,rev,1.618,1.0,77,-6.55,-1.15,-706.0
H6,144,34,rev,1.618,1.272,77,-1.87,-0.33,304.0
H6,144,34,rev,2.058,1.0,77,-1.46,-0.26,746.0
H6,144,34,rev,2.058,1.272,77,-1.23,-0.22,65.0
H8,89,21,cont,1.618,1.0,102,3.66,0.74,1442.0
H8,89,21,cont,1.618,1.272,102,4.01,0.81,1730.0
H8,89,21,cont,2.058,1.0,102,3.38,0.68,1033.0
H8,89,21,cont,2.058,1.272,102,1.41,0.28,1285.0
H8,89,21,rev,1.618,1.0,102,-6.22,-1.26,-1953.0
H8,89,21,rev,1.618,1.272,102,-4.84,-0.98,-1560.0
H8,89,21,rev,2.058,1.0,102,-4.39,-0.89,-1449.0
H8,89,21,rev,2.058,1.272,102,-4.36,-0.88,-1358.0
H8,89,34,cont,1.618,1.0,77,8.17,1.43,2576.0
H8,89,34,cont,1.618,1.272,77,9.53,1.67,3447.0
H8,89,34,cont,2.058,1.0,77,7.59,1.33,2962.0
H8,89,34,cont,2.058,1.272,77,6.32,1.11,3303.0
H8,89,34,rev,1.618,1.0,77,-10.06,-1.77,-2910.0
H8,89,34,rev,1.618,1.272,77,-7.37,-1.29,-2532.0
H8,89,34,rev,2.058,1.0,77,-7.94,-1.39,-3028.0
H8,89,34,rev,2.058,1.272,77,-7.89,-1.38,-2903.0
H8,144,21,cont,1.618,1.0,80,-1.52,-0.27,-1792.0
H8,144,21,cont,1.618,1.272,80,-1.26,-0.23,-1882.0
H8,144,21,cont,2.058,1.0,80,-2.06,-0.37,-2749.0
H8,144,21,cont,2.058,1.272,80,-1.89,-0.34,-2238.0
H8,144,21,rev,1.618,1.0,80,-1.58,-0.28,1281.0
H8,144,21,rev,1.618,1.272,80,-0.04,-0.01,1858.0
H8,144,21,rev,2.058,1.0,80,1.76,0.31,2360.0
H8,144,21,rev,2.058,1.272,80,1.96,0.35,2605.0
H8,144,34,cont,1.618,1.0,60,3.06,0.47,-553.0
H8,144,34,cont,1.618,1.272,60,4.99,0.77,70.0
H8,144,34,cont,2.058,1.0,60,2.12,0.33,-687.0
H8,144,34,cont,2.058,1.272,60,4.38,0.68,80.0
H8,144,34,rev,1.618,1.0,60,-5.32,-0.82,219.0
H8,144,34,rev,1.618,1.272,60,-3.37,-0.52,582.0
H8,144,34,rev,2.058,1.0,60,-2.84,-0.44,311.0
H8,144,34,rev,2.058,1.272,60,-2.22,-0.34,674.0
H12,89,21,cont,1.618,1.0,66,6.51,1.06,-550.0
H12,89,21,cont,1.618,1.272,66,6.8,1.1,-743.0
H12,89,21,cont,2.058,1.0,66,2.97,0.48,-1440.0
H12,89,21,cont,2.058,1.272,66,5.06,0.82,-464.0
H12,89,21,rev,1.618,1.0,66,-6.97,-1.13,198.0
H12,89,21,rev,1.618,1.272,66,-3.59,-0.58,749.0
H12,89,21,rev,2.058,1.0,66,-2.77,-0.45,1381.0
H12,89,21,rev,2.058,1.272,66,-5.3,-0.86,303.0
H12,89,34,cont,1.618,1.0,57,6.73,1.02,-583.0
H12,89,34,cont,1.618,1.272,57,8.12,1.23,-516.0
H12,89,34,cont,2.058,1.0,57,2.87,0.43,-1431.0
H12,89,34,cont,2.058,1.272,57,4.65,0.7,-761.0
H12,89,34,rev,1.618,1.0,57,-7.44,-1.12,231.0
H12,89,34,rev,1.618,1.272,57,-2.6,-0.39,1005.0
H12,89,34,rev,2.058,1.0,57,-2.67,-0.4,1372.0
H12,89,34,rev,2.058,1.272,57,-6.09,-0.92,-15.0
H12,144,21,cont,1.618,1.0,51,13.14,1.88,1550.0
H12,144,21,cont,1.618,1.272,51,16.0,2.28,2302.0
H12,144,21,cont,2.058,1.0,51,10.62,1.52,1915.0
H12,144,21,cont,2.058,1.272,51,10.33,1.48,1941.0
H12,144,21,rev,1.618,1.0,51,-14.06,-2.01,-1889.0
H12,144,21,rev,1.618,1.272,51,-9.14,-1.31,-1620.0
H12,144,21,rev,2.058,1.0,51,-10.43,-1.49,-1948.0
H12,144,21,rev,2.058,1.272,51,-10.84,-1.55,-1863.0
H12,144,34,cont,1.618,1.0,46,11.34,1.54,1071.0
H12,144,34,cont,1.618,1.272,46,16.18,2.19,2140.0
H12,144,34,cont,2.058,1.0,46,10.85,1.47,1872.0
H12,144,34,cont,2.058,1.272,46,10.1,1.37,1736.0
H12,144,34,rev,1.618,1.0,46,-12.46,-1.69,-1410.0
H12,144,34,rev,1.618,1.272,46,-7.58,-1.03,-1200.0
H12,144,34,rev,2.058,1.0,46,-10.66,-1.45,-1905.0
H12,144,34,rev,2.058,1.272,46,-11.46,-1.55,-1973.0
D1,89,21,cont,1.618,1.0,30,,,
D1,89,21,cont,1.618,1.272,30,,,
D1,89,21,cont,2.058,1.0,30,,,
D1,89,21,cont,2.058,1.272,30,,,
D1,89,21,rev,1.618,1.0,30,,,
D1,89,21,rev,1.618,1.272,30,,,
D1,89,21,rev,2.058,1.0,30,,,
D1,89,21,rev,2.058,1.272,30,,,
D1,89,34,cont,1.618,1.0,24,,,
D1,89,34,cont,1.618,1.272,24,,,
D1,89,34,cont,2.058,1.0,24,,,
D1,89,34,cont,2.058,1.272,24,,,
D1,89,34,rev,1.618,1.0,24,,,
D1,89,34,rev,1.618,1.272,24,,,
D1,89,34,rev,2.058,1.0,24,,,
D1,89,34,rev,2.058,1.272,24,,,
D1,144,21,cont,1.618,1.0,23,,,
D1,144,21,cont,1.618,1.272,23,,,
D1,144,21,cont,2.058,1.0,23,,,
D1,144,21,cont,2.058,1.272,23,,,
D1,144,21,rev,1.618,1.0,23,,,
D1,144,21,rev,1.618,1.272,23,,,
D1,144,21,rev,2.058,1.0,23,,,
D1,144,21,rev,2.058,1.272,23,,,
D1,144,34,cont,1.618,1.0,18,,,
D1,144,34,cont,1.618,1.272,18,,,
D1,144,34,cont,2.058,1.0,18,,,
D1,144,34,cont,2.058,1.272,18,,,
D1,144,34,rev,1.618,1.0,18,,,
D1,144,34,rev,1.618,1.272,18,,,
D1,144,34,rev,2.058,1.0,18,,,
D1,144,34,rev,2.058,1.272,18,,,
