time,open,high,low,close,volume
1273968000,1.22027,1.26711,1.2149,1.25712,140181.0
1274572800,1.25461,1.25622,1.21534,1.2272,266022.0
1275177600,1.22807,1.23487,1.19551,1.19671,272240.0
1275782400,1.1946,1.21521,1.18758,1.21112,316404.0
1276387200,1.21188,1.24156,1.21155,1.23875,270708.0
1276992000,1.24291,1.24664,1.2209,1.23681,217772.0
1277596800,1.23781,1.26106,1.21495,1.25655,234190.0
1278201600,1.25558,1.27218,1.24796,1.26404,189642.0
1278806400,1.26413,1.30063,1.25219,1.29296,308877.0
1279411200,1.2904,1.30275,1.27318,1.29086,213396.0
1280016000,1.2894,1.3106,1.28761,1.30504,206938.0
1280620800,1.30596,1.33327,1.30533,1.32781,175776.0
1281225600,1.3288,1.3307,1.27494,1.27531,201495.0
1281830400,1.2765,1.29214,1.26634,1.27105,206021.0
1282435200,1.2705,1.27778,1.25874,1.27617,210442.0
1283040000,1.27641,1.28969,1.2625,1.28951,162228.0
1283644800,1.28934,1.29167,1.26434,1.26784,166897.0
1284249600,1.2705,1.31584,1.2704,1.30487,213717.0
1284854400,1.3046,1.34945,1.30288,1.34919,182346.0
1285459200,1.3482,1.37915,1.3381,1.379,232903.0
1286064000,1.37877,1.40285,1.36367,1.3928,249632.0
1286668800,1.4002,1.41505,1.37752,1.39762,223958.0
1287273600,1.39727,1.40495,1.36975,1.39528,277699.0
1287878400,1.39516,1.40795,1.37338,1.39459,306137.0
1288483200,1.39703,1.42813,1.38636,1.40314,348701.0
1289088000,1.40538,1.40846,1.35735,1.369,396564.0
1289692800,1.36829,1.37497,1.34475,1.36718,392533.0
1290297600,1.37355,1.37853,1.32003,1.32402,406871.0
1290902400,1.3275,1.34373,1.29694,1.34136,458788.0
1291507200,1.34078,1.34216,1.31645,1.32262,424403.0
1292112000,1.32052,1.34966,1.31328,1.31873,385836.0
1292716800,1.31661,1.32006,1.30549,1.31209,299467.0
1293321600,1.31129,1.34223,1.30718,1.33827,269494.0
1293926400,1.33443,1.3433,1.29044,1.29055,383714.0
1294531200,1.28939,1.34562,1.28736,1.33875,405633.0
1295136000,1.33704,1.36238,1.32448,1.36196,426252.0
1295740800,1.36097,1.37573,1.35399,1.36102,447361.0
1296345600,1.358,1.38607,1.35436,1.358,402459.0
1296950400,1.35686,1.37424,1.34972,1.35513,278582.0
1297555200,1.3524,1.37138,1.34279,1.36923,322173.0
1298160000,1.36886,1.38372,1.35278,1.37523,354659.0
1298764800,1.3747,1.40052,1.3711,1.39863,359458.0
1299369600,1.39921,1.40354,1.37519,1.39016,359940.0
1299974400,1.39507,1.41831,1.3855,1.41793,416914.0
1300579200,1.41808,1.42479,1.40534,1.40868,330571.0
1301184000,1.40463,1.42448,1.40204,1.42344,326961.0
1301788800,1.42312,1.44869,1.41511,1.44823,325238.0
1302393600,1.4453,1.45193,1.43647,1.44285,348475.0
1302998400,1.44162,1.46478,1.41574,1.45597,326017.0
1303603200,1.45604,1.48809,1.44929,1.48062,311532.0
1304208000,1.48249,1.49385,1.43117,1.43149,375582.0
1304812800,1.43656,1.44407,1.40672,1.4117,376884.0
1305417600,1.40753,1.43451,1.40478,1.41573,235100.0
1306022400,1.41318,1.43216,1.39692,1.43173,346292.0
1306627200,1.43099,1.4642,1.42567,1.46327,342030.0
1307232000,1.46269,1.46955,1.43223,1.43458,283803.0
1307836800,1.4327,1.44971,1.40731,1.42858,413507.0
1308441600,1.42747,1.44407,1.41265,1.41865,406219.0
1309046400,1.41875,1.45501,1.41023,1.45246,373990.0
1309651200,1.45366,1.45769,1.42059,1.42632,366657.0
1310256000,1.42236,1.42808,1.38371,1.41566,474565.0
1310860800,1.41208,1.44375,1.40138,1.4358,500747.0
1311465600,1.43997,1.4535,1.42293,1.43945,402186.0
1312070400,1.43607,1.44526,1.40553,1.42804,476302.0
1312675200,1.43705,1.44006,1.41039,1.42479,568034.0
1313280000,1.42639,1.45167,1.42585,1.4395,467630.0
1313884800,1.43735,1.45008,1.43283,1.44984,418218.0
1314489600,1.44916,1.45482,1.41839,1.42037,428297.0
1315094400,1.41571,1.42544,1.36272,1.36532,479792.0
1315699200,1.35783,1.39359,1.34989,1.37941,544412.0
1316304000,1.36761,1.37953,1.33856,1.34974,569330.0
1316908800,1.35078,1.36892,1.33624,1.33846,565075.0
1317513600,1.33447,1.35241,1.31458,1.33755,575815.0
1318118400,1.33863,1.38936,1.33774,1.3878,498006.0
1318723200,1.38782,1.39137,1.36526,1.38917,519353.0
1319328000,1.38686,1.4246,1.37997,1.41453,522590.0
1319932800,1.41501,1.41695,1.36085,1.37898,543775.0
1320537600,1.3816,1.3858,1.34837,1.37672,494669.0
1321142400,1.37759,1.37919,1.34213,1.35222,521416.0
1321747200,1.35214,1.35678,1.32119,1.32375,459859.0
1322352000,1.33095,1.35449,1.32587,1.33898,444935.0
1322956800,1.34094,1.34851,1.3281,1.33842,418893.0
1323561600,1.33636,1.33759,1.29462,1.30419,418630.0
1324166400,1.30328,1.31956,1.29828,1.30451,349511.0
1324771200,1.30487,1.30824,1.28577,1.29565,286579.0
1325376000,1.29443,1.30762,1.26972,1.27188,373701.0
1325980800,1.26923,1.28778,1.26241,1.26754,416779.0
1326585600,1.26383,1.29854,1.26254,1.29298,414711.0
1327190400,1.28808,1.3233,1.28807,1.32189,399132.0
1327795200,1.32148,1.32206,1.30257,1.31561,418856.0
1328400000,1.31211,1.33199,1.30278,1.31957,426978.0
1329004800,1.3238,1.32833,1.29745,1.31418,427567.0
1329609600,1.32026,1.34856,1.31821,1.34478,388764.0
1330214400,1.34595,1.34851,1.31876,1.31979,411748.0
1330819200,1.31953,1.32904,1.30961,1.31221,388769.0
1331424000,1.3116,1.31905,1.30032,1.31735,359095.0
1332028800,1.31797,1.32916,1.31343,1.3269,341352.0
1332633600,1.3268,1.33848,1.31919,1.33408,348155.0
1333238400,1.33562,1.33801,1.30346,1.30911,333420.0
1333843200,1.30961,1.32122,1.3033,1.30764,353276.0
1334448000,1.3069,1.32262,1.29945,1.3217,380825.0
1335052800,1.3192,1.32695,1.31042,1.32514,353589.0
1335657600,1.32408,1.32828,1.30799,1.30832,306452.0
1336262400,1.30245,1.30645,1.29044,1.29162,391689.0
1336867200,1.28872,1.29038,1.26417,1.27783,390345.0
1337472000,1.27767,1.2823,1.24964,1.25153,431732.0
1338076800,1.25707,1.26235,1.22882,1.24325,429758.0
1338681600,1.24371,1.26243,1.23854,1.2516,436821.0
1339286400,1.26478,1.26677,1.24423,1.26361,437695.0
1339891200,1.27371,1.27468,1.25191,1.25677,439106.0
1340496000,1.25544,1.26918,1.24071,1.26655,420423.0
1341100800,1.26696,1.26703,1.22598,1.22875,376626.0
1341705600,1.22659,1.23331,1.21622,1.22485,379199.0
1342310400,1.22498,1.23214,1.2144,1.21551,379945.0
1342915200,1.21217,1.23889,1.20418,1.23211,433996.0
1343520000,1.23012,1.24011,1.21337,1.23848,397075.0
1344124800,1.23945,1.24422,1.22409,1.22884,374313.0
1344729600,1.22864,1.23849,1.22561,1.23327,336236.0
1345334400,1.2338,1.25885,1.22948,1.25109,345156.0
1345939200,1.25118,1.2636,1.24647,1.25783,271377.0
1346544000,1.25803,1.28165,1.25012,1.28154,318095.0
1347148800,1.28064,1.31676,1.27543,1.31286,350167.0
1347753600,1.31239,1.31706,1.29201,1.29788,361906.0
1348358400,1.29789,1.29798,1.28293,1.28595,337360.0
1348963200,1.28488,1.30708,1.28031,1.30391,308188.0
1349568000,1.30231,1.30246,1.28253,1.29503,285281.0
1350172800,1.29545,1.31384,1.28908,1.3023,289648.0
1350777600,1.30231,1.30824,1.28819,1.29385,277072.0
1351382400,1.29244,1.30199,1.28207,1.28333,226267.0
1351987200,1.28198,1.28757,1.26895,1.27106,316553.0
1352592000,1.27154,1.2801,1.26612,1.27418,291536.0
1353196800,1.27411,1.29896,1.27359,1.29729,279968.0
1353801600,1.29731,1.30267,1.28796,1.29848,286756.0
1354406400,1.29934,1.31253,1.28769,1.29261,274917.0
1355011200,1.28992,1.31727,1.28855,1.31622,258494.0
1355616000,1.31821,1.33076,1.31437,1.31867,266256.0
1356220800,1.3179,1.32833,1.31654,1.32146,153549.0
1356825600,1.32157,1.32992,1.29975,1.30677,221137.0
1357430400,1.30779,1.33644,1.30165,1.33416,256383.0
1358035200,1.33621,1.34031,1.32564,1.33195,269667.0
1358640000,1.33107,1.34785,1.32642,1.34629,253063.0
1359244800,1.34598,1.37106,1.3414,1.36391,278255.0
1359849600,1.36488,1.36532,1.33532,1.33614,300546.0
1360454400,1.33682,1.35193,1.33062,1.33585,261414.0
1361059200,1.33484,1.34316,1.31451,1.31907,182856.0
1361664000,1.31904,1.33183,1.29664,1.3018,232860.0
1362268800,1.30136,1.31341,1.2955,1.30042,138496.0
1362873600,1.29892,1.31069,1.2911,1.30754,233950.0
1363478400,1.29071,1.30095,1.28438,1.29867,272748.0
1364083200,1.29724,1.30479,1.27509,1.28148,217289.0
1364688000,1.28112,1.30397,1.27454,1.29915,208051.0
1365292800,1.29937,1.3138,1.29683,1.31082,221065.0
1365897600,1.31025,1.32015,1.30011,1.3051,274110.0
1366502400,1.30691,1.30933,1.29547,1.30267,228404.0
1367107200,1.30585,1.32427,1.30318,1.31131,210198.0
1367712000,1.3117,1.31944,1.2935,1.29853,200456.0
1368316800,1.29756,1.30293,1.27962,1.28363,226292.0
1368921600,1.28446,1.2998,1.28192,1.29278,272812.0
1369526400,1.29363,1.30614,1.28378,1.29956,277809.0
1370131200,1.29922,1.33045,1.29555,1.32168,312740.0
1370736000,1.31917,1.33898,1.31772,1.33445,305920.0
1371340800,1.33487,1.34158,1.30988,1.31209,298649.0
1371945600,1.31042,1.31508,1.29848,1.30078,290631.0
1372550400,1.30144,1.3078,1.28061,1.28291,261610.0
1373155200,1.28204,1.32066,1.27553,1.30651,304889.0
1373760000,1.30664,1.31781,1.29934,1.31408,243185.0
1374364800,1.31366,1.32968,1.31358,1.32765,226713.0
1374969600,1.32792,1.33446,1.31877,1.32798,234527.0
1375574400,1.32813,1.34002,1.32327,1.33387,210976.0
1376179200,1.33366,1.33798,1.32058,1.33279,210860.0
1376784000,1.33354,1.34518,1.3298,1.33788,224721.0
1377388800,1.33819,1.33986,1.3175,1.32195,200056.0
1377993600,1.32122,1.3227,1.31047,1.31766,172401.0
1378598400,1.31735,1.33244,1.31651,1.32932,168688.0
1379203200,1.33627,1.35685,1.33251,1.35217,178562.0
1379808000,1.35318,1.35642,1.34622,1.35216,159908.0
1380412800,1.34819,1.36455,1.34775,1.35565,181131.0
1381017600,1.35629,1.3607,1.34857,1.35372,167283.0
1381622400,1.35569,1.37036,1.34734,1.36853,175662.0
1382227200,1.36829,1.3832,1.36509,1.3802,158117.0
1382832000,1.3808,1.38171,1.34799,1.34858,180256.0
1383436800,1.3491,1.35472,1.32959,1.33644,175919.0
1384041600,1.33574,1.35046,1.33445,1.34943,178305.0
1384646400,1.34917,1.3577,1.33992,1.35554,182263.0
1385251200,1.35536,1.36214,1.34902,1.35901,159441.0
1385856000,1.35878,1.37061,1.35241,1.37045,198467.0
1386460800,1.37101,1.38105,1.36943,1.37376,173876.0
1387065600,1.3737,1.38111,1.36251,1.367,197458.0
1387670400,1.36723,1.3893,1.36547,1.37462,105245.0
1388275200,1.37586,1.38189,1.35821,1.35874,156598.0
1388880000,1.35955,1.36871,1.35484,1.36665,200208.0
1389484800,1.36662,1.36992,1.35168,1.35405,189193.0
1390089600,1.35325,1.37393,1.35074,1.36752,198826.0
1390694400,1.368,1.37163,1.3479,1.34849,222017.0
1391299200,1.34855,1.36425,1.3477,1.36342,224074.0
1391904000,1.36232,1.37145,1.3562,1.36918,168062.0
1392508800,1.37007,1.3773,1.36857,1.3738,148491.0
1393113600,1.37382,1.38241,1.3643,1.38016,170799.0
1393718400,1.37856,1.39146,1.37072,1.38746,183866.0
1394323200,1.38761,1.39666,1.38335,1.39134,325073.0
1394928000,1.39062,1.39474,1.3749,1.37933,317053.0
1395532800,1.37914,1.38757,1.37047,1.37513,342361.0
1396137600,1.37531,1.38201,1.36725,1.37014,327388.0
1396742400,1.37008,1.39057,1.3696,1.38844,263116.0
1397347200,1.38573,1.38645,1.37899,1.38068,163032.0
1397952000,1.38164,1.38545,1.37849,1.3833,148035.0
1398556800,1.38394,1.38889,1.37749,1.38689,180202.0
1399161600,1.38724,1.39932,1.37453,1.37577,232961.0
1399766400,1.37569,1.37747,1.36484,1.36933,206253.0
1400371200,1.36978,1.37337,1.36155,1.3628,154702.0
1400976000,1.36246,1.36681,1.35858,1.36339,135950.0
1401580800,1.36304,1.36769,1.35028,1.36423,212522.0
1402185600,1.36458,1.36685,1.35121,1.35379,197118.0
1402790400,1.35373,1.36433,1.35129,1.35995,183483.0
1403395200,1.35949,1.3651,1.35738,1.36488,166306.0
1404000000,1.3645,1.36991,1.35851,1.35944,110855.0
1404604800,1.35935,1.36506,1.35758,1.36032,151484.0
1405209600,1.36055,1.36401,1.34908,1.35203,214577.0
1405814400,1.35268,1.35484,1.3421,1.34288,221099.0
1406419200,1.34305,1.34446,1.33665,1.34264,215617.0
1407024000,1.34271,1.34323,1.33327,1.34094,228913.0
1407628800,1.34061,1.34148,1.33356,1.33975,200862.0
1408233600,1.33913,1.33988,1.32204,1.32381,198054.0
1408838400,1.31914,1.32204,1.31323,1.31323,181357.0
1409443200,1.31292,1.316,1.29201,1.2951,210091.0
1410048000,1.29531,1.29791,1.28594,1.29643,295977.0
1410652800,1.29679,1.29951,1.28275,1.28284,260293.0
1411257600,1.28267,1.29012,1.26769,1.26825,287020.0
1411862400,1.26812,1.27149,1.25006,1.25145,285632.0
1412467200,1.25132,1.27914,1.25089,1.26272,348625.0
1413072000,1.26273,1.28868,1.26248,1.27591,453256.0
1413676800,1.27552,1.28397,1.26134,1.26681,363842.0
1414281600,1.26751,1.27701,1.24851,1.25231,399235.0
1414886400,1.25085,1.25772,1.23571,1.24535,494358.0
1415491200,1.24637,1.25462,1.23939,1.25215,463927.0
1416096000,1.25204,1.25991,1.23747,1.23892,392866.0
1416700800,1.23623,1.2531,1.23623,1.24498,278942.0
1417305600,1.24613,1.25062,1.22707,1.22844,287048.0
1417910400,1.22828,1.24949,1.22472,1.246,335435.0
1418515200,1.24731,1.25696,1.222,1.22224,351726.0
1419120000,1.2223,1.22723,1.21644,1.21773,522167.0
1419724800,1.21807,1.22209,1.19997,1.20014,199101.0
1420329600,1.19454,1.19757,1.17536,1.18402,458565.0
1420934400,1.18481,1.18702,1.14594,1.1565,520065.0
1421539200,1.15524,1.1679,1.11145,1.12032,251059.0
1422144000,1.11492,1.14221,1.1097,1.12844,278771.0
1422748800,1.13115,1.15332,1.12918,1.13102,349852.0
1423353600,1.12952,1.14421,1.12698,1.13919,330358.0
1423958400,1.13994,1.14496,1.12788,1.13785,314887.0
1424563200,1.1394,1.13952,1.11758,1.11957,296476.0
1425168000,1.11805,1.12402,1.08387,1.08433,300856.0
1425772800,1.08296,1.09061,1.04619,1.0491,401922.0
1426377600,1.04855,1.10415,1.04791,1.08189,435126.0
1426982400,1.08667,1.10515,1.07667,1.08841,414507.0
1427587200,1.08841,1.10261,1.07123,1.09679,327491.0
1428192000,1.10007,1.10348,1.05674,1.0603,329302.0
1428796800,1.0603,1.08481,1.05202,1.08089,431252.0
1429401600,1.08089,1.08996,1.06594,1.087,452832.0
1430006400,1.08627,1.12896,1.08191,1.11967,549654.0
1430611200,1.11922,1.13918,1.10662,1.12085,190619.0
1431216000,1.12,1.14661,1.11305,1.14466,422918.0
1431820800,1.14485,1.14485,1.10016,1.10141,500607.0
1432425600,1.10052,1.10089,1.08185,1.09895,504263.0
1433030400,1.09835,1.13793,1.08865,1.11163,662111.0
1433635200,1.11018,1.13855,1.10837,1.12621,808892.0
1434240000,1.12133,1.1436,1.11893,1.13483,683352.0
1434844800,1.1374,1.14097,1.11297,1.11713,671863.0
1435449600,1.10047,1.12776,1.09538,1.11038,714227.0
1436054400,1.09794,1.12153,1.09158,1.11541,787387.0
1436659200,1.10993,1.11963,1.08281,1.08299,695744.0
1437264000,1.08332,1.1018,1.08078,1.09762,756333.0
1437868800,1.09759,1.11292,1.08931,1.09831,708373.0
1438473600,1.09711,1.09957,1.08477,1.0964,680722.0
1439078400,1.09623,1.12137,1.0925,1.111,600900.0
1439683200,1.1114,1.13884,1.10171,1.13865,729892.0
1440288000,1.13742,1.17138,1.11559,1.11803,1072302.0
1440892800,1.11767,1.13318,1.10869,1.11469,745872.0
1441497600,1.11571,1.13493,1.1121,1.13395,724352.0
1442102400,1.13298,1.146,1.12138,1.12985,697376.0
1442707200,1.12823,1.13298,1.11049,1.11994,735427.0
1443312000,1.1191,1.13181,1.11347,1.12095,734787.0
1443916800,1.12202,1.13869,1.11717,1.13569,723200.0
1444521600,1.13588,1.14949,1.13339,1.13474,624106.0
1445126400,1.13546,1.13868,1.09963,1.10169,650550.0
1445731200,1.10071,1.10955,1.08966,1.1005,621044.0
1446336000,1.10266,1.10527,1.0707,1.0739,632031.0
1446940800,1.07283,1.08301,1.0674,1.07668,754210.0
1447545600,1.07366,1.07628,1.06166,1.06451,728822.0
1448150400,1.06372,1.0689,1.05657,1.05938,691941.0
1448755200,1.05887,1.09807,1.05222,1.08779,808995.0
1449360000,1.08681,1.10427,1.07958,1.09894,775048.0
1449964800,1.09801,1.10593,1.08023,1.08613,813414.0
1450569600,1.08511,1.09839,1.08457,1.09542,414093.0
1451174400,1.09441,1.09922,1.08526,1.08609,332889.0
1451779200,1.08696,1.09462,1.07104,1.09245,789395.0
1452384000,1.09171,1.09844,1.08046,1.09132,843872.0
1452988800,1.09206,1.09757,1.0777,1.07965,859880.0
1453593600,1.07886,1.09674,1.07886,1.083,857963.0
1454198400,1.08297,1.12468,1.08142,1.11578,914283.0
1454803200,1.11415,1.13761,1.10862,1.12503,1112797.0
1455408000,1.12336,1.12495,1.10664,1.11279,823814.0
1456012800,1.11111,1.11244,1.09114,1.09289,805888.0
1456617600,1.0913,1.1043,1.08251,1.10064,805347.0
1457222400,1.09879,1.12177,1.08219,1.11462,732100.0
1457827200,1.11444,1.13422,1.10575,1.12688,703779.0
1458432000,1.12682,1.12844,1.11439,1.11613,474566.0
1459036800,1.11599,1.14377,1.11527,1.13897,660864.0
1459641600,1.13994,1.14538,1.13262,1.13949,731689.0
1460246400,1.14138,1.14645,1.12335,1.12827,679931.0
1460851200,1.12998,1.13985,1.12154,1.12154,661726.0
1461456000,1.12167,1.1459,1.12145,1.14504,690513.0
1462060800,1.14582,1.16159,1.13856,1.14009,714720.0
1462665600,1.13939,1.14462,1.12825,1.13088,595504.0
1463270400,1.13098,1.13482,1.11796,1.12217,606041.0
1463875200,1.12033,1.12426,1.11107,1.1113,574241.0
1464480000,1.11125,1.13732,1.10707,1.13662,637599.0
1465084800,1.13542,1.14151,1.1245,1.12533,645488.0
1465689600,1.12478,1.13027,1.11307,1.12752,746001.0
1466294400,1.13308,1.14278,1.09113,1.10912,829120.0
1466899200,1.10024,1.11689,1.09705,1.11361,824124.0
1467504000,1.11245,1.11862,1.10016,1.10497,635295.0
1468108800,1.10448,1.11644,1.10153,1.10244,683286.0
1468713600,1.10497,1.10839,1.09551,1.09747,575364.0
1469318400,1.09725,1.11972,1.09314,1.11743,580293.0
1469923200,1.11715,1.12334,1.10453,1.10867,531328.0
1470528000,1.10795,1.12209,1.107,1.11634,503635.0
1471132800,1.11659,1.13661,1.1153,1.13237,553397.0
1471737600,1.13087,1.13548,1.11806,1.11856,521203.0
1472342400,1.11823,1.12518,1.11227,1.11449,519827.0
1472947200,1.11564,1.13266,1.11393,1.12235,550864.0
1473552000,1.12304,1.12833,1.11492,1.11535,610953.0
1474156800,1.11531,1.12569,1.11228,1.12149,564041.0
1474761600,1.1229,1.12788,1.11531,1.12399,628079.0
1475366400,1.12262,1.12439,1.1104,1.11931,692360.0
1475971200,1.1181,1.12028,1.09699,1.09711,663885.0
1476576000,1.09689,1.10388,1.0859,1.08736,557208.0
1477180800,1.08801,1.09915,1.08507,1.09745,552779.0
1477785600,1.09841,1.11405,1.09355,1.11375,589055.0
1478390400,1.10616,1.12991,1.08301,1.08503,856770.0
1478995200,1.08316,1.08403,1.05687,1.05826,830097.0
1479600000,1.05915,1.06575,1.05176,1.05772,760860.0
1480204800,1.06079,1.06896,1.05521,1.06538,745457.0
1480809600,1.06171,1.08734,1.05044,1.05515,608947.0
1481414400,1.05326,1.06698,1.0366,1.04401,659991.0
1482019200,1.04374,1.04989,1.03519,1.047,528018.0
1482624000,1.04607,1.06522,1.03249,1.05068,478283.0
1483228800,1.051,1.06207,1.03399,1.05235,667689.0
1483833600,1.05292,1.06844,1.04534,1.0642,775893.0
1484438400,1.06023,1.0719,1.05789,1.06982,762890.0
1485043200,1.07004,1.07745,1.06572,1.06968,714178.0
1485648000,1.07023,1.08284,1.062,1.07789,735461.0
1486252800,1.07848,1.07906,1.06072,1.06377,634550.0
1486857600,1.06276,1.0679,1.0521,1.06056,610060.0
1487462400,1.06069,1.06326,1.04933,1.05513,569455.0
1488067200,1.05622,1.06304,1.04946,1.06166,629942.0
1488672000,1.06033,1.06988,1.05247,1.06712,600364.0
1489276800,1.06832,1.07821,1.05995,1.07362,622371.0
1489881600,1.07384,1.08245,1.07189,1.07957,584753.0
1490486400,1.08316,1.09057,1.06462,1.06462,548814.0
1491091200,1.06591,1.06887,1.05804,1.05884,512352.0
1491696000,1.0586,1.06773,1.05695,1.06096,428208.0
1492300800,1.06102,1.07773,1.06025,1.07266,436803.0
1492905600,1.09047,1.09506,1.08205,1.08921,552212.0
1493510400,1.09086,1.09988,1.08745,1.09863,481082.0
1494115200,1.1016,1.10176,1.08387,1.09268,537969.0
1494720000,1.09318,1.12115,1.09222,1.1174,629838.0
1495324800,1.11984,1.1268,1.11602,1.11733,576689.0
1495929600,1.1166,1.12848,1.11092,1.12784,497227.0
1496534400,1.12699,1.12837,1.11661,1.11935,446925.0
1497139200,1.12045,1.12954,1.11318,1.11961,443306.0
1497744000,1.12037,1.12125,1.11186,1.11928,379840.0
1498348800,1.11969,1.14451,1.11714,1.14254,510144.0
1498953600,1.14175,1.14395,1.13121,1.13954,426350.0
1499558400,1.13965,1.14891,1.137,1.14666,462552.0
1500163200,1.14688,1.16825,1.14345,1.16623,526042.0
1500768000,1.16589,1.17765,1.16123,1.17494,556011.0
1501372800,1.17518,1.191,1.17229,1.17719,523449.0
1501977600,1.17729,1.18468,1.16885,1.18189,481809.0
1502582400,1.18212,1.1838,1.16619,1.17578,516012.0
1503187200,1.1759,1.19411,1.17307,1.19209,422203.0
1503792000,1.19423,1.20699,1.18228,1.18627,535251.0
1504396800,1.18807,1.20921,1.18679,1.20337,565122.0
1505001600,1.20161,1.20292,1.18379,1.19447,496328.0
1505606400,1.19233,1.2033,1.18611,1.19465,493193.0
1506211200,1.18987,1.19366,1.17171,1.18131,501792.0
1506816000,1.17945,1.18151,1.16692,1.1729,399130.0
1507420800,1.17305,1.18797,1.17195,1.18195,344846.0
1508025600,1.1812,1.18579,1.173,1.17811,371239.0
1508630400,1.17664,1.18367,1.15742,1.16075,399532.0
1509235200,1.16054,1.16906,1.15933,1.16066,337299.0
1509840000,1.16097,1.16779,1.1554,1.16637,334933.0
1510444800,1.16574,1.18603,1.16373,1.17884,346862.0
1511049600,1.17852,1.19443,1.17129,1.19287,322068.0
1511654400,1.19265,1.19611,1.18089,1.18919,421435.0
1512259200,1.18618,1.18786,1.17302,1.17731,394406.0
1512864000,1.1765,1.18625,1.17175,1.17505,381570.0
1513468800,1.17435,1.19017,1.17375,1.1863,505827.0
1514073600,1.18704,1.20255,1.18466,1.20045,280843.0
1514678400,1.20088,1.20889,1.20007,1.20298,416717.0
1515283200,1.20268,1.22185,1.19155,1.22,686104.0
1515888000,1.21932,1.23231,1.21652,1.22224,852634.0
1516492800,1.22698,1.25378,1.22139,1.24264,1005448.0
1517097600,1.24259,1.2522,1.23348,1.2456,951366.0
1517702400,1.24344,1.24749,1.22054,1.22498,1160485.0
1518307200,1.22442,1.25554,1.2235,1.24105,810971.0
1518912000,1.24008,1.24352,1.22595,1.22935,725797.0
1519516800,1.2293,1.2355,1.21546,1.23184,748826.0
1520121600,1.23324,1.24462,1.22688,1.23053,786397.0
1520726400,1.23096,1.24125,1.226,1.22889,619336.0
1521331200,1.22872,1.23885,1.22396,1.23514,650183.0
1521936000,1.23497,1.24763,1.22839,1.23218,529644.0
1522540800,1.23192,1.2345,1.22149,1.22809,406643.0
1523145600,1.22794,1.23964,1.22602,1.2329,385944.0
1523750400,1.23289,1.24137,1.22496,1.22873,339671.0
1524355200,1.22695,1.22895,1.20553,1.21293,440328.0
1524960000,1.21248,1.21387,1.19108,1.19609,514946.0
1525564800,1.19507,1.1978,1.18226,1.19417,467822.0
1526169600,1.19418,1.19961,1.17498,1.17705,523562.0
1526774400,1.17696,1.18297,1.16452,1.16492,539475.0
1527379200,1.16823,1.17284,1.15098,1.16596,643643.0
1527984000,1.16554,1.18398,1.16526,1.17693,494367.0
1528588800,1.17732,1.18519,1.1543,1.1607,526713.0
1529193600,1.15874,1.16749,1.15078,1.16539,574416.0
1529798400,1.16635,1.17205,1.15271,1.16831,625519.0
1530403200,1.16841,1.17679,1.15912,1.17435,453108.0
1531008000,1.17382,1.17908,1.16128,1.16856,467936.0
1531612800,1.16895,1.17446,1.15747,1.17209,554059.0
1532217600,1.17261,1.17497,1.16199,1.16565,372540.0
1532822400,1.16563,1.17455,1.15598,1.15672,313409.0
1533427200,1.15681,1.16278,1.13872,1.1401,271328.0
1534032000,1.13703,1.14441,1.13004,1.14405,269445.0
1534636800,1.14368,1.16393,1.13937,1.1626,237683.0
1535241600,1.16141,1.1733,1.15839,1.16066,242441.0
1535846400,1.15942,1.16585,1.15296,1.15576,230843.0
1536451200,1.15476,1.1721,1.15253,1.16239,208139.0
1537056000,1.1623,1.18021,1.16174,1.17485,228580.0
1537660800,1.17441,1.18144,1.1569,1.16088,252795.0
1538265600,1.16161,1.16241,1.14627,1.1522,271977.0
1538870400,1.15189,1.16097,1.14316,1.1557,281457.0
1539475200,1.15373,1.16213,1.14324,1.15068,260816.0
1540080000,1.15139,1.15495,1.13351,1.14073,270676.0
1540684800,1.13977,1.14551,1.13015,1.13879,264693.0
1541289600,1.13857,1.14991,1.13158,1.13369,291387.0
1541894400,1.13177,1.14194,1.1212,1.14152,322056.0
1542499200,1.14122,1.14717,1.13269,1.13292,211395.0
1543104000,1.13384,1.14011,1.12665,1.13209,237312.0
1543708800,1.13485,1.14229,1.13099,1.14104,246545.0
1544313600,1.13903,1.1442,1.12688,1.12999,257840.0
1544918400,1.13009,1.14852,1.13009,1.13581,275897.0
1545523200,1.13712,1.14721,1.13421,1.14414,206263.0
1546128000,1.14338,1.1496,1.13084,1.14019,232879.0
1546732800,1.13949,1.1569,1.13946,1.1462,255034.0
1547337600,1.14577,1.14889,1.13526,1.1364,247177.0
1547942400,1.13594,1.1417,1.12887,1.14141,219351.0
1548547200,1.13997,1.15136,1.13895,1.14589,236868.0
1549152000,1.14504,1.14596,1.13204,1.13216,178386.0
1549756800,1.13229,1.13408,1.12335,1.12985,181127.0
1550361600,1.12914,1.13704,1.12749,1.13315,185023.0
1550966400,1.13345,1.14189,1.13276,1.13639,197553.0
1551571200,1.13814,1.13814,1.11753,1.1231,193622.0
1552176000,1.12334,1.13436,1.12212,1.1325,188831.0
1552780800,1.13209,1.14472,1.12724,1.12991,206122.0
1553385600,1.12933,1.13308,1.12093,1.12163,225691.0
1553990400,1.12295,1.1254,1.11831,1.12173,173751.0
1554595200,1.12158,1.13232,1.12106,1.1298,162938.0
1555200000,1.13024,1.13231,1.12256,1.12444,149366.0
1555804800,1.12432,1.12614,1.11101,1.11469,157871.0
1556409600,1.11447,1.12642,1.11344,1.11989,170266.0
1557014400,1.11706,1.12529,1.1166,1.12314,201375.0
1557619200,1.12314,1.12627,1.11547,1.11598,160616.0
1558224000,1.11581,1.12114,1.11065,1.1208,142800.0
1558828800,1.12072,1.12145,1.11154,1.11721,148059.0
1559433600,1.11653,1.1347,1.11577,1.13325,204238.0
1560038400,1.13216,1.13427,1.12018,1.12066,170160.0
1560643200,1.12094,1.1377,1.11807,1.13722,199813.0
1561248000,1.1369,1.14114,1.13437,1.1371,188783.0
1561852800,1.13569,1.13703,1.12069,1.1226,149445.0
1562457600,1.12234,1.12851,1.11926,1.12703,157962.0
1563062400,1.1268,1.12832,1.11991,1.12179,164178.0
1563667200,1.12135,1.12247,1.11007,1.11235,146322.0
1564272000,1.11251,1.11614,1.1026,1.1109,220276.0
1564876800,1.11052,1.12489,1.1103,1.12021,256307.0
1565481600,1.11971,1.12299,1.10658,1.1092,231998.0
1566086400,1.10916,1.11525,1.10511,1.11407,179028.0
1566691200,1.11459,1.11634,1.09625,1.09912,265066.0
1567296000,1.09888,1.1084,1.09256,1.10251,236852.0
1567900800,1.10247,1.11088,1.09259,1.10761,231671.0
1568505600,1.10724,1.10858,1.09896,1.10184,240830.0
1569110400,1.1016,1.10247,1.09042,1.09407,226957.0
1569715200,1.09411,1.09986,1.08784,1.09816,234865.0
1570320000,1.09922,1.1062,1.09397,1.10398,209723.0
1570924800,1.10323,1.11654,1.09906,1.1161,213007.0
1571529600,1.11582,1.11788,1.10723,1.10794,160097.0
1572134400,1.10786,1.1175,1.10729,1.1163,163359.0
1572739200,1.11678,1.11747,1.1016,1.10206,163861.0
1573344000,1.1022,1.10561,1.09884,1.1054,132935.0
1573948800,1.10494,1.10962,1.10137,1.10221,137124.0
1574553600,1.10165,1.10314,1.09804,1.10158,124587.0
1575158400,1.10227,1.11154,1.10023,1.10592,141949.0
1575763200,1.10549,1.11989,1.10527,1.1116,170831.0
1576368000,1.11268,1.11739,1.10656,1.10764,148902.0
1576972800,1.10822,1.11876,1.10685,1.11754,94821.0
1577577600,1.11725,1.12386,1.11243,1.11608,163648.0
1578182400,1.11663,1.12048,1.10844,1.11205,209111.0
1578787200,1.11135,1.11721,1.10856,1.10921,165763.0
1579392000,1.10899,1.11173,1.10191,1.10271,172429.0
1579996800,1.10344,1.10911,1.09917,1.109,188484.0
1580601600,1.10937,1.1094,1.09413,1.09466,195181.0
1581206400,1.0942,1.09568,1.08267,1.08366,170153.0
1581811200,1.08403,1.08628,1.07769,1.08484,188987.0
1582416000,1.08139,1.10524,1.08043,1.10373,419328.0
1583020800,1.1048,1.13541,1.10358,1.13054,602028.0
1583625600,1.13478,1.14963,1.10542,1.11052,1127704.0
1584230400,1.11878,1.12361,1.06369,1.06923,1507260.0
1584835200,1.06922,1.11468,1.06351,1.11392,1069048.0
1585440000,1.11192,1.11436,1.07721,1.08088,647146.0
1586044800,1.08112,1.09518,1.07677,1.0935,426153.0
1586649600,1.09475,1.09897,1.08114,1.08683,356451.0
1587254400,1.08687,1.08962,1.07264,1.08104,345773.0
1587859200,1.08203,1.10182,1.0809,1.09786,337145.0
1588464000,1.09693,1.09752,1.07659,1.08365,322370.0
1589068800,1.0826,1.08959,1.0774,1.08165,303699.0
1589673600,1.08114,1.10074,1.07992,1.09031,164238.0
1590278400,1.08922,1.1144,1.08698,1.10988,148966.0
1590883200,1.11162,1.13829,1.10998,1.12908,188466.0
1591488000,1.12928,1.14217,1.12119,1.12523,420031.0
1592092800,1.12324,1.13526,1.11675,1.11856,457430.0
1592697600,1.11834,1.1348,1.11679,1.12263,358109.0
1593302400,1.12211,1.13019,1.1184,1.12438,308385.0
1593907200,1.12437,1.137,1.12389,1.12998,328206.0
1594512000,1.13045,1.14513,1.13003,1.14391,321907.0
1595116800,1.14123,1.16468,1.14016,1.16405,366482.0
1595721600,1.16427,1.19082,1.16406,1.17782,454129.0
1596326400,1.17702,1.19156,1.16952,1.17881,419411.0
1596931200,1.17884,1.18636,1.17104,1.18352,354115.0
1597536000,1.18402,1.19652,1.17536,1.17937,354952.0
1598140800,1.17928,1.19191,1.17615,1.18975,374678.0
1598745600,1.18998,1.20106,1.17803,1.18422,399164.0
1599350400,1.18435,1.19169,1.17521,1.18409,343052.0
1599955200,1.18357,1.18999,1.17368,1.1849,312139.0
1600560000,1.1839,1.18711,1.16117,1.16255,349681.0
1601164800,1.16248,1.1769,1.16146,1.17109,360603.0
1601769600,1.1711,1.18276,1.17053,1.18249,288203.0
1602374400,1.18124,1.18261,1.16878,1.17181,271417.0
1602979200,1.17206,1.188,1.17025,1.18618,269997.0
1603584000,1.1855,1.18591,1.16393,1.16436,304394.0
1604188800,1.1648,1.18903,1.16016,1.18782,413593.0
1604793600,1.18882,1.19194,1.17449,1.1832,377241.0
1605398400,1.1839,1.1893,1.18135,1.18574,278807.0
1606003200,1.18532,1.19623,1.17989,1.19597,251603.0
1606608000,1.19611,1.21767,1.1923,1.21265,330362.0
1607212800,1.21293,1.21656,1.20578,1.21167,325566.0
1607817600,1.21353,1.22721,1.2115,1.22453,283318.0
1608422400,1.22234,1.22566,1.21289,1.21825,245029.0
1609027200,1.21907,1.23092,1.21804,1.22155,219612.0
1609632000,1.22382,1.23487,1.21922,1.22255,441257.0
1610236800,1.22178,1.2224,1.20757,1.20775,316143.0
1610841600,1.20841,1.21888,1.20528,1.21674,251800.0
1611446400,1.21674,1.21827,1.20578,1.21342,353738.0
1612051200,1.21304,1.21359,1.19517,1.20485,274069.0
1612656000,1.20369,1.21489,1.20192,1.21177,219471.0
1613260800,1.21239,1.21689,1.20226,1.21161,245480.0
1613865600,1.21156,1.22426,1.20642,1.20649,417996.0
1614470400,1.20727,1.21124,1.18921,1.19153,408587.0
1615075200,1.19168,1.19892,1.18348,1.19599,362184.0
1615680000,1.19481,1.19882,1.18733,1.19032,315067.0
1616284800,1.1879,1.19462,1.17611,1.1792,247496.0
1616889600,1.1792,1.17932,1.17034,1.17592,204761.0
1617494400,1.17565,1.19267,1.17373,1.19026,217190.0
1618099200,1.189,1.1994,1.18706,1.19806,231960.0
1618704000,1.19718,1.20993,1.19419,1.2099,248471.0
1619308800,1.20912,1.21492,1.20158,1.20221,241649.0
1619913600,1.20311,1.21709,1.19852,1.21672,268491.0
1620518400,1.216,1.2181,1.20505,1.21426,326292.0
1621123200,1.21416,1.22443,1.21255,1.2185,298973.0
1621728000,1.21773,1.22657,1.21319,1.21919,271933.0
1622332800,1.21993,1.22536,1.21032,1.2168,245517.0
1622937600,1.21621,1.22173,1.20921,1.21085,221571.0
1623542400,1.21064,1.21467,1.18464,1.18672,315496.0
1624147200,1.18557,1.19744,1.1847,1.19396,304094.0
1624752000,1.19332,1.19439,1.18061,1.18642,271664.0
1625356800,1.18597,1.18945,1.17808,1.1879,284278.0
1625961600,1.18738,1.18795,1.17713,1.18026,256082.0
1626566400,1.18066,1.18298,1.17512,1.17713,280045.0
1627171200,1.17731,1.1908,1.17627,1.18615,257539.0
1627776000,1.18681,1.18989,1.17536,1.17588,219101.0
1628380800,1.17602,1.18039,1.17052,1.17973,190870.0
1628985600,1.17957,1.18002,1.16634,1.17015,205463.0
1629590400,1.16946,1.18016,1.16901,1.17958,201531.0
1630195200,1.17945,1.19083,1.17819,1.18795,205044.0
1630800000,1.18788,1.18856,1.18013,1.18121,214023.0
1631404800,1.1815,1.18451,1.17239,1.17299,230126.0
1632009600,1.17292,1.17549,1.16827,1.17156,258138.0
1632614400,1.17246,1.17253,1.15619,1.15972,299392.0
1633219200,1.15979,1.16394,1.15285,1.15706,246679.0
1633824000,1.15691,1.16235,1.15225,1.16024,220552.0
1634428800,1.1592,1.16687,1.1571,1.16426,244240.0
1635033600,1.16411,1.16914,1.15344,1.15588,293847.0
1635638400,1.15606,1.16157,1.15124,1.15658,275304.0
1636243200,1.15587,1.16083,1.14322,1.14455,243593.0
1636848000,1.14457,1.14633,1.12491,1.12876,288850.0
1637452800,1.12903,1.13216,1.11848,1.13212,335196.0
1638057600,1.13044,1.13821,1.12334,1.13084,406075.0
1638662400,1.13021,1.1354,1.12268,1.13164,273885.0
1639267200,1.13124,1.13596,1.12204,1.12362,257664.0
1639872000,1.12403,1.13428,1.12339,1.13123,186117.0
1640476800,1.13069,1.13858,1.12729,1.13753,137685.0
1641081600,1.13733,1.13774,1.12715,1.13607,221215.0
1641686400,1.13528,1.14821,1.12843,1.14141,229106.0
1642291200,1.14137,1.14337,1.13002,1.13404,219854.0
1642896000,1.13428,1.13443,1.11205,1.11495,259982.0
1643500800,1.11422,1.1483,1.11376,1.14542,268722.0
1644105600,1.14645,1.14941,1.13292,1.1341,274225.0
1644710400,1.13375,1.1395,1.12794,1.13239,293832.0
1645315200,1.13179,1.13899,1.11055,1.1265,343196.0
1645920000,1.1125,1.12459,1.08846,1.09337,416534.0
1646524800,1.09222,1.11204,1.08051,1.09099,502359.0
1647129600,1.09162,1.11366,1.08999,1.10491,361947.0
1647734400,1.10502,1.10694,1.09601,1.09795,280302.0
1648339200,1.0985,1.11842,1.09441,1.10471,352700.0
1648944000,1.10384,1.10539,1.08358,1.08773,266828.0
1649548800,1.09114,1.09326,1.07566,1.08058,254614.0
1650153600,1.08033,1.09356,1.07605,1.07925,250225.0
1650758400,1.08081,1.08136,1.04704,1.05481,291598.0
1651363200,1.05512,1.06412,1.04821,1.0547,284623.0
1651968000,1.05377,1.05918,1.03489,1.04009,293596.0
1652572800,1.04082,1.06063,1.03885,1.05564,241438.0
1653177600,1.056,1.07644,1.05553,1.07329,236835.0
1653782400,1.07341,1.07862,1.06264,1.07197,196001.0
1654387200,1.07239,1.0773,1.05051,1.05182,222570.0
1654992000,1.0515,1.06003,1.03584,1.04939,343969.0
1655596800,1.04751,1.0605,1.04683,1.05583,256064.0
1656201600,1.05583,1.06143,1.03652,1.04273,262043.0
1656806400,1.04273,1.04622,1.0071,1.01775,260805.0
1657411200,1.01779,1.0183,0.99514,1.00818,306658.0
1658016000,1.00821,1.0277,1.00782,1.02114,310727.0
1658620800,1.02083,1.02571,1.00958,1.02203,314869.0
1659225600,1.02203,1.02931,1.01221,1.01772,303238.0
1659830400,1.01734,1.03679,1.01585,1.02597,235694.0
1660435200,1.02597,1.02676,1.00312,1.00394,232818.0
1661040000,1.00394,1.0089,0.98992,0.99647,257822.0
1661644800,0.99637,1.00783,0.991,0.99524,291061.0
1662249600,0.99213,1.01127,0.98633,1.00448,301619.0
1662854400,1.00995,1.01971,0.99443,1.0012,305310.0
1663459200,1.0012,1.00498,0.96675,0.96904,328573.0
1664064000,0.96714,0.9853,0.95351,0.98001,455804.0
1664668800,0.98002,0.99989,0.97253,0.97382,386736.0
1665273600,0.97382,0.9808,0.96311,0.97274,384104.0
1665878400,0.97273,0.9875,0.97042,0.9861,376003.0
1666483200,0.98724,1.0093,0.9806,0.99653,385320.0
1667088000,0.99555,0.99752,0.97292,0.99533,332580.0
1667692800,0.99042,1.03634,0.98999,1.03568,347452.0
1668297600,1.03319,1.04805,1.02706,1.03241,385999.0
1668902400,1.03211,1.0448,1.0222,1.04081,302524.0
1669507200,1.03707,1.05441,1.02895,1.05325,394691.0
1670112000,1.05277,1.0594,1.04426,1.05296,349604.0
1670716800,1.05285,1.07352,1.05054,1.05915,377814.0
1671321600,1.05865,1.06584,1.05726,1.06156,351683.0
1671926400,1.06321,1.07124,1.0605,1.07033,231777.0
1672531200,1.07055,1.07097,1.04809,1.06453,329043.0
1673136000,1.06395,1.08672,1.06365,1.08313,342053.0
1673740800,1.08309,1.08867,1.07653,1.08555,333468.0
1674345600,1.0865,1.09287,1.08344,1.08646,279246.0
1674950400,1.08638,1.10322,1.07924,1.07926,323743.0
1675555200,1.07817,1.07981,1.06656,1.06782,299119.0
1676160000,1.06787,1.08039,1.0612,1.06939,304555.0
1676764800,1.06852,1.0704,1.05354,1.05462,279577.0
1677369600,1.05458,1.06906,1.05323,1.06345,280370.0
1677974400,1.06195,1.07,1.05236,1.06365,323702.0
1678579200,1.06952,1.0759,1.05153,1.06651,460620.0
1679184000,1.06844,1.09289,1.06306,1.0758,333409.0
1679788800,1.07732,1.09257,1.07441,1.0845,245729.0
1680393600,1.08388,1.09724,1.07875,1.09013,205394.0
1680998400,1.09013,1.1075,1.08306,1.09958,209087.0
1681603200,1.09858,1.09989,1.09085,1.09895,214078.0
1682208000,1.09901,1.10945,1.09617,1.10187,244132.0
1682812800,1.10227,1.10909,1.09414,1.10174,249877.0
1683417600,1.10209,1.10529,1.08478,1.0851,214956.0
1684022400,1.08557,1.09038,1.0759,1.08052,203427.0
1684627200,1.08038,1.08304,1.07011,1.07288,228599.0
1685232000,1.07288,1.07782,1.06344,1.07071,208818.0
1685836800,1.07071,1.07863,1.06662,1.07433,197471.0
1686441600,1.07455,1.09699,1.07325,1.09344,210487.0
1687046400,1.09393,1.10118,1.08437,1.08903,218044.0
1687651200,1.09043,1.09759,1.08346,1.09121,215679.0
1688256000,1.09066,1.09724,1.08328,1.09657,208210.0
1688860800,1.09657,1.12441,1.09426,1.12251,233708.0
1689465600,1.12251,1.12749,1.11071,1.11244,221552.0
1690070400,1.11244,1.11488,1.09428,1.10221,262391.0
1690675200,1.10271,1.10451,1.09115,1.10069,232451.0
1691280000,1.10069,1.10643,1.09284,1.09459,214081.0
1691884800,1.09459,1.09594,1.08442,1.08718,243644.0
1692489600,1.08664,1.09297,1.0765,1.08019,223267.0
1693094400,1.07952,1.09446,1.07714,1.07739,225653.0
1693699200,1.07751,1.08081,1.06855,1.06984,195332.0
1694304000,1.07141,1.07679,1.06309,1.06589,224804.0
1694908800,1.06581,1.0736,1.06141,1.06428,217566.0
1695513600,1.06427,1.06545,1.04872,1.05714,215050.0
1696118400,1.0561,1.05991,1.04473,1.05887,250315.0
1696723200,1.05486,1.06386,1.04946,1.05129,272422.0
1697328000,1.05129,1.06156,1.05045,1.05944,266519.0
1697932800,1.05911,1.06932,1.05206,1.05643,264146.0
1698537600,1.05652,1.07457,1.05161,1.07299,277076.0
1699142400,1.07224,1.07554,1.06552,1.06834,250199.0
1699747200,1.06743,1.09129,1.06641,1.09125,251511.0
1700352000,1.09057,1.09642,1.08514,1.09331,228088.0
1700956800,1.09401,1.10164,1.08278,1.08806,288235.0
1701561600,1.08761,1.08941,1.07224,1.07618,315524.0
1702166400,1.07576,1.10081,1.07407,1.08945,305791.0
1702771200,1.08958,1.10393,1.08911,1.10117,264686.0
1703376000,1.10158,1.11385,1.09991,1.10384,166302.0
1703980800,1.10411,1.10449,1.08758,1.09403,232396.0
1704585600,1.0934,1.09985,1.09095,1.09492,263853.0
1705190400,1.09457,1.09666,1.08436,1.08966,262603.0
1705795200,1.08891,1.09314,1.08119,1.0852,263614.0
1706400000,1.08374,1.08967,1.07791,1.07881,281414.0
1707004800,1.07842,1.07937,1.07216,1.07835,233447.0
1707609600,1.07761,1.08047,1.0694,1.07756,224378.0
1708214400,1.07713,1.08871,1.07609,1.082,196536.0
1708819200,1.08309,1.0865,1.0795,1.0839,196917.0
1709424000,1.08339,1.09804,1.08334,1.09379,203365.0
1710028800,1.09375,1.09628,1.08722,1.08877,209149.0
1710633600,1.08871,1.09418,1.08008,1.08055,213008.0
1711238400,1.08073,1.08632,1.07668,1.0785,201104.0
1711843200,1.07858,1.08757,1.07236,1.08363,198165.0
1712448000,1.08335,1.08842,1.06216,1.06407,238737.0
1713052800,1.06282,1.06894,1.06003,1.06564,269513.0
1713657600,1.06493,1.07518,1.0623,1.06935,224847.0
1714262400,1.06989,1.08114,1.06486,1.07624,263112.0
1714867200,1.07634,1.07897,1.07231,1.07689,199852.0
1715472000,1.07709,1.08941,1.0765,1.08693,198064.0
1716076800,1.08646,1.08836,1.08039,1.08453,211257.0
1716681600,1.08476,1.08882,1.07877,1.08487,208169.0
1717286400,1.08432,1.09153,1.0799,1.08013,245088.0
1717891200,1.0769,1.08515,1.06668,1.07051,251667.0
1718496000,1.07052,1.07608,1.06701,1.06922,225091.0
1719100800,1.0691,1.07456,1.06652,1.07123,233570.0
1719705600,1.07103,1.08417,1.07092,1.08384,220282.0
1720310400,1.08005,1.09105,1.07986,1.09041,229954.0
1720915200,1.08814,1.09472,1.08708,1.08811,246099.0
1721520000,1.08785,1.09018,1.08248,1.08546,247825.0
1722124800,1.08531,1.09257,1.07765,1.09101,278000.0
1722729600,1.09227,1.10076,1.08805,1.0915,350724.0
1723334400,1.09118,1.10465,1.09093,1.10263,185280.0
1723939200,1.1026,1.12001,1.10219,1.11926,212746.0
1724544000,1.11837,1.12008,1.10431,1.10476,216685.0
1725148800,1.10435,1.11539,1.10256,1.10855,230710.0
1725753600,1.10775,1.1101,1.10011,1.10737,225570.0
1726358400,1.10733,1.1188,1.10677,1.11622,248632.0
1726963200,1.11617,1.1213,1.10823,1.11583,248942.0
1727568000,1.11454,1.12081,1.09505,1.09749,254548.0
1728172800,1.09755,1.09963,1.08994,1.09347,216936.0
1728777600,1.09324,1.09358,1.08102,1.08667,191367.0
1729382400,1.08584,1.08705,1.07604,1.07947,195166.0
1729987200,1.07933,1.09048,1.0768,1.0833,230348.0
1730592000,1.08777,1.09362,1.06817,1.07173,303658.0
1731196800,1.07042,1.07269,1.04955,1.05327,273497.0
1731801600,1.05279,1.0609,1.03312,1.04157,270456.0
1732406400,1.04774,1.05963,1.04243,1.05767,293571.0
1733011200,1.05556,1.0629,1.04598,1.05663,299300.0
1733616000,1.05596,1.05935,1.04524,1.05018,270426.0
1734220800,1.04872,1.05335,1.03423,1.04277,280033.0
1734825600,1.04278,1.04447,1.03827,1.04232,130139.0
1735430400,1.04258,1.04575,1.02232,1.03071,188009.0
1736035200,1.03013,1.04358,1.0212,1.02438,279101.0
1736640000,1.02343,1.03534,1.01767,1.02692,272585.0
1737244800,1.0278,1.05206,1.02654,1.04949,284018.0
1737849600,1.04761,1.05323,1.03494,1.03578,304174.0
1738454400,1.02386,1.04419,1.02098,1.03251,316303.0
1739059200,1.02871,1.05133,1.02787,1.0488,259871.0
1739664000,1.0484,1.05056,1.04001,1.04585,234479.0
1740268800,1.04674,1.0528,1.03591,1.03749,289535.0
1740873600,1.04029,1.08876,1.03877,1.08354,381397.0
1741478400,1.08388,1.09464,1.08044,1.08743,333085.0
1742083200,1.08795,1.09539,1.07962,1.081,252777.0
1742688000,1.08181,1.08572,1.07323,1.08238,256550.0
1743292800,1.08215,1.1145,1.07776,1.09617,393798.0
1743897600,1.08883,1.14729,1.08789,1.13501,666578.0
1744502400,1.13118,1.14239,1.12632,1.1392,424905.0
1745107200,1.13889,1.15724,1.1307,1.13591,437991.0
1745712000,1.13653,1.14241,1.1265,1.12979,343137.0
1746316800,1.12981,1.13802,1.1196,1.12469,336024.0
1746921600,1.11919,1.12647,1.10646,1.11597,330812.0
1747526400,1.11739,1.13747,1.11686,1.13634,342861.0
1748131200,1.1362,1.14178,1.12094,1.13462,322246.0
1748736000,1.13405,1.14941,1.13405,1.13919,309745.0
1749340800,1.13954,1.16313,1.13722,1.15465,317829.0
1749945600,1.15491,1.16138,1.14455,1.15208,323177.0
1750550400,1.1515,1.17529,1.14527,1.17184,325293.0
1751155200,1.17058,1.1829,1.17058,1.17719,276482.0
1751760000,1.17743,1.17894,1.16618,1.16915,266031.0
1752364800,1.16871,1.17205,1.15555,1.16218,257954.0
1752969600,1.16215,1.17879,1.16138,1.17383,228047.0
1753574400,1.1743,1.17695,1.13904,1.15948,290582.0
1754179200,1.15681,1.16979,1.15268,1.16397,260001.0
1754784000,1.16416,1.17294,1.15893,1.17022,234982.0
1755388800,1.17001,1.17417,1.1582,1.17203,211965.0
1755993600,1.1719,1.17251,1.15732,1.16866,216499.0
1756598400,1.16976,1.17587,1.16074,1.172,220874.0
1757203200,1.1717,1.17792,1.16592,1.17311,239709.0
1757808000,1.17357,1.19179,1.17153,1.17423,250163.0
1758412800,1.17467,1.18192,1.16446,1.17009,235609.0
1759017600,1.17048,1.17778,1.16825,1.17385,230849.0
1759622400,1.17402,1.17402,1.15413,1.16229,245704.0
1760227200,1.16118,1.17276,1.15419,1.16516,263417.0
1760832000,1.16698,1.16747,1.15763,1.16264,220074.0
1761436800,1.16289,1.16679,1.15207,1.15352,243954.0
1762041600,1.15276,1.15903,1.14681,1.15629,240441.0
1762646400,1.15543,1.16552,1.15402,1.16212,242532.0
1763251200,1.16124,1.16239,1.14903,1.15147,267604.0
1763856000,1.15102,1.16126,1.1501,1.15958,233993.0
1764460800,1.15917,1.16813,1.15885,1.16405,148714.0
1765065600,1.16287,1.17621,1.16143,1.17376,154134.0
1765670400,1.17234,1.18033,1.17023,1.17069,163448.0
1766275200,1.17095,1.18074,1.17053,1.17682,111373.0
1766880000,1.1764,1.17882,1.17126,1.17196,115472.0
1767484800,1.17132,1.17421,1.16175,1.16294,159350.0
1768089600,1.16276,1.16977,1.15837,1.15976,145120.0
1768694400,1.15794,1.1833,1.15723,1.18286,167765.0
1769299200,1.18591,1.208,1.18343,1.18502,255872.0
1769904000,1.1847,1.18739,1.17649,1.18128,215828.0
1770508800,1.18074,1.19278,1.18074,1.18669,188770.0
1771113600,1.18595,1.18724,1.17414,1.17846,152233.0
1771718400,1.17907,1.18337,1.17652,1.18112,172256.0
1772323200,1.1766,1.17952,1.15295,1.16119,304417.0
1772928000,1.15451,1.16666,1.14099,1.1416,299092.0
1773532800,1.14235,1.16155,1.14135,1.15693,261992.0
1774137600,1.15391,1.1639,1.14838,1.15054,292759.0
1774742400,1.15003,1.16263,1.14424,1.15132,226529.0
1775347200,1.15134,1.17386,1.15045,1.17291,240727.0
1775952000,1.17265,1.18483,1.16624,1.17623,193089.0
1776556800,1.1732,1.17903,1.16684,1.17213,214825.0
1777161600,1.17177,1.17844,1.16543,1.17192,214407.0
1777766400,1.17414,1.17959,1.16757,1.17864,219236.0
1778371200,1.17383,1.17872,1.16162,1.16226,191457.0
1778976000,1.16206,1.16615,1.15756,1.16018,214603.0
1779580800,1.16049,1.1685,1.15855,1.16587,169058.0
1780185600,1.16639,1.1664,1.15171,1.15214,176205.0
1780790400,1.1509,1.15888,1.1499,1.15669,231666.0
1781395200,1.15705,1.16209,1.14171,1.14705,192070.0
1782000000,1.14607,1.1473,1.13238,1.13807,219455.0
1782604800,1.13861,1.1472,1.1361,1.14347,195277.0
1783209600,1.14328,1.146,1.13906,1.14135,185240.0
