tf,sigset,thr,sl_atr,tp_atr,sl_pip,tp_pip,n,wr,be,lift,z,net_pip
M30,trendflex,0.97,1.87,1.87,40.2,40.2,2945,50.8,50.0,0.8,0.87,-7857.5
M30,trendflex,0.97,1.87,2.24,40.2,48.2,2858,46.5,45.48,1.03,1.1,-6875.8
M30,trendflex,0.97,1.87,2.61,40.2,56.1,2771,43.16,41.74,1.42,1.51,-5408.0
M30,trendflex,0.97,1.53,1.91,32.9,41.1,3016,44.76,44.46,0.3,0.33,-9308.5
M30,trendflex,0.97,2.23,2.68,47.9,57.6,2648,45.92,45.4,0.52,0.54,-7349.7
M30,trendflex,1.17,1.87,1.87,40.2,40.2,2587,51.18,50.0,1.18,1.2,-6046.2
M30,trendflex,1.17,1.87,2.24,40.2,48.2,2521,46.01,45.48,0.54,0.54,-7080.8
M30,trendflex,1.17,1.87,2.61,40.2,56.1,2441,42.56,41.74,0.82,0.82,-6089.1
M30,trendflex,1.17,1.53,1.91,32.9,41.1,2629,44.69,44.46,0.23,0.24,-8188.4
M30,trendflex,1.17,2.23,2.68,47.9,57.6,2362,46.02,45.4,0.62,0.6,-6209.5
M30,trendflex,1.38,1.87,1.87,40.2,40.2,2126,50.66,50.0,0.66,0.61,-5924.4
M30,trendflex,1.38,1.87,2.24,40.2,48.2,2092,46.41,45.48,0.94,0.86,-5207.8
M30,trendflex,1.38,1.87,2.61,40.2,56.1,2048,43.02,41.74,1.27,1.17,-4297.8
M30,trendflex,1.38,1.53,1.91,32.9,41.1,2142,45.47,44.46,1.01,0.94,-5499.5
M30,trendflex,1.38,2.23,2.68,47.9,57.6,1999,46.27,45.4,0.87,0.78,-4812.9
M30,trendflex,1.61,1.87,1.87,40.2,40.2,1646,50.85,50.0,0.85,0.69,-4263.6
M30,trendflex,1.61,1.87,2.24,40.2,48.2,1625,47.08,45.48,1.6,1.3,-3018.9
M30,trendflex,1.61,1.87,2.61,40.2,56.1,1607,43.68,41.74,1.94,1.58,-2259.3
M30,trendflex,1.61,1.53,1.91,32.9,41.1,1645,45.71,44.46,1.25,1.02,-3865.7
M30,trendflex,1.61,2.23,2.68,47.9,57.6,1593,47.52,45.4,2.12,1.7,-1676.9
M30,trendflex,1.83,1.87,1.87,40.2,40.2,1183,52.83,50.0,2.83,1.95,-1184.0
M30,trendflex,1.83,1.87,2.24,40.2,48.2,1180,49.24,45.48,3.76,2.6,56.9
M30,trendflex,1.83,1.87,2.61,40.2,56.1,1177,45.88,41.74,4.13,2.88,829.0
M30,trendflex,1.83,1.53,1.91,32.9,41.1,1186,46.96,44.46,2.51,1.74,-1696.0
M30,trendflex,1.83,2.23,2.68,47.9,57.6,1172,49.83,45.4,4.43,3.04,1612.2
M30,trendflex,2.07,1.87,1.87,40.2,40.2,804,53.36,50.0,3.36,1.9,-482.4
M30,trendflex,2.07,1.87,2.24,40.2,48.2,802,48.13,45.48,2.65,1.51,-764.6
M30,trendflex,2.07,1.87,2.61,40.2,56.1,801,46.07,41.74,4.32,2.48,691.2
M30,trendflex,2.07,1.53,1.91,32.9,41.1,804,47.26,44.46,2.8,1.6,-984.8
M30,trendflex,2.07,2.23,2.68,47.9,57.6,800,49.62,45.4,4.22,2.4,923.5
M30,trendflex,2.31,1.87,1.87,40.2,40.2,520,52.31,50.0,2.31,1.05,-751.2
M30,trendflex,2.31,1.87,2.24,40.2,48.2,520,47.12,45.48,1.64,0.75,-962.0
M30,trendflex,2.31,1.87,2.61,40.2,56.1,520,44.04,41.74,2.29,1.06,-567.3
M30,trendflex,2.31,1.53,1.91,32.9,41.1,520,45.96,44.46,1.5,0.69,-1138.0
M30,trendflex,2.31,2.23,2.68,47.9,57.6,520,49.04,45.4,3.64,1.67,278.5
M30,reflex,0.97,1.87,1.87,40.2,40.2,4093,51.36,50.0,1.36,1.74,-9078.9
M30,reflex,0.97,1.87,2.24,40.2,48.2,3884,46.63,45.48,1.15,1.44,-8903.8
M30,reflex,0.97,1.87,2.61,40.2,56.1,3715,42.77,41.74,1.03,1.27,-8631.9
M30,reflex,0.97,1.53,1.91,32.9,41.1,4307,45.16,44.46,0.7,0.92,-12018.5
M30,reflex,0.97,2.23,2.68,47.9,57.6,3466,45.96,45.4,0.56,0.66,-9517.2
M30,reflex,1.17,1.87,1.87,40.2,40.2,3571,50.46,50.0,0.46,0.55,-10427.5
M30,reflex,1.17,1.87,2.24,40.2,48.2,3418,45.7,45.48,0.22,0.26,-10572.0
M30,reflex,1.17,1.87,2.61,40.2,56.1,3317,42.54,41.74,0.79,0.93,-8400.1
M30,reflex,1.17,1.53,1.91,32.9,41.1,3697,44.28,44.46,-0.18,-0.22,-12670.5
M30,reflex,1.17,2.23,2.68,47.9,57.6,3124,45.36,45.4,-0.04,-0.05,-10479.3
M30,reflex,1.38,1.87,1.87,40.2,40.2,2921,50.26,50.0,0.26,0.28,-9036.3
M30,reflex,1.38,1.87,2.24,40.2,48.2,2826,45.22,45.48,-0.25,-0.27,-9955.8
M30,reflex,1.38,1.87,2.61,40.2,56.1,2748,41.41,41.74,-0.33,-0.35,-9924.8
M30,reflex,1.38,1.53,1.91,32.9,41.1,3005,44.06,44.46,-0.4,-0.44,-10805.0
M30,reflex,1.38,2.23,2.68,47.9,57.6,2629,45.53,45.4,0.13,0.13,-8289.8
M30,reflex,1.61,1.87,1.87,40.2,40.2,2198,50.14,50.0,0.14,0.13,-7012.2
M30,reflex,1.61,1.87,2.24,40.2,48.2,2151,45.33,45.48,-0.15,-0.14,-7378.5
M30,reflex,1.61,1.87,2.61,40.2,56.1,2115,41.94,41.74,0.19,0.18,-6584.4
M30,reflex,1.61,1.53,1.91,32.9,41.1,2244,44.07,44.46,-0.39,-0.37,-8046.8
M30,reflex,1.61,2.23,2.68,47.9,57.6,2043,46.6,45.4,1.2,1.09,-4165.6
M30,reflex,1.83,1.87,1.87,40.2,40.2,1492,50.13,50.0,0.13,0.1,-4762.8
M30,reflex,1.83,1.87,2.24,40.2,48.2,1470,44.42,45.48,-1.05,-0.81,-6219.8
M30,reflex,1.83,1.87,2.61,40.2,56.1,1460,41.58,41.74,-0.17,-0.13,-5055.9
M30,reflex,1.83,1.53,1.91,32.9,41.1,1508,43.37,44.46,-1.09,-0.85,-6193.6
M30,reflex,1.83,2.23,2.68,47.9,57.6,1434,45.89,45.4,0.48,0.37,-4001.8
M30,reflex,2.07,1.87,1.87,40.2,40.2,902,49.22,50.0,-0.78,-0.47,-3539.4
M30,reflex,2.07,1.87,2.24,40.2,48.2,897,43.7,45.48,-1.77,-1.07,-4366.7
M30,reflex,2.07,1.87,2.61,40.2,56.1,895,41.12,41.74,-0.63,-0.38,-3494.1
M30,reflex,2.07,1.53,1.91,32.9,41.1,907,42.56,44.46,-1.9,-1.15,-4269.4
M30,reflex,2.07,2.23,2.68,47.9,57.6,886,45.37,45.4,-0.03,-0.02,-2952.2
M30,reflex,2.31,1.87,1.87,40.2,40.2,493,49.49,50.0,-0.51,-0.23,-1827.9
M30,reflex,2.31,1.87,2.24,40.2,48.2,491,43.58,45.48,-1.89,-0.84,-2440.9
M30,reflex,2.31,1.87,2.61,40.2,56.1,490,40.82,41.74,-0.93,-0.42,-2055.0
M30,reflex,2.31,1.53,1.91,32.9,41.1,493,42.6,44.46,-1.86,-0.83,-2306.6
M30,reflex,2.31,2.23,2.68,47.9,57.6,489,44.99,45.4,-0.41,-0.18,-1826.8
M30,union,0.97,1.87,1.87,40.2,40.2,5259,50.48,50.0,0.48,0.7,-15332.9
M30,union,0.97,1.87,2.24,40.2,48.2,4931,46.14,45.48,0.66,0.93,-13424.9
M30,union,0.97,1.87,2.61,40.2,56.1,4628,42.65,41.74,0.91,1.25,-11266.1
M30,union,0.97,1.53,1.91,32.9,41.1,5567,44.39,44.46,-0.07,-0.11,-18700.7
M30,union,0.97,2.23,2.68,47.9,57.6,4290,45.8,45.4,0.4,0.53,-12454.2
M30,union,1.17,1.87,1.87,40.2,40.2,4650,50.56,50.0,0.56,0.76,-13215.9
M30,union,1.17,1.87,2.24,40.2,48.2,4402,46.05,45.48,0.57,0.76,-12261.5
M30,union,1.17,1.87,2.61,40.2,56.1,4195,42.86,41.74,1.12,1.47,-9316.5
M30,union,1.17,1.53,1.91,32.9,41.1,4861,43.96,44.46,-0.5,-0.7,-17798.8
M30,union,1.17,2.23,2.68,47.9,57.6,3899,45.68,45.4,0.28,0.35,-11748.8
M30,union,1.38,1.87,1.87,40.2,40.2,3916,50.2,50.0,0.2,0.26,-12313.8
M30,union,1.38,1.87,2.24,40.2,48.2,3727,45.61,45.48,0.14,0.17,-11886.7
M30,union,1.38,1.87,2.61,40.2,56.1,3570,41.71,41.74,-0.04,-0.04,-11930.6
M30,union,1.38,1.53,1.91,32.9,41.1,4060,44.58,44.46,0.12,0.16,-13067.1
M30,union,1.38,2.23,2.68,47.9,57.6,3368,45.52,45.4,0.11,0.13,-10730.2
M30,union,1.61,1.87,1.87,40.2,40.2,2997,49.92,50.0,-0.08,-0.09,-10048.5
M30,union,1.61,1.87,2.24,40.2,48.2,2878,45.62,45.48,0.15,0.16,-9081.2
M30,union,1.61,1.87,2.61,40.2,56.1,2791,42.28,41.74,0.53,0.57,-7731.9
M30,union,1.61,1.53,1.91,32.9,41.1,3067,44.28,44.46,-0.18,-0.2,-10498.1
M30,union,1.61,2.23,2.68,47.9,57.6,2665,46.94,45.4,1.54,1.6,-4446.3
M30,union,1.83,1.87,1.87,40.2,40.2,2126,51.65,50.0,1.65,1.52,-4175.3
M30,union,1.83,1.87,2.24,40.2,48.2,2059,46.82,45.48,1.34,1.22,-4322.4
M30,union,1.83,1.87,2.61,40.2,56.1,2006,43.62,41.74,1.87,1.7,-2972.0
M30,union,1.83,1.53,1.91,32.9,41.1,2158,45.13,44.46,0.67,0.63,-6024.4
M30,union,1.83,2.23,2.68,47.9,57.6,1948,47.84,45.4,2.44,2.16,-1405.0
M30,union,2.07,1.87,1.87,40.2,40.2,1331,51.47,50.0,1.47,1.07,-2824.5
M30,union,2.07,1.87,2.24,40.2,48.2,1300,46.23,45.48,0.76,0.55,-3421.6
M30,union,2.07,1.87,2.61,40.2,56.1,1281,43.33,41.74,1.58,1.15,-2277.0
M30,union,2.07,1.53,1.91,32.9,41.1,1344,45.01,44.46,0.56,0.41,-3882.8
M30,union,2.07,2.23,2.68,47.9,57.6,1258,47.38,45.4,1.97,1.41,-1531.6
M30,union,2.31,1.87,1.87,40.2,40.2,775,51.74,50.0,1.74,0.97,-1472.1
M30,union,2.31,1.87,2.24,40.2,48.2,766,46.48,45.48,1.0,0.56,-1850.6
M30,union,2.31,1.87,2.61,40.2,56.1,757,42.67,41.74,0.92,0.52,-1824.6
M30,union,2.31,1.53,1.91,32.9,41.1,778,45.63,44.46,1.17,0.66,-1893.6
M30,union,2.31,2.23,2.68,47.9,57.6,752,47.21,45.4,1.8,0.99,-1049.9
H1,trendflex,0.97,1.87,1.87,58.2,58.2,1558,51.99,50.0,1.99,1.57,-1433.2
H1,trendflex,0.97,1.87,2.24,58.2,69.7,1512,47.29,45.5,1.78,1.39,-1411.8
H1,trendflex,0.97,1.87,2.61,58.2,81.2,1461,42.64,41.75,0.89,0.69,-3031.5
H1,trendflex,0.97,1.53,1.91,47.6,59.4,1594,46.49,44.49,2.0,1.61,-1816.7
H1,trendflex,0.97,2.23,2.68,69.4,83.4,1399,46.18,45.42,0.76,0.57,-3039.2
H1,trendflex,1.17,1.87,1.87,58.2,58.2,1308,52.52,50.0,2.52,1.82,-368.7
H1,trendflex,1.17,1.87,2.24,58.2,69.7,1280,48.59,45.5,3.09,2.22,917.9
H1,trendflex,1.17,1.87,2.61,58.2,81.2,1253,43.66,41.75,1.9,1.37,-947.1
H1,trendflex,1.17,1.53,1.91,47.6,59.4,1326,46.3,44.49,1.82,1.33,-1757.8
H1,trendflex,1.17,2.23,2.68,69.4,83.4,1209,47.06,45.42,1.64,1.15,-1112.8
H1,trendflex,1.38,1.87,1.87,58.2,58.2,1078,53.71,50.0,3.71,2.44,1104.4
H1,trendflex,1.38,1.87,2.24,58.2,69.7,1066,49.44,45.5,3.93,2.58,1810.3
H1,trendflex,1.38,1.87,2.61,58.2,81.2,1049,46.14,41.75,4.39,2.88,2841.2
H1,trendflex,1.38,1.53,1.91,47.6,59.4,1087,47.29,44.49,2.8,1.86,-385.2
H1,trendflex,1.38,2.23,2.68,69.4,83.4,1034,49.81,45.42,4.39,2.83,3323.7
H1,trendflex,1.61,1.87,1.87,58.2,58.2,797,53.58,50.0,3.58,2.02,665.1
H1,trendflex,1.61,1.87,2.24,58.2,69.7,796,49.25,45.5,3.74,2.12,1020.6
H1,trendflex,1.61,1.87,2.61,58.2,81.2,786,45.8,41.75,4.05,2.3,1558.9
H1,trendflex,1.61,1.53,1.91,47.6,59.4,799,46.81,44.49,2.32,1.32,-674.5
H1,trendflex,1.61,2.23,2.68,69.4,83.4,778,49.49,45.42,4.07,2.28,2048.9
H1,trendflex,1.83,1.87,1.87,58.2,58.2,595,54.45,50.0,4.45,2.17,1106.7
H1,trendflex,1.83,1.87,2.24,58.2,69.7,592,50.68,45.5,5.17,2.53,1936.0
H1,trendflex,1.83,1.87,2.61,58.2,81.2,591,46.19,41.75,4.44,2.19,1534.9
H1,trendflex,1.83,1.53,1.91,47.6,59.4,596,48.32,44.49,3.84,1.88,464.0
H1,trendflex,1.83,2.23,2.68,69.4,83.4,587,50.09,45.42,4.67,2.27,1929.7
H1,trendflex,2.07,1.87,1.87,58.2,58.2,382,54.19,50.0,4.19,1.64,658.5
H1,trendflex,2.07,1.87,2.24,58.2,69.7,381,50.13,45.5,4.63,1.81,1054.1
H1,trendflex,2.07,1.87,2.61,58.2,81.2,381,46.72,41.75,4.97,1.97,1325.3
H1,trendflex,2.07,1.53,1.91,47.6,59.4,382,46.34,44.49,1.85,0.73,-504.8
H1,trendflex,2.07,2.23,2.68,69.4,83.4,380,51.58,45.42,6.16,2.41,2272.8
H1,trendflex,2.31,1.87,1.87,58.2,58.2,256,52.34,50.0,2.34,0.75,-146.4
H1,trendflex,2.31,1.87,2.24,58.2,69.7,256,48.83,45.5,3.32,1.07,243.5
H1,trendflex,2.31,1.87,2.61,58.2,81.2,256,44.53,41.75,2.78,0.9,70.1
H1,trendflex,2.31,1.53,1.91,47.6,59.4,256,45.7,44.49,1.22,0.39,-511.4
H1,trendflex,2.31,2.23,2.68,69.4,83.4,256,50.78,45.42,5.36,1.72,1227.0
H1,reflex,0.97,1.87,1.87,58.2,58.2,2157,51.51,50.0,1.51,1.4,-3378.8
H1,reflex,0.97,1.87,2.24,58.2,69.7,2073,47.66,45.5,2.16,1.97,-1209.6
H1,reflex,0.97,1.87,2.61,58.2,81.2,1988,44.01,41.75,2.26,2.05,-615.7
H1,reflex,0.97,1.53,1.91,47.6,59.4,2255,45.72,44.49,1.23,1.18,-4438.2
H1,reflex,0.97,2.23,2.68,69.4,83.4,1836,48.09,45.42,2.67,2.3,1165.6
H1,reflex,1.17,1.87,1.87,58.2,58.2,1880,52.82,50.0,2.82,2.44,-34.8
H1,reflex,1.17,1.87,2.24,58.2,69.7,1816,48.62,45.5,3.12,2.67,1213.4
H1,reflex,1.17,1.87,2.61,58.2,81.2,1745,44.53,41.75,2.78,2.35,840.2
H1,reflex,1.17,1.53,1.91,47.6,59.4,1946,47.58,44.49,3.1,2.75,30.6
H1,reflex,1.17,2.23,2.68,69.4,83.4,1630,48.1,45.42,2.68,2.17,1081.8
H1,reflex,1.38,1.87,1.87,58.2,58.2,1506,52.26,50.0,2.26,1.75,-953.9
H1,reflex,1.38,1.87,2.24,58.2,69.7,1464,47.27,45.5,1.76,1.35,-1566.1
H1,reflex,1.38,1.87,2.61,58.2,81.2,1427,42.61,41.75,0.86,0.66,-3192.6
H1,reflex,1.38,1.53,1.91,47.6,59.4,1559,47.02,44.49,2.53,2.01,-922.1
H1,reflex,1.38,2.23,2.68,69.4,83.4,1367,47.26,45.42,1.84,1.36,-955.4
H1,reflex,1.61,1.87,1.87,58.2,58.2,1079,52.27,50.0,2.27,1.49,-708.9
H1,reflex,1.61,1.87,2.24,58.2,69.7,1057,47.87,45.5,2.37,1.55,-135.1
H1,reflex,1.61,1.87,2.61,58.2,81.2,1041,43.8,41.75,2.05,1.34,-395.0
H1,reflex,1.61,1.53,1.91,47.6,59.4,1106,45.84,44.49,1.35,0.91,-1995.9
H1,reflex,1.61,2.23,2.68,69.4,83.4,1009,47.27,45.42,1.86,1.18,-754.7
H1,reflex,1.83,1.87,1.87,58.2,58.2,695,51.8,50.0,1.8,0.95,-838.5
H1,reflex,1.83,1.87,2.24,58.2,69.7,688,47.67,45.5,2.17,1.14,-417.4
H1,reflex,1.83,1.87,2.61,58.2,81.2,678,43.22,41.75,1.46,0.77,-920.9
H1,reflex,1.83,1.53,1.91,47.6,59.4,701,45.79,44.49,1.31,0.7,-1380.2
H1,reflex,1.83,2.23,2.68,69.4,83.4,664,47.29,45.42,1.87,0.97,-465.2
H1,reflex,2.07,1.87,1.87,58.2,58.2,375,52.53,50.0,2.53,0.98,-131.7
H1,reflex,2.07,1.87,2.24,58.2,69.7,374,50.53,45.5,5.03,1.95,1172.1
H1,reflex,2.07,1.87,2.61,58.2,81.2,371,46.09,41.75,4.34,1.7,985.3
H1,reflex,2.07,1.53,1.91,47.6,59.4,379,47.76,44.49,3.27,1.28,75.9
H1,reflex,2.07,2.23,2.68,69.4,83.4,369,48.24,45.42,2.82,1.09,374.8
H1,reflex,2.31,1.87,1.87,58.2,58.2,208,59.13,50.0,9.13,2.63,1525.2
H1,reflex,2.31,1.87,2.24,58.2,69.7,208,55.77,45.5,10.26,2.97,2044.4
H1,reflex,2.31,1.87,2.61,58.2,81.2,208,50.0,41.75,8.25,2.41,1705.6
H1,reflex,2.31,1.53,1.91,47.6,59.4,208,50.96,44.49,6.48,1.88,754.8
H1,reflex,2.31,2.23,2.68,69.4,83.4,208,54.33,45.42,8.91,2.58,2058.7
H1,union,0.97,1.87,1.87,58.2,58.2,2773,51.06,50.0,1.06,1.12,-5617.3
H1,union,0.97,1.87,2.24,58.2,69.7,2604,46.89,45.5,1.39,1.42,-3958.3
H1,union,0.97,1.87,2.61,58.2,81.2,2459,42.82,41.75,1.07,1.08,-4591.3
H1,union,0.97,1.53,1.91,47.6,59.4,2913,45.66,44.49,1.17,1.27,-5906.5
H1,union,0.97,2.23,2.68,69.4,83.4,2252,46.8,45.42,1.38,1.32,-2791.2
H1,union,1.17,1.87,1.87,58.2,58.2,2396,52.59,50.0,2.59,2.53,-583.5
H1,union,1.17,1.87,2.24,58.2,69.7,2272,48.02,45.5,2.52,2.41,-105.0
H1,union,1.17,1.87,2.61,58.2,81.2,2149,43.74,41.75,1.99,1.87,-1261.6
H1,union,1.17,1.53,1.91,47.6,59.4,2493,46.57,44.49,2.08,2.09,-2629.1
H1,union,1.17,2.23,2.68,69.4,83.4,1998,47.55,45.42,2.13,1.91,-272.7
H1,union,1.38,1.87,1.87,58.2,58.2,1966,53.05,50.0,3.05,2.71,531.7
H1,union,1.38,1.87,2.24,58.2,69.7,1885,48.49,45.5,2.98,2.6,911.0
H1,union,1.38,1.87,2.61,58.2,81.2,1815,44.3,41.75,2.55,2.2,391.8
H1,union,1.38,1.53,1.91,47.6,59.4,2054,47.37,44.49,2.89,2.63,-461.6
H1,union,1.38,2.23,2.68,69.4,83.4,1720,48.43,45.42,3.01,2.51,2149.7
H1,union,1.61,1.87,1.87,58.2,58.2,1443,52.11,50.0,2.11,1.61,-1233.9
H1,union,1.61,1.87,2.24,58.2,69.7,1400,47.29,45.5,1.78,1.34,-1558.7
H1,union,1.61,1.87,2.61,58.2,81.2,1358,43.15,41.75,1.4,1.05,-2075.4
H1,union,1.61,1.53,1.91,47.6,59.4,1489,45.6,44.49,1.12,0.87,-3110.0
H1,union,1.61,2.23,2.68,69.4,83.4,1297,46.34,45.42,0.92,0.66,-2769.4
H1,union,1.83,1.87,1.87,58.2,58.2,1021,51.81,50.0,1.81,1.16,-1230.3
H1,union,1.83,1.87,2.24,58.2,69.7,1003,47.66,45.5,2.15,1.37,-574.3
H1,union,1.83,1.87,2.61,58.2,81.2,982,42.97,41.75,1.22,0.78,-1741.0
H1,union,1.83,1.53,1.91,47.6,59.4,1035,45.41,44.49,0.92,0.6,-2407.1
H1,union,1.83,2.23,2.68,69.4,83.4,948,46.73,45.42,1.31,0.81,-1492.7
H1,union,2.07,1.87,1.87,58.2,58.2,598,52.34,50.0,2.34,1.15,-287.1
H1,union,2.07,1.87,2.24,58.2,69.7,589,48.9,45.5,3.39,1.65,668.4
H1,union,2.07,1.87,2.61,58.2,81.2,576,45.49,41.75,3.74,1.82,1042.4
H1,union,2.07,1.53,1.91,47.6,59.4,604,45.7,44.49,1.21,0.6,-1211.6
H1,union,2.07,2.23,2.68,69.4,83.4,567,48.32,45.42,2.91,1.39,636.8
H1,union,2.31,1.87,1.87,58.2,58.2,345,54.49,50.0,4.49,1.67,665.7
H1,union,2.31,1.87,2.24,58.2,69.7,341,51.61,45.5,6.11,2.27,1538.9
H1,union,2.31,1.87,2.61,58.2,81.2,338,46.45,41.75,4.7,1.75,1021.3
H1,union,2.31,1.53,1.91,47.6,59.4,348,48.28,44.49,3.79,1.42,262.8
H1,union,2.31,2.23,2.68,69.4,83.4,336,52.08,45.42,6.66,2.45,2185.0
H4,trendflex,0.97,1.87,1.87,119.8,119.8,434,52.53,50.0,2.53,1.06,1473.7
H4,trendflex,0.97,1.87,2.24,119.8,143.6,426,49.3,45.48,3.81,1.58,1550.2
H4,trendflex,0.97,1.87,2.61,119.8,167.3,420,45.48,41.73,3.75,1.56,677.9
H4,trendflex,0.97,1.53,1.91,98.1,122.4,440,48.18,44.49,3.69,1.56,1484.9
H4,trendflex,0.97,2.23,2.68,142.9,171.7,410,50.73,45.42,5.31,2.16,3930.0
H4,trendflex,1.17,1.87,1.87,119.8,119.8,383,53.26,50.0,3.26,1.28,2357.8
H4,trendflex,1.17,1.87,2.24,119.8,143.6,378,48.41,45.48,2.93,1.14,1691.5
H4,trendflex,1.17,1.87,2.61,119.8,167.3,371,45.55,41.73,3.82,1.49,1493.0
H4,trendflex,1.17,1.53,1.91,98.1,122.4,384,49.22,44.49,4.73,1.86,2302.3
H4,trendflex,1.17,2.23,2.68,142.9,171.7,366,48.63,45.42,3.21,1.23,2305.2
H4,trendflex,1.38,1.87,1.87,119.8,119.8,295,54.92,50.0,4.92,1.69,2715.4
H4,trendflex,1.38,1.87,2.24,119.8,143.6,293,51.19,45.48,5.71,1.96,3066.9
H4,trendflex,1.38,1.87,2.61,119.8,167.3,289,47.4,41.73,5.68,1.96,2180.0
H4,trendflex,1.38,1.53,1.91,98.1,122.4,296,49.66,44.49,5.17,1.79,1931.4
H4,trendflex,1.38,2.23,2.68,142.9,171.7,285,48.77,45.42,3.35,1.14,1424.1
H4,trendflex,1.61,1.87,1.87,119.8,119.8,216,56.48,50.0,6.48,1.91,2528.9
H4,trendflex,1.61,1.87,2.24,119.8,143.6,213,48.83,45.48,3.34,0.98,528.1
H4,trendflex,1.61,1.87,2.61,119.8,167.3,211,46.92,41.73,5.19,1.53,755.8
H4,trendflex,1.61,1.53,1.91,98.1,122.4,216,50.46,44.49,5.97,1.77,1434.2
H4,trendflex,1.61,2.23,2.68,142.9,171.7,211,50.71,45.42,5.29,1.54,1375.8
H4,trendflex,1.83,1.87,1.87,119.8,119.8,154,53.25,50.0,3.25,0.81,670.3
H4,trendflex,1.83,1.87,2.24,119.8,143.6,154,49.35,45.48,3.87,0.96,809.7
H4,trendflex,1.83,1.87,2.61,119.8,167.3,152,45.39,41.73,3.67,0.92,565.2
H4,trendflex,1.83,1.53,1.91,98.1,122.4,154,47.4,44.49,2.91,0.73,276.4
H4,trendflex,1.83,2.23,2.68,142.9,171.7,152,48.68,45.42,3.26,0.81,1158.4
H4,trendflex,2.07,1.87,1.87,119.8,119.8,90,54.44,50.0,4.44,0.84,590.9
H4,trendflex,2.07,1.87,2.24,119.8,143.6,90,46.67,45.48,1.18,0.23,-140.0
H4,trendflex,2.07,1.87,2.61,119.8,167.3,90,43.33,41.73,1.61,0.31,-649.0
H4,trendflex,2.07,1.53,1.91,98.1,122.4,90,48.89,44.49,4.4,0.84,326.8
H4,trendflex,2.07,2.23,2.68,142.9,171.7,90,50.0,45.42,4.58,0.87,657.3
H4,reflex,0.97,1.87,1.87,119.8,119.8,615,52.03,50.0,2.03,1.01,248.9
H4,reflex,0.97,1.87,2.24,119.8,143.6,588,48.3,45.48,2.82,1.37,249.1
H4,reflex,0.97,1.87,2.61,119.8,167.3,568,44.54,41.73,2.81,1.36,-1807.4
H4,reflex,0.97,1.53,1.91,98.1,122.4,634,47.32,44.49,2.83,1.43,198.0
H4,reflex,0.97,2.23,2.68,142.9,171.7,543,48.07,45.42,2.64,1.24,-169.8
H4,reflex,1.17,1.87,1.87,119.8,119.8,515,52.82,50.0,2.82,1.28,1676.2
H4,reflex,1.17,1.87,2.24,119.8,143.6,500,49.4,45.48,3.92,1.76,2108.8
H4,reflex,1.17,1.87,2.61,119.8,167.3,487,45.59,41.73,3.86,1.73,36.5
H4,reflex,1.17,1.53,1.91,98.1,122.4,534,45.69,44.49,1.2,0.56,-1199.9
H4,reflex,1.17,2.23,2.68,142.9,171.7,466,48.71,45.42,3.29,1.43,1020.3
H4,reflex,1.38,1.87,1.87,119.8,119.8,410,53.9,50.0,3.9,1.58,1406.0
H4,reflex,1.38,1.87,2.24,119.8,143.6,403,50.87,45.48,5.39,2.17,1930.4
H4,reflex,1.38,1.87,2.61,119.8,167.3,391,46.29,41.73,4.56,1.83,-906.2
H4,reflex,1.38,1.53,1.91,98.1,122.4,420,47.38,44.49,2.89,1.19,-127.5
H4,reflex,1.38,2.23,2.68,142.9,171.7,378,49.74,45.42,4.31,1.68,722.1
H4,reflex,1.61,1.87,1.87,119.8,119.8,286,52.8,50.0,2.8,0.95,1103.2
H4,reflex,1.61,1.87,2.24,119.8,143.6,281,49.47,45.48,3.98,1.34,1376.0
H4,reflex,1.61,1.87,2.61,119.8,167.3,278,46.4,41.73,4.68,1.58,943.2
H4,reflex,1.61,1.53,1.91,98.1,122.4,288,47.22,44.49,2.73,0.93,405.6
H4,reflex,1.61,2.23,2.68,142.9,171.7,272,50.74,45.42,5.31,1.76,1874.7
H4,reflex,1.83,1.87,1.87,119.8,119.8,182,51.1,50.0,1.1,0.3,-144.0
H4,reflex,1.83,1.87,2.24,119.8,143.6,182,47.25,45.48,1.77,0.48,-331.7
H4,reflex,1.83,1.87,2.61,119.8,167.3,179,44.69,41.73,2.97,0.8,-194.9
H4,reflex,1.83,1.53,1.91,98.1,122.4,183,44.81,44.49,0.32,0.09,-854.3
H4,reflex,1.83,2.23,2.68,142.9,171.7,177,49.15,45.42,3.73,1.0,702.0
H4,reflex,2.07,1.87,1.87,119.8,119.8,100,55.0,50.0,5.0,1.0,947.8
H4,reflex,2.07,1.87,2.24,119.8,143.6,100,50.0,45.48,4.52,0.91,652.5
H4,reflex,2.07,1.87,2.61,119.8,167.3,100,49.0,41.73,7.27,1.47,1013.6
H4,reflex,2.07,1.53,1.91,98.1,122.4,100,49.0,44.49,4.51,0.91,446.7
H4,reflex,2.07,2.23,2.68,142.9,171.7,100,51.0,45.42,5.58,1.12,1064.3
H4,union,0.97,1.87,1.87,119.8,119.8,789,50.32,50.0,0.32,0.18,-2321.4
H4,union,0.97,1.87,2.24,119.8,143.6,749,47.53,45.48,2.05,1.13,-747.7
H4,union,0.97,1.87,2.61,119.8,167.3,718,43.45,41.73,1.73,0.94,-3061.4
H4,union,0.97,1.53,1.91,98.1,122.4,816,46.45,44.49,1.96,1.12,-526.6
H4,union,0.97,2.23,2.68,142.9,171.7,680,47.21,45.42,1.78,0.93,-483.3
H4,union,1.17,1.87,1.87,119.8,119.8,675,52.59,50.0,2.59,1.35,1750.2
H4,union,1.17,1.87,2.24,119.8,143.6,639,49.3,45.48,3.81,1.94,2866.8
H4,union,1.17,1.87,2.61,119.8,167.3,612,46.08,41.73,4.35,2.18,1431.1
H4,union,1.17,1.53,1.91,98.1,122.4,703,46.51,44.49,2.03,1.08,-271.9
H4,union,1.17,2.23,2.68,142.9,171.7,584,47.77,45.42,2.35,1.14,876.5
H4,union,1.38,1.87,1.87,119.8,119.8,531,52.92,50.0,2.92,1.35,1507.8
H4,union,1.38,1.87,2.24,119.8,143.6,510,49.8,45.48,4.32,1.96,2467.7
H4,union,1.38,1.87,2.61,119.8,167.3,489,45.81,41.73,4.08,1.83,185.1
H4,union,1.38,1.53,1.91,98.1,122.4,546,47.07,44.49,2.58,1.21,207.8
H4,union,1.38,2.23,2.68,142.9,171.7,467,47.97,45.42,2.54,1.1,90.7
H4,union,1.61,1.87,1.87,119.8,119.8,392,54.34,50.0,4.34,1.72,2727.1
H4,union,1.61,1.87,2.24,119.8,143.6,373,48.79,45.48,3.31,1.28,1237.5
H4,union,1.61,1.87,2.61,119.8,167.3,364,46.43,41.73,4.7,1.82,1325.6
H4,union,1.61,1.53,1.91,98.1,122.4,400,47.75,44.49,3.26,1.31,865.1
H4,union,1.61,2.23,2.68,142.9,171.7,360,50.0,45.42,4.58,1.74,1739.6
H4,union,1.83,1.87,1.87,119.8,119.8,275,51.27,50.0,1.27,0.42,69.7
H4,union,1.83,1.87,2.24,119.8,143.6,270,47.41,45.48,1.93,0.64,73.4
H4,union,1.83,1.87,2.61,119.8,167.3,261,44.44,41.73,2.72,0.89,-0.6
H4,union,1.83,1.53,1.91,98.1,122.4,277,45.85,44.49,1.36,0.45,-538.7
H4,union,1.83,2.23,2.68,142.9,171.7,258,47.67,45.42,2.25,0.73,689.1
H4,union,2.07,1.87,1.87,119.8,119.8,156,53.85,50.0,3.85,0.96,727.7
H4,union,2.07,1.87,2.24,119.8,143.6,155,45.81,45.48,0.32,0.08,-867.2
H4,union,2.07,1.87,2.61,119.8,167.3,154,44.81,41.73,3.08,0.77,-630.3
H4,union,2.07,1.53,1.91,98.1,122.4,157,47.13,44.49,2.64,0.67,-35.5
H4,union,2.07,2.23,2.68,142.9,171.7,151,47.68,45.42,2.26,0.56,-274.3
H4,union,2.31,1.87,1.87,119.8,119.8,66,53.03,50.0,3.03,0.49,525.5
H4,union,2.31,1.87,2.24,119.8,143.6,65,49.23,45.48,3.75,0.61,252.8
H4,union,2.31,1.87,2.61,119.8,167.3,65,47.69,41.73,5.96,0.98,524.9
H4,union,2.31,1.53,1.91,98.1,122.4,66,48.48,44.49,4.0,0.65,531.1
H4,union,2.31,2.23,2.68,142.9,171.7,64,53.12,45.42,7.7,1.24,945.2
