signal_bar,entry_bar,exit_bar,entry_price,exit_price,direction,outcome,pnl,bars_held,sl_dist,kelly_w
90300,90301,90307,0.71327,0.7121371143071427,short,win,0.0011328856928572995,6,0.0013756469127552374,1.075553112711675
90310,90311,90316,0.71339,0.7146197636070959,short,loss,-0.001229763607095924,5,0.0012297636070959714,1.075553112711675
90475,90476,90478,0.71116,0.7103397676785025,short,win,0.0008202323214975271,2,0.0009959963903899188,1.075553112711675
91159,91160,91167,0.71836,0.7168419672606414,short,win,0.0015180327393585769,7,0.001843325469221165,1.075553112711675
91167,91168,91178,0.7165,0.715017315342666,short,win,0.0014826846573340324,10,0.0018004027981912709,1.075553112711675
91199,91200,91205,0.7152499999999999,0.7173560568543028,short,loss,-0.0021060568543028735,5,0.0021060568543029073,1.075553112711675
91883,91884,91887,0.73271,0.7338393122639361,short,loss,-0.0011293122639360886,3,0.0011293122639361188,1.075553112711675
92223,92224,92233,0.73155,0.732965184986228,short,loss,-0.0014151849862279464,9,0.0014151849862279445,1.075553112711675
92243,92244,92251,0.73031,0.7292751643247987,short,win,0.001034835675201351,7,0.0012565861770301842,1.075553112711675
94031,94032,94034,0.74863,0.7477359369644849,short,win,0.0008940630355150914,2,0.001085647971696937,1.075553112711675
94551,94552,94553,0.74116,0.7405714385235415,short,win,0.0005885614764585823,1,0.0007146817928425075,1.075553112711675
94586,94587,94587,0.74002,0.7404945265655272,short,loss,-0.0004745265655271558,0,0.00047452656552715236,1.075553112711675
94587,94588,94590,0.74024,0.7407559175251324,short,loss,-0.0005159175251323589,2,0.0005159175251323637,1.075553112711675
95033,95034,95043,0.73576,0.7349040593917131,short,win,0.0008559406082868648,9,0.0010393564529196993,1.075553112711675
95162,95163,95169,0.71563,0.7176082087056626,short,loss,-0.0019782087056625652,6,0.0019782087056625436,1.075553112711675
95169,95170,95175,0.71719,0.7153090451400145,short,win,0.0018809548599855175,5,0.0022840166156967417,1.075553112711675
95175,95176,95197,0.71511,0.7172706687811566,short,loss,-0.002160668781156616,21,0.002160668781156574,1.075553112711675
95197,95198,95214,0.71651,0.7182267047143944,short,loss,-0.0017167047143944458,16,0.0017167047143944747,1.075553112711675
95247,95248,95255,0.71887,0.7202737353697451,short,loss,-0.0014037353697451405,7,0.001403735369745097,1.075553112711675
95267,95268,95272,0.71956,0.7184251452706807,short,win,0.00113485472931929,4,0.001378037885601941,1.075553112711675
95313,95314,95317,0.7138,0.7129364989112749,short,win,0.0008635010887251271,3,0.001048537036309121,1.075553112711675
95395,95396,95417,0.71204,0.7108120694662994,short,win,0.0012279305337006274,21,0.0014910585052078998,1.075553112711675
95455,95456,95459,0.70919,0.7077353696395143,short,win,0.0014546303604856536,3,0.0017663368663039703,1.075553112711675
95626,95627,95630,0.70567,0.7045976640212659,short,win,0.0010723359787341291,3,0.0013021222598914024,1.075553112711675
95977,95978,95988,0.71178,0.7104903964385421,short,win,0.0012896035614579082,10,0.0015659471817703102,1.075553112711675
96009,96010,96010,0.70909,0.7067758185173678,short,win,0.0023141814826321827,0,0.001958153562227193,1.7836024480043464
96010,96011,96014,0.7064,0.7081596101858838,short,loss,-0.0017596101858837754,3,0.0017596101858837882,2.0
96014,96015,96016,0.70719,0.7090429108839813,short,loss,-0.001852910883981318,1,0.001852910883981346,2.0
96016,96017,96033,0.7095899999999999,0.711733744588739,short,loss,-0.002143744588739005,16,0.0021437445887390254,2.0
96039,96040,96059,0.70857,0.7068204176203171,short,win,0.0017495823796829235,19,0.0038490812353023976,1.3762347575691247
96103,96104,96120,0.70089,0.6986404278210672,short,win,0.002249572178932846,16,0.0019034841514047253,1.7836024480043464
96120,96121,96123,0.69862,0.7007467506233952,short,loss,-0.0021267506233951794,2,0.0021267506233951395,1.7836024480043464
96146,96147,96174,0.6962,0.6925790234341123,short,win,0.003620976565887779,27,0.003063903248058892,1.7836024480043464
96177,96178,96179,0.69182,0.6941295607225794,short,loss,-0.0023095607225793735,1,0.002309560722579333,1.7836024480043464
96179,96180,96186,0.69434,0.696812376337326,short,loss,-0.002472376337325999,6,0.0024723763373260513,1.7836024480043464
96230,96231,96233,0.6936,0.6922818588958934,short,win,0.0013181411041065516,2,0.0028999104290344216,1.3762347575691247
96235,96236,96242,0.69233,0.6952874958814175,short,loss,-0.0029574958814174712,6,0.0029574958814175007,1.3762347575691247
96261,96262,96274,0.69358,0.6953701690021482,short,loss,-0.0017901690021482342,12,0.0017901690021482426,1.7836024480043464
96318,96319,96319,0.69301,0.6959795446460436,short,loss,-0.002969544646043598,0,0.002969544646043576,1.3762347575691247
96319,96320,96320,0.69691,0.7003384343141833,short,loss,-0.0034284343141832707,0,0.00342843431418332,1.3762347575691247
96338,96339,96383,0.69339,0.6887349692850272,short,win,0.004655030714972752,44,0.0030436739290206237,2.0
96383,96384,96410,0.68851,0.6854838206477083,short,win,0.003026179352291658,26,0.002560613298092983,1.7836024480043464
96410,96411,96413,0.68535,0.6879138964626539,short,loss,-0.0025638964626538696,2,0.002563896462653875,1.7836024480043464
96413,96414,96417,0.6875,0.6844114385479109,short,win,0.0030885614520891336,3,0.002613398151767692,1.7836024480043464
96422,96423,96434,0.68733,0.6833795413127084,short,win,0.0039504586872916025,11,0.003342695812323638,1.7836024480043464
96437,96438,96451,0.68299,0.6859847012971164,short,loss,-0.002994701297116431,13,0.002994701297116385,1.7836024480043464
96451,96452,96461,0.68602,0.6879231317405168,short,loss,-0.0019031317405168169,9,0.0019031317405167722,1.3762347575691247
96496,96497,96498,0.68763,0.686698259075816,short,win,0.0009317409241839103,1,0.0020498300332045306,1.3762347575691247
96498,96499,96500,0.68673,0.6887812105898549,short,loss,-0.0020512105898549127,1,0.0020512105898549157,1.3762347575691247
96511,96512,96513,0.68809,0.6873282304372527,short,win,0.0007617695627473164,1,0.0016758930380440208,1.3762347575691247
97339,97340,97344,0.70695,0.7087436337011104,short,loss,-0.0017936337011104087,4,0.0017936337011103547,1.7836024480043464
97351,97352,97354,0.70783,0.7096239630875999,short,loss,-0.0017939630875999368,2,0.0017939630875999275,1.3762347575691247
97798,97799,97812,0.71667,0.7150184772831042,short,win,0.0016515227168958369,13,0.0013974422989118474,1.7836024480043464
97812,97813,97814,0.7144699999999999,0.7159465628208028,short,loss,-0.0014765628208028847,1,0.0014765628208029255,1.7836024480043464
98036,98037,98040,0.72147,0.7197651302525786,short,win,0.0017048697474213448,3,0.0014425820939718628,1.7836024480043464
98042,98043,98044,0.72033,0.7194565790049153,short,win,0.000873420995084695,1,0.0019215261891864504,1.3762347575691247
98044,98045,98080,0.71923,0.7169400347691824,short,win,0.002289965230817592,35,0.0019376628876148667,1.7836024480043464
98087,98088,98092,0.71676,0.7182093725026668,short,loss,-0.001449372502666857,4,0.001449372502666802,1.7836024480043464
98092,98093,98093,0.71835,0.7194249367514243,short,loss,-0.001074936751424227,0,0.0010749367514241877,2.0
98095,98096,98102,0.7172499999999999,0.7200371912824416,short,loss,-0.002787191282441648,6,0.0027871912824415992,1.3762347575691247
98126,98127,98130,0.71598,0.7182581972040049,short,loss,-0.002278197204004906,3,0.0022781972040049436,1.7836024480043464
98215,98216,98224,0.71964,0.7211842481885061,short,loss,-0.001544248188506181,8,0.001544248188506145,1.7836024480043464
98243,98244,98247,0.71939,0.7186032875479179,short,win,0.0007867124520820612,3,0.001730767394580598,1.3762347575691247
98247,98248,98266,0.71916,0.7184204949931301,short,win,0.0007395050068699227,18,0.0016269110151139196,1.3762347575691247
98266,98267,98273,0.71838,0.7170589353293902,short,win,0.0013210646706097728,6,0.0011178239520544192,1.7836024480043464
98280,98281,98302,0.71714,0.7186264873383866,short,loss,-0.0014864873383866328,21,0.0014864873383865925,1.7836024480043464
98318,98319,98321,0.71554,0.7132720822744875,short,win,0.0022679177255124916,2,0.0019190073062028748,1.7836024480043464
98321,98322,98337,0.71338,0.710792374182598,short,win,0.0025876258174020172,15,0.0021895295378016625,1.7836024480043464
98338,98339,98363,0.71151,0.7089638900634919,short,win,0.0025461099365080564,24,0.00215440071550684,1.7836024480043464
98370,98371,98385,0.70999,0.7113214500523217,short,loss,-0.0013314500523217143,14,0.0013314500523216842,1.7836024480043464
98438,98439,98447,0.7051499999999999,0.7024370155770308,short,win,0.002712984422969189,8,0.00229560220405083,1.7836024480043464
98470,98471,98485,0.70236,0.7004864335290568,short,win,0.0018735664709431665,14,0.0015853254754134229,1.7836024480043464
98488,98489,98494,0.69901,0.6965276277186755,short,win,0.0024823722813245297,5,0.0021004688534284333,1.7836024480043464
98504,98505,98510,0.69855,0.6959403492735228,short,win,0.0026096507264772306,5,0.002208165999326856,1.7836024480043464
98537,98538,98552,0.69223,0.6946656485385428,short,loss,-0.002435648538542834,14,0.00243564853854287,1.7836024480043464
98633,98634,98647,0.68692,0.6890555757210998,short,loss,-0.0021355757210997917,13,0.0021355757210998133,1.7836024480043464
98905,98906,98929,0.69252,0.6951837569673939,short,loss,-0.002663756967393849,23,0.0026637569673938163,1.7836024480043464
98988,98989,98999,0.69687,0.6960667070470525,short,win,0.0008032929529474542,10,0.0017672444964844868,1.3762347575691247
99018,99019,99021,0.69498,0.6959952077918399,short,loss,-0.001015207791839834,2,0.0010152077918398517,1.7836024480043464
99578,99579,99623,0.69098,0.6890067218193235,short,win,0.0019732781806764965,44,0.0016696969221108762,1.7836024480043464
99626,99627,99646,0.68792,0.6895634470054546,short,loss,-0.0016434470054546013,19,0.0016434470054546544,1.7836024480043464
99650,99651,99654,0.68839,0.6862654106717625,short,win,0.0021245893282374473,3,0.0017977294315855471,1.7836024480043464
99654,99655,99702,0.68688,0.68785,short,loss,-0.0009699999999999154,47,0.0020863390851602196,1.7836024480043464
99716,99717,99719,0.68774,0.6890822635139267,short,loss,-0.0013422635139266337,2,0.0013422635139266198,2.0
99737,99738,99745,0.68753,0.6891984246812367,short,loss,-0.0016684246812367354,7,0.001668424681236749,1.7836024480043464
99753,99754,99758,0.68748,0.6898158174800698,short,loss,-0.002335817480069835,4,0.0023358174800697804,1.3762347575691247
99797,99798,99803,0.68821,0.686462322223893,short,win,0.0017476777761069595,5,0.0011427123920699585,2.0
99803,99804,99806,0.68569,0.6834898577002868,short,win,0.0022001422997132147,2,0.0018616588689880681,1.7836024480043464
99814,99815,99822,0.6825,0.6799915539440191,short,win,0.002508446055980884,7,0.0021225312781376344,1.7836024480043464
99826,99827,99838,0.68072,0.6781817328519184,short,win,0.0025382671480815855,11,0.00214776450991517,1.7836024480043464
99846,99847,99862,0.67863,0.6804056960525863,short,loss,-0.0017756960525863175,15,0.0017756960525863448,2.0
100052,100053,100079,0.67844,0.6805263450641967,short,loss,-0.002086345064196693,26,0.0020863450641966986,1.3762347575691247
100109,100110,100126,0.67928,0.6815721624551789,short,loss,-0.0022921624551789366,16,0.0022921624551789067,1.3762347575691247
100130,100131,100134,0.67966,0.6769418234995028,short,win,0.002718176500497216,3,0.0017772692503251115,2.0
100135,100136,100180,0.67759,0.6801448088023921,short,loss,-0.0025548088023921167,44,0.0025548088023920894,1.7836024480043464
100385,100386,100398,0.68082,0.678998095107148,short,win,0.0018219048928519443,12,0.001541611832413165,1.7836024480043464
100398,100399,100407,0.67847,0.6764245397273044,short,win,0.0020454602726955873,8,0.001730774076896302,1.7836024480043464
100407,100408,100409,0.67701,0.6748640950040455,short,win,0.002145904995954462,1,0.0018157657658076495,1.7836024480043464
100429,100430,100459,0.6748,0.6723668170866796,short,win,0.0024331829133203975,29,0.0020588470805019037,1.7836024480043464
100539,100540,100540,0.67399,0.6756422162918515,short,loss,-0.001652216291851527,0,0.00165221629185152,1.3762347575691247
100546,100547,100551,0.67502,0.6743408432150775,short,win,0.0006791567849224744,4,0.0014941449268294966,1.3762347575691247
100551,100552,100555,0.67458,0.6757180275856882,short,loss,-0.0011380275856882616,3,0.001138027585688243,2.0
100557,100558,100562,0.67496,0.6766211378122313,short,loss,-0.001661137812231317,4,0.0016611378122312686,1.3762347575691247
100575,100576,100580,0.6754,0.6771334419331946,short,loss,-0.0017334419331945794,4,0.0017334419331945983,1.3762347575691247
100672,100673,100675,0.6755099999999999,0.6774798317288769,short,loss,-0.0019698317288769918,2,0.001969831728876987,1.3762347575691247
100675,100676,100681,0.67523,0.6741076874654879,short,win,0.0011223125345121154,5,0.002469087575926661,1.3762347575691247
100681,100682,100690,0.67372,0.6725293630892533,short,win,0.001190636910746723,8,0.002619401203642691,1.3762347575691247
100690,100691,100701,0.67127,0.6684225100640793,short,win,0.002847489935920766,10,0.002409414561163729,1.7836024480043464
100702,100703,100709,0.66977,0.6725024345526756,short,loss,-0.0027324345526755778,6,0.0027324345526756003,1.7836024480043464
100763,100764,100769,0.67277,0.671990388394863,short,win,0.0007796116051369539,5,0.001715145531301367,1.3762347575691247
100769,100770,100772,0.67199,0.6733330800318513,short,loss,-0.0013430800318513514,2,0.0013430800318512974,2.0
100772,100773,100785,0.67369,0.6751507320808955,short,loss,-0.0014607320808954771,12,0.0014607320808955105,2.0
101753,101754,101754,0.69552,0.6977195938386737,short,loss,-0.0021995938386736302,0,0.002199593838673685,2.0
101754,101755,101771,0.69739,0.6997117657073398,short,loss,-0.0023217657073398845,16,0.0023217657073398464,2.0
101928,101929,101939,0.69377,0.6915898742508347,short,win,0.0021801257491652626,10,0.0018447217877552457,1.7836024480043464
101958,101959,101974,0.69219,0.6912063778371019,short,win,0.0009836221628980457,15,0.0021639687583757013,1.3762347575691247
102074,102075,102077,0.69347,0.6945935182031405,short,loss,-0.0011235182031404944,2,0.0011235182031404491,1.7704577988230321
102216,102217,102221,0.69438,0.6929487469708878,short,win,0.0014312530291121783,4,0.0012110602554025866,1.7704577988230321
102227,102228,102270,0.69018,0.6918966922014135,short,loss,-0.0017166922014134611,42,0.0017166922014134815,1.6025357986816182
102774,102775,102777,0.70424,0.7022008905195101,short,win,0.002039109480489909,2,0.0011371956718117069,1.6025357986816182
102777,102778,102789,0.7028,0.7040277111483128,short,loss,-0.0012277111483127712,11,0.001227711148312803,1.6025357986816182
102790,102791,102792,0.70173,0.7030858972557511,short,loss,-0.0013558972557511373,1,0.001355897255751154,1.6025357986816182
102792,102793,102836,0.70302,0.7005251651858654,short,win,0.0024948348141345944,43,0.0021110140734985263,1.7704577988230321
102838,102839,102839,0.70028,0.7010944299394114,short,loss,-0.0008144299394113874,0,0.0008144299394113545,1.6025357986816182
102839,102840,102843,0.70099,0.7022694234614367,short,loss,-0.001279423461436724,3,0.0012794234614366966,1.7704577988230321
102874,102875,102889,0.69923,0.7010815519516949,short,loss,-0.0018515519516948409,14,0.0018515519516948851,1.7704577988230321
102932,102933,102935,0.70127,0.7020370929098597,short,loss,-0.0007670929098597679,2,0.0007670929098597754,1.6025357986816182
102938,102939,102939,0.6998,0.7009742266226826,short,loss,-0.0011742266226826281,0,0.0011742266226826303,1.6025357986816182
102939,102940,102944,0.70117,0.6989251694656811,short,win,0.002244830534318898,4,0.001251924721062443,1.6025357986816182
102945,102946,102954,0.69973,0.701765504368047,short,loss,-0.002035504368047003,8,0.002035504368047043,1.7704577988230321
102958,102959,102961,0.70001,0.69767468281239,short,win,0.002335317187610042,2,0.001976037620285392,1.7704577988230321
102961,102962,102975,0.69722,0.6946612332867422,short,win,0.0025587667132577208,13,0.0021651102958334524,1.7704577988230321
102975,102976,102981,0.69435,0.6921914209494578,short,win,0.0021585790505421754,5,0.0012038229320331406,1.6025357986816182
102981,102982,103003,0.69329,0.6946532836642582,short,loss,-0.001363283664258197,21,0.0013632836642582039,1.6025357986816182
103033,103034,103053,0.69343,0.691418568404979,short,win,0.0020114315950210404,19,0.001121759927992509,1.6025357986816182
103053,103054,103055,0.6906599999999999,0.6917702690116037,short,loss,-0.001110269011603715,1,0.001110269011603737,1.6025357986816182
103089,103090,103094,0.69359,0.6912646125407599,short,win,0.002325387459240158,4,0.0019676355424340037,1.7704577988230321
103095,103096,103103,0.69086,0.6921132893128211,short,loss,-0.0012532893128210931,7,0.001253289312821073,1.6025357986816182
103166,103167,103173,0.68871,0.6897472975621821,short,loss,-0.0010372975621820713,6,0.0010372975621821125,1.6025357986816182
103273,103274,103281,0.68731,0.6884979791153969,short,loss,-0.00118797911539692,7,0.0011879791153968737,1.6025357986816182
103706,103707,103733,0.68559,0.6867331365178808,short,loss,-0.0011431365178807829,26,0.0011431365178808197,1.6025357986816182
103794,103795,103810,0.68887,0.6906330546100932,short,loss,-0.0017630546100931843,15,0.0017630546100931537,1.7704577988230321
103937,103938,103963,0.68597,0.683594407821909,short,win,0.002375592178091024,25,0.0013248494839353721,1.6025357986816182
103992,103993,103996,0.6811699999999999,0.6794313564669054,short,win,0.0017386435330944972,3,0.0009696281242257797,1.6025357986816182
104000,104001,104008,0.68202,0.6837520626250195,short,loss,-0.0017320626250195703,7,0.0017320626250195723,1.7704577988230321
104038,104039,104075,0.67787,0.679786197188748,short,loss,-0.0019161971887480256,36,0.0019161971887480438,1.6025357986816182
104159,104160,104167,0.67855,0.6800492622926724,short,loss,-0.0014992622926723875,7,0.001499262292672441,1.6025357986816182
104167,104168,104176,0.67962,0.6772830050311746,short,win,0.0023369949688254454,8,0.0013033241172296054,1.6025357986816182
104291,104292,104315,0.67813,0.6759126669358253,short,win,0.002217333064174709,23,0.0018762049004555352,1.7704577988230321
104353,104354,104360,0.67327,0.6719350079724558,short,win,0.0013349920275442795,6,0.0007445147845920162,1.6025357986816182
104455,104456,104467,0.67444,0.6729655473209438,short,win,0.0014744526790562151,11,0.0012476138053552324,1.7704577988230321
104468,104469,104476,0.67225,0.674118712724593,short,loss,-0.0018687127245929913,7,0.0018687127245930128,1.7704577988230321
104477,104478,104479,0.67374,0.6749248832690604,short,loss,-0.0011848832690604105,1,0.0011848832690604149,1.6025357986816182
104512,104513,104515,0.67317,0.6748502716229093,short,loss,-0.0016802716229092907,2,0.0016802716229093024,1.6025357986816182
104971,104972,104973,0.67397,0.6719414741463374,short,win,0.002028525853662533,1,0.0017164449530990432,1.7704577988230321
104973,104974,104976,0.6717299999999999,0.6729700028658555,short,loss,-0.0012400028658555717,2,0.0012400028658555672,1.6025357986816182
105035,105036,105038,0.66975,0.6707970496780783,short,loss,-0.0010470496780783378,2,0.0010470496780783203,1.6025357986816182
105061,105062,105069,0.6670699999999999,0.6689126884584595,short,loss,-0.0018426884584595848,7,0.0018426884584596106,1.7704577988230321
105076,105077,105083,0.66819,0.6692295545582339,short,loss,-0.0010395545582339016,6,0.0010395545582338535,1.6025357986816182
105092,105093,105100,0.66871,0.6701594208037696,short,loss,-0.00144942080376953,7,0.0014494208037695723,1.6025357986816182
105127,105128,105143,0.67079,0.6689527670495153,short,win,0.0018372329504846574,15,0.0015545817273331674,1.7704577988230321
105144,105145,105156,0.66905,0.6672855285385879,short,win,0.0017644714614121204,11,0.0014930143135025433,1.7704577988230321
105168,105169,105176,0.66795,0.6689295460383866,short,loss,-0.0009795460383865695,7,0.0009795460383865335,1.6025357986816182
105264,105265,105312,0.66958,0.66975,short,loss,-0.00017000000000000348,47,0.0017526957909690516,1.7704577988230321
105325,105326,105337,0.6674,0.6658023712942851,short,win,0.001597628705714893,11,0.0013518396740664189,1.7704577988230321
105337,105338,105340,0.66625,0.667487833763116,short,loss,-0.0012378337631160363,2,0.0012378337631160073,1.6025357986816182
105340,105341,105378,0.6675099999999999,0.6650741756253967,short,win,0.0024358243746032127,37,0.001358440516605635,1.6025357986816182
105380,105381,105382,0.66518,0.6661348547576392,short,loss,-0.0009548547576392341,1,0.0009548547576392092,1.6025357986816182
105400,105401,105408,0.6631,0.6600195915247606,short,win,0.0030804084752393823,7,0.001717920111191178,1.6025357986816182
105421,105422,105439,0.65939,0.66155840125276,short,loss,-0.002168401252759966,17,0.0021684012527599995,1.7704577988230321
105514,105515,105531,0.66229,0.6605861341849759,short,win,0.0017038658150241304,16,0.001441732612712687,1.7704577988230321
105531,105532,105535,0.66112,0.6591164360466513,short,win,0.002003563953348775,3,0.0011173722047522153,1.6025357986816182
105545,105546,105555,0.65731,0.6586510533319111,short,loss,-0.0013410533319111462,9,0.0013410533319111676,1.6025357986816182
105555,105556,105559,0.65868,0.6558896446815553,short,win,0.002790355318444737,3,0.002361069884837901,1.7704577988230321
105563,105564,105598,0.65363,0.6504225117016527,short,win,0.003207488298347383,34,0.0017887915510014381,1.6025357986816182
105688,105689,105691,0.64636,0.6475202154259723,short,loss,-0.001160215425972222,2,0.0011602154259721885,1.6025357986816182
105747,105748,105756,0.64541,0.6423721194357134,short,win,0.0030378805642866658,8,0.001694202622390663,1.6025357986816182
105772,105773,105787,0.64288,0.6441685145353787,short,loss,-0.0012885145353787042,14,0.001288514535378711,1.6025357986816182
106045,106046,106057,0.6429,0.6393404700723665,short,win,0.0035595299276335313,11,0.0019851224596417745,1.6025357986816182
106408,106409,106409,0.64602,0.6480756457443344,short,loss,-0.0020556457443343668,0,0.0020556457443343195,1.7704577988230321
106409,106410,106411,0.64758,0.644960129020828,short,win,0.0026198709791720454,1,0.0022168139054532907,1.7704577988230321
106415,106416,106423,0.64308,0.6395794556993809,short,win,0.0035005443006190795,7,0.0019522266291914204,1.6025357986816182
106425,106426,106473,0.64111,0.64128,short,loss,-0.00017000000000000348,47,0.0021118080783119383,1.6025357986816182
106506,106507,106507,0.63829,0.6398185771756113,short,loss,-0.0015285771756112787,0,0.001528577175611299,1.6025357986816182
106520,106521,106540,0.6384,0.6350526963109807,short,win,0.0033473036890192542,19,0.0018667655188760993,1.6025357986816182
106585,106586,106606,0.6317,0.6290199637738669,short,win,0.002680036226133109,20,0.0014946355876511443,1.6025357986816182
106630,106631,106649,0.62963,0.6277510314359637,short,win,0.001878968564036354,18,0.0010478863145587571,1.6025357986816182
106659,106660,106672,0.62601,0.6272230506132828,short,loss,-0.0012130506132828067,12,0.0012130506132827519,1.6025357986816182
106672,106673,106675,0.6269899999999999,0.628441925290394,short,loss,-0.0014519252903940627,2,0.0014519252903940506,1.6025357986816182
106678,106679,106688,0.6267,0.6282723903746528,short,loss,-0.0015723903746527323,9,0.0015723903746527863,1.6025357986816182
106754,106755,106755,0.62522,0.626513209154806,short,loss,-0.0012932091548060187,0,0.0012932091548060302,1.6025357986816182
106844,106845,106871,0.62706,0.62853658746207,short,loss,-0.0014765874620700226,26,0.0014765874620700364,1.7704577988230321
106991,106992,107039,0.6232,0.62245,short,win,0.0007500000000000284,47,0.002346704867945754,1.6025357986816182
107286,107287,107321,0.62605,0.6235344396922098,short,win,0.00251556030779021,34,0.0014029086331906924,1.6025357986816182
107322,107323,107328,0.6241099999999999,0.6252361938354134,short,loss,-0.0011261938354134582,5,0.001126193835413462,1.6025357986816182
107330,107331,107343,0.62529,0.6275680152637281,short,loss,-0.0022780152637280615,12,0.002278015263728059,1.7704577988230321
107408,107409,107427,0.62723,0.625400263995887,short,win,0.0018297360041129584,18,0.0010204296946014469,1.6025357986816182
107428,107429,107431,0.6253799999999999,0.6264001964522867,short,loss,-0.0010201964522867923,2,0.001020196452286775,1.6025357986816182
107431,107432,107436,0.62601,0.6270652784641669,short,loss,-0.0010552784641669755,4,0.0010552784641669386,1.6025357986816182
107449,107450,107455,0.6244999999999999,0.6222749331342002,short,win,0.0022250668657997075,5,0.0018827488864459497,1.7704577988230321
107455,107456,107458,0.62169,0.6231140888827112,short,loss,-0.001424088882711283,2,0.001424088882711314,1.6025357986816182
107458,107459,107459,0.62399,0.626700113125992,short,loss,-0.0027101131259920086,0,0.0027101131259919674,1.7704577988230321
107917,107918,107965,0.64112,0.64019,short,win,0.0009299999999999864,47,0.0020449548171481337,1.7704577988230321
108009,108010,108019,0.64008,0.6381198951846035,short,win,0.001960104815396435,9,0.001470078611547293,1.5697936480707084
108034,108035,108064,0.63911,0.641028457082831,short,loss,-0.0019184570828310044,29,0.0019184570828310226,1.585597143084196
108134,108135,108174,0.63853,0.6411742294377111,short,loss,-0.002644229437711032,39,0.0026442294377109956,1.5697936480707084
108306,108307,108315,0.62865,0.6302346734967113,short,loss,-0.0015846734967112086,8,0.0015846734967111776,1.585597143084196
108316,108317,108364,0.63095,0.63067,short,win,0.000280000000000058,47,0.002199732068369844,1.585597143084196
108729,108730,108763,0.64288,0.640859978373653,short,win,0.0020200216263469573,33,0.0015150162197602288,1.5697936480707084
108765,108766,108767,0.63973,0.641426697788485,short,loss,-0.0016966977884850243,1,0.0016966977884850234,1.5697936480707084
109230,109231,109233,0.67043,0.6719926472703383,short,loss,-0.0015626472703382799,2,0.0015626472703382417,1.5697936480707084
109235,109236,109241,0.67222,0.6738370377390107,short,loss,-0.0016170377390106738,5,0.0016170377390107213,1.5697936480707084
109252,109253,109257,0.66913,0.6663808408229668,short,win,0.0027491591770332224,4,0.002061869382774907,1.5697936480707084
109268,109269,109279,0.66442,0.6670708892211942,short,loss,-0.0026508892211941637,10,0.0026508892211941863,1.5697936480707084
109367,109368,109369,0.66704,0.6689508737113087,short,loss,-0.0019108737113087138,1,0.0019108737113087489,1.585597143084196
109379,109380,109407,0.66708,0.6646591281409197,short,win,0.0024208718590803535,27,0.001815653894310233,1.5697936480707084
109448,109449,109462,0.66206,0.6597549694900431,short,win,0.0023050305099568957,13,0.0017287728824676484,1.5697936480707084
110510,110511,110511,0.66983,0.6718667756805757,short,loss,-0.0020367756805756976,0,0.002036775680575654,1.5697936480707084
110511,110512,110520,0.67145,0.6685475634430968,short,win,0.002902436556903143,8,0.0021768274176773928,1.5697936480707084
110538,110539,110543,0.6686799999999999,0.6698388607390603,short,loss,-0.0011588607390603523,4,0.0011588607390603414,1.5697936480707084
110582,110583,110594,0.6672899999999999,0.6691826957453335,short,loss,-0.0018926957453335724,11,0.0018926957453335599,1.5697936480707084
110644,110645,110647,0.67015,0.6712868027711436,short,loss,-0.0011368027711435857,2,0.0011368027711435831,1.585597143084196
110647,110648,110652,0.67075,0.671885183924272,short,loss,-0.0011351839242720319,4,0.001135183924272033,1.585597143084196
110655,110656,110665,0.67113,0.67236000248447,short,loss,-0.0012300024844700275,9,0.0012300024844700429,1.5697936480707084
111165,111166,111175,0.67609,0.673819620799344,short,win,0.002270379200655981,9,0.0017027844004920063,1.5697936480707084
111196,111197,111220,0.6703,0.6719123963815574,short,loss,-0.0016123963815574127,23,0.0016123963815574088,1.585597143084196
111253,111254,111270,0.66876,0.6704599014504602,short,loss,-0.0016999014504601728,16,0.0016999014504601668,1.5697936480707084
111679,111680,111695,0.66679,0.66805673975445,short,loss,-0.0012667397544500192,15,0.0012667397544500632,1.585597143084196
111743,111744,111748,0.66849,0.6701511772404879,short,loss,-0.0016611772404878655,4,0.0016611772404878187,1.5697936480707084
112014,112015,112025,0.6715099999999999,0.6726536056788469,short,loss,-0.0011436056788469706,10,0.0011436056788470144,1.5697936480707084
112514,112515,112518,0.67459,0.6766524677120141,short,loss,-0.0020624677120141266,3,0.0020624677120141756,1.585597143084196
112522,112523,112553,0.67575,0.6778919590943915,short,loss,-0.002141959094391521,30,0.002141959094391514,1.5697936480707084
112583,112584,112595,0.67401,0.675670442374029,short,loss,-0.0016604423740289587,11,0.0016604423740289832,1.5697936480707084
113199,113200,113202,0.69534,0.6960240080004748,short,loss,-0.0006840080004748561,2,0.0006840080004748047,1.585597143084196
113248,113249,113254,0.69376,0.6955703639130284,short,loss,-0.0018103639130283566,5,0.001810363913028311,1.5697936480707084
113258,113259,113261,0.69436,0.6959295157729352,short,loss,-0.0015695157729351816,2,0.0015695157729352254,1.585597143084196
113385,113386,113399,0.69361,0.6912124015899633,short,win,0.0023975984100366166,13,0.0017981988075274945,1.5697936480707084
113408,113409,113426,0.69031,0.6883688512029543,short,win,0.0019411487970456553,17,0.001499978615898951,1.585597143084196
113429,113430,113439,0.6898299999999999,0.6874564081924249,short,win,0.002373591807575015,9,0.0017801938556812429,1.5697936480707084
113440,113441,113452,0.68857,0.6901764686751135,short,loss,-0.0016064686751134927,11,0.0016064686751134584,1.5697936480707084
114436,114437,114453,0.7073699999999999,0.7052089184099931,short,win,0.0021610815900068303,16,0.0016208111925051618,1.4203709210532405
114454,114455,114465,0.70472,0.7061280944272401,short,loss,-0.001408094427240103,10,0.0014080944272400902,1.4203709210532405
114465,114466,114471,0.70591,0.7067556037701538,short,loss,-0.0008456037701537467,5,0.0008456037701537065,1.357257903915363
114476,114477,114479,0.70603,0.7044404726323826,short,win,0.001589527367617416,2,0.0011921455257130418,1.4203709210532405
114479,114480,114483,0.7046,0.7058924865962068,short,loss,-0.0012924865962068433,3,0.0012924865962068192,1.4203709210532405
114483,114484,114499,0.70557,0.7037826739145404,short,win,0.0017873260854596174,15,0.0013404945640947128,1.4203709210532405
114809,114810,114831,0.69194,0.6934604393413898,short,loss,-0.0015204393413897899,21,0.0015204393413898345,1.4203709210532405
114914,114915,114925,0.69309,0.6942791230652674,short,loss,-0.0011891230652674167,10,0.0011891230652674202,1.4203709210532405
114925,114926,114932,0.69429,0.6926371822204459,short,win,0.001652817779554061,6,0.0009217637616743635,1.357257903915363
114933,114934,114950,0.69204,0.6933883282208368,short,loss,-0.0013483282208368585,16,0.001348328220836816,1.4203709210532405
114989,114990,115037,0.69091,0.69092,short,loss,-9.99999999995449e-06,47,0.0019465025182789659,1.4203709210532405
115238,115239,115259,0.69028,0.6881226353090214,short,win,0.0021573646909786026,20,0.0016180235182339474,1.4203709210532405
115266,115267,115269,0.68699,0.6889886038645706,short,loss,-0.001998603864570625,2,0.00199860386457061,1.4203709210532405
115353,115354,115355,0.69006,0.6883231178489866,short,win,0.0017368821510134191,1,0.001302661613260026,1.4203709210532405
115359,115360,115361,0.68674,0.6841913796900034,short,win,0.0025486203099965854,1,0.0019114652324974523,1.4203709210532405
115366,115367,115377,0.68817,0.6903876090380011,short,loss,-0.002217609038001167,10,0.002217609038001207,1.4203709210532405
115387,115388,115398,0.6875,0.6855518157748941,short,win,0.0019481842251058978,10,0.0014611381688294446,1.4203709210532405
115627,115628,115644,0.68817,0.6858483537540372,short,win,0.0023216462459627607,16,0.0012947642525561508,1.357257903915363
115645,115646,115647,0.68657,0.6880866708690696,short,loss,-0.0015166708690695918,1,0.0015166708690695415,1.357257903915363
115654,115655,115702,0.6854399999999999,0.6829,short,win,0.0025399999999999867,47,0.002153113125240812,1.4203709210532405
115702,115703,115731,0.6828,0.6841844517201511,short,loss,-0.0013844517201511142,28,0.0013844517201511437,1.4203709210532405
115761,115762,115780,0.67976,0.6815372630601103,short,loss,-0.001777263060110279,18,0.0017772630601102313,1.4203709210532405
115817,115818,115824,0.68168,0.682856403421183,short,loss,-0.001176403421183081,6,0.001176403421183046,1.4203709210532405
115841,115842,115877,0.67972,0.6817064130612036,short,loss,-0.001986413061203618,35,0.001986413061203615,1.4203709210532405
115905,115906,115907,0.67793,0.6790234461367602,short,loss,-0.0010934461367602122,1,0.0010934461367601601,1.4203709210532405
115907,115908,115918,0.6788,0.6772807864142009,short,win,0.0015192135857990952,10,0.0011394101893493242,1.4203709210532405
115919,115920,115925,0.67619,0.6746913515068997,short,win,0.0014986484931002186,5,0.0011239863698251809,1.4203709210532405
115928,115929,115932,0.674,0.6718211354643836,short,win,0.0021788645356164427,3,0.0016341484017123,1.4203709210532405
115937,115938,115985,0.67246,0.67076,short,win,0.0016999999999999238,47,0.0020042118665824123,1.4203709210532405
116080,116081,116092,0.67268,0.6714017743108456,short,win,0.0012782256891543664,11,0.0009586692668657498,1.4203709210532405
116278,116279,116288,0.67342,0.6746583481412857,short,loss,-0.00123834814128565,9,0.0012383481412856952,1.4203709210532405
116294,116295,116308,0.67277,0.6707788951289748,short,win,0.001991104871025162,13,0.0014933286532688571,1.4203709210532405
116485,116486,116494,0.67243,0.6736811384903624,short,loss,-0.0012511384903624023,8,0.0012511384903624268,1.4203709210532405
116494,116495,116516,0.67377,0.6721183568050522,short,win,0.001651643194947816,21,0.0009211087048747346,1.357257903915363
116551,116552,116552,0.671,0.6692437180513687,short,win,0.0017562819486313108,0,0.0013172114614735085,1.4203709210532405
116554,116555,116569,0.67079,0.6687527443727612,short,win,0.0020372556272387765,14,0.0011361617921139032,1.357257903915363
116569,116570,116585,0.66826,0.6659379152497119,short,win,0.002322084750288056,15,0.0017415635627160478,1.4203709210532405
116585,116586,116597,0.66604,0.6640334364956388,short,win,0.002006563504361125,11,0.0011190450312783286,1.357257903915363
116609,116610,116657,0.65909,0.65932,short,loss,-0.0002300000000000635,47,0.002341489300178942,1.4203709210532405
116708,116709,116746,0.65823,0.6594668319319817,short,loss,-0.0012368319319817633,37,0.0012368319319817844,1.357257903915363
116806,116807,116810,0.65956,0.6578252668501419,short,win,0.0017347331498581697,3,0.0009674473335747707,1.357257903915363
116810,116811,116844,0.65787,0.6591905541342102,short,loss,-0.0013205541342102833,33,0.0013205541342103365,1.4203709210532405
116867,116868,116879,0.65844,0.6596153407376951,short,loss,-0.0011753407376950964,11,0.0011753407376950587,1.357257903915363
117164,117165,117176,0.66212,0.6589631213326469,short,win,0.003156878667353147,11,0.002367659000514865,1.4203709210532405
117177,117178,117206,0.66055,0.6629874199714237,short,loss,-0.002437419971423771,28,0.002437419971423776,1.4203709210532405
117531,117532,117545,0.66789,0.6661141875102117,short,win,0.0017758124897883087,13,0.0013318593673412548,1.4203709210532405
117564,117565,117583,0.66621,0.6673504134081972,short,loss,-0.0011404134081972606,18,0.0011404134081972712,1.4203709210532405
117652,117653,117657,0.6674,0.6682998388620591,short,loss,-0.0008998388620591324,4,0.00089983886205909,1.357257903915363
117774,117775,117781,0.66773,0.6662392255761833,short,win,0.001490774423816732,6,0.0011180808178625815,1.4203709210532405
117783,117784,117791,0.66656,0.667871218903151,short,loss,-0.0013112189031510013,7,0.0013112189031509595,1.4203709210532405
117817,117818,117854,0.6635,0.6650870603283306,short,loss,-0.0015870603283306695,36,0.0015870603283306194,1.4203709210532405
117855,117856,117871,0.66438,0.6656306754032915,short,loss,-0.0012506754032914902,15,0.0012506754032914364,1.4203709210532405
118170,118171,118179,0.66732,0.6683231261328857,short,loss,-0.0010031261328856678,8,0.0010031261328856784,1.4203709210532405
118661,118662,118662,0.66934,0.6701938927652986,short,loss,-0.0008538927652985695,0,0.0008538927652985993,1.4203709210532405
118662,118663,118681,0.66998,0.6687519422905827,short,win,0.0012280577094173628,18,0.0009210432820629896,1.4203709210532405
118684,118685,118688,0.66918,0.6679555869309641,short,win,0.0012244130690358679,3,0.0009183098017768996,1.4203709210532405
118736,118737,118739,0.66709,0.6676450703561937,short,loss,-0.000555070356193732,2,0.000555070356193776,1.4203709210532405
118783,118784,118784,0.6648499999999999,0.6655882617126038,short,loss,-0.0007382617126038271,0,0.0007382617126038487,1.357257903915363
118784,118785,118813,0.66711,0.6653719189218714,short,win,0.0017380810781285616,28,0.0013035608085964422,1.4203709210532405
118912,118913,118919,0.66379,0.6646285460475947,short,loss,-0.0008385460475947015,6,0.0008385460475946969,1.4203709210532405
118966,118967,118977,0.66527,0.6664833280971653,short,loss,-0.0012133280971652338,10,0.0012133280971651835,1.4203709210532405
119011,119012,119019,0.66499,0.6656562366618349,short,loss,-0.0006662366618349624,7,0.0006662366618349822,1.4203709210532405
119281,119282,119328,0.66988,0.6714039646418426,short,loss,-0.0015239646418425679,46,0.0015239646418425128,1.4203709210532405
119566,119567,119586,0.67152,0.6701647945880059,short,win,0.001355205411994076,19,0.0010164040589955494,1.4203709210532405
119597,119598,119612,0.67035,0.6712735715410896,short,loss,-0.000923571541089574,14,0.0009235715410896025,1.4203709210532405
119729,119730,119735,0.66903,0.6701657510832489,short,loss,-0.001135751083248926,5,0.0011357510832489016,1.4203709210532405
119789,119790,119803,0.6678499999999999,0.6664950468573071,short,win,0.0013549531426928496,13,0.001016214857019644,1.4203709210532405
119803,119804,119806,0.66655,0.6675173167278148,short,loss,-0.0009673167278148043,2,0.0009673167278147612,1.4203709210532405
119806,119807,119809,0.66779,0.6688335012212132,short,loss,-0.0010435012212132166,2,0.0010435012212132002,1.4203709210532405
119885,119886,119902,0.66802,0.6668339900465536,short,win,0.0011860099534463098,16,0.0006614286278835249,1.357257903915363
119902,119903,119925,0.66637,0.6647789594939373,short,win,0.0015910405060627353,22,0.0008873110514580528,1.357257903915363
119953,119954,119962,0.6622,0.663031611022911,short,loss,-0.0008316110229109608,8,0.0008316110229109195,1.4203709210532405
119970,119971,119975,0.66312,0.6619768057627538,short,win,0.0011431942372462922,4,0.0006375506323104446,1.357257903915363
119985,119986,119992,0.66016,0.6613150538373472,short,loss,-0.001155053837347264,6,0.001155053837347275,1.4203709210532405
119993,119994,119996,0.66027,0.6614028998886038,short,loss,-0.0011328998886037667,2,0.0011328998886038213,1.4203709210532405
119996,119997,120006,0.66117,0.6596880563385508,short,win,0.0014819436614492698,9,0.0011114577460869521,1.4203709210532405
120119,120120,120120,0.65938,0.6604471942354351,short,loss,-0.0010671942354351094,0,0.0010671942354350894,1.3075444334456758
120120,120121,120122,0.6605,0.6616711803614754,short,loss,-0.0011711803614754546,1,0.0011711803614754366,1.3075444334456758
120123,120124,120135,0.66103,0.6622753144147819,short,loss,-0.0012453144147819284,11,0.001245314414781904,1.3075444334456758
120185,120186,120189,0.66098,0.6595649833984683,short,win,0.00141501660153176,3,0.0007891438739311733,1.3075444334456758
120190,120191,120211,0.65946,0.6577056132023998,short,win,0.0017543867976002048,20,0.0009784080217385774,1.3075444334456758
120212,120213,120213,0.65839,0.6593929624249094,short,loss,-0.0010029624249093816,0,0.0010029624249093393,1.3075444334456758
120213,120214,120220,0.65942,0.6604838936802729,short,loss,-0.0010638936802729315,6,0.001063893680272964,1.3075444334456758
121059,121060,121067,0.67375,0.674626301409817,short,loss,-0.0008763014098170929,7,0.0008763014098170873,1.3075444334456758
121067,121068,121069,0.67376,0.671950177297358,short,win,0.0018098227026420721,1,0.0010093241995503804,1.3075444334456758
121096,121097,121127,0.66989,0.6686748908541797,short,win,0.0012151091458202368,30,0.0006776570236305298,1.3075444334456758
121386,121387,121397,0.66538,0.6659435607954787,short,loss,-0.0005635607954787014,10,0.0005635607954786473,1.3075444334456758
121571,121572,121583,0.66197,0.662705941824202,short,loss,-0.0007359418242020022,11,0.0007359418242020339,1.3075444334456758
121809,121810,121810,0.66223,0.6631887174064911,short,loss,-0.0009587174064911164,0,0.0009587174064910806,1.3075444334456758
121810,121811,121827,0.66297,0.6611861404758916,short,win,0.001783859524108311,16,0.0009948447345988559,1.3075444334456758
121834,121835,121878,0.66232,0.6605939987501179,short,win,0.001726001249882092,43,0.0009625776201265728,1.3075444334456758
121890,121891,121899,0.6600199999999999,0.6584755851565081,short,win,0.0015444148434918814,8,0.0008613082781012639,1.3075444334456758
121899,121900,121914,0.65823,0.6565029360379282,short,win,0.0017270639620717843,14,0.0009631702865400569,1.3075444334456758
121936,121937,121984,0.65373,0.65268,short,win,0.0010499999999999954,47,0.0010935449387521052,1.3075444334456758
122124,122125,122138,0.6503599999999999,0.6517017410158354,short,loss,-0.001341741015835507,13,0.0013417410158354853,1.3075444334456758
122332,122333,122355,0.65157,0.6522351029200018,short,loss,-0.00066510292000177,22,0.0006651029200017966,1.3075444334456758
122476,122477,122478,0.64884,0.6496918782126243,short,loss,-0.0008518782126243352,1,0.0008518782126243797,1.3075444334456758
123648,123649,123674,0.68451,0.6852686738737865,short,loss,-0.0007586738737865861,25,0.0007586738737865876,1.3075444334456758
123689,123690,123729,0.68012,0.6782031480451672,short,win,0.00191685195483271,39,0.0010690135901951713,1.3075444334456758
123748,123749,123756,0.6775,0.6784668675968263,short,loss,-0.000966867596826293,7,0.0009668675968263312,1.3075444334456758
123890,123891,123894,0.6773899999999999,0.6760384751859244,short,win,0.001351524814075522,3,0.0007537349924651905,1.3075444334456758
123948,123949,123970,0.67558,0.6764495246367539,short,loss,-0.0008695246367539378,21,0.0008695246367539856,1.3075444334456758
123988,123989,123997,0.66926,0.6702127668400816,short,loss,-0.0009527668400816092,8,0.0009527668400816288,1.3075444334456758
124008,124009,124018,0.66923,0.6675153620481786,short,win,0.0017146379518213628,9,0.0009562403962080524,1.3075444334456758
124198,124199,124207,0.66865,0.6695739915074667,short,loss,-0.0009239915074666927,8,0.000923991507466711,1.3075444334456758
124214,124215,124256,0.66881,0.6664168612524567,short,win,0.002393138747543322,41,0.0013346350707453061,1.3075444334456758
124269,124270,124300,0.6642899999999999,0.6625405811314621,short,win,0.0017494188685378553,30,0.0009756374459153486,1.3075444334456758
124427,124428,124448,0.66162,0.6602490490897026,short,win,0.001370950910297375,20,0.000764568776896598,1.3075444334456758
124910,124911,124919,0.66228,0.6629289292818408,short,loss,-0.0006489292818407932,8,0.0006489292818408198,1.3075444334456758
124919,124920,124921,0.66282,0.661965065978749,short,win,0.0008549340212509193,1,0.0004767901272360735,1.3075444334456758
125503,125504,125507,0.68048,0.6814197336269772,short,loss,-0.0009397336269771905,3,0.0009397336269771571,1.3075444334456758
125507,125508,125523,0.68133,0.6821776747740549,short,loss,-0.0008476747740548962,15,0.0008476747740549291,1.3075444334456758
125523,125524,125539,0.6816099999999999,0.679997778155471,short,win,0.001612221844528916,15,0.0008991237209872902,1.3075444334456758
125542,125543,125545,0.6799,0.6808120615320931,short,loss,-0.0009120615320931114,2,0.0009120615320931001,1.3075444334456758
125572,125573,125590,0.68136,0.6819412129656265,short,loss,-0.0005812129656265208,17,0.000581212965626509,1.3075444334456758
125631,125632,125633,0.67958,0.6806241966351378,short,loss,-0.001044196635137884,1,0.001044196635137892,1.3075444334456758
125634,125635,125635,0.68071,0.681751869354008,short,loss,-0.0010418693540079627,0,0.001041869354008003,1.3075444334456758
125638,125639,125641,0.67935,0.6807608475145727,short,loss,-0.0014108475145726551,2,0.0014108475145726332,1.3075444334456758
125668,125669,125676,0.68085,0.6814863224092975,short,loss,-0.0006363224092975628,7,0.0006363224092975943,1.3075444334456758
125690,125691,125703,0.67826,0.6792483862746947,short,loss,-0.0009883862746947747,12,0.0009883862746948274,1.3075444334456758
125704,125705,125707,0.67935,0.6778224668540583,short,win,0.001527533145941673,2,0.0008518934852366932,1.3075444334456758
125708,125709,125716,0.67874,0.6766440260261027,short,win,0.0020959739738972694,7,0.001168908562365801,1.3075444334456758
125759,125760,125778,0.67704,0.6777956404037071,short,loss,-0.0007556404037071252,18,0.0007556404037071233,1.3075444334456758
125847,125848,125877,0.6785,0.6765011382703617,short,win,0.001998861729638257,29,0.001114749810759804,1.3075444334456758
125905,125906,125925,0.67485,0.6731499436918257,short,win,0.0017000563081742692,19,0.0009481083257125566,1.3075444334456758
126318,126319,126326,0.67363,0.6711957234708145,short,win,0.002434276529185486,7,0.0013575772951226672,1.3854692943101192
126342,126343,126355,0.67085,0.6694045023141045,short,win,0.0014454976858954138,12,0.0008061429402108734,1.3854692943101192
126358,126359,126362,0.66899,0.6670244950997124,short,win,0.0019655049002875735,3,0.001096146963621924,1.3854692943101192
126563,126564,126570,0.66569,0.6632610343328904,short,win,0.002428965667109595,6,0.0013546154681957092,1.3854692943101192
126572,126573,126586,0.6633,0.6610519063206299,short,win,0.0022480936793700668,13,0.0012537445519563875,1.3854692943101192
126589,126590,126593,0.66109,0.6621406320447784,short,loss,-0.001050632044778399,3,0.0010506320447784463,1.3854692943101192
126593,126594,126639,0.66128,0.6624722404943492,short,loss,-0.0011922404943491838,45,0.0011922404943491467,1.3854692943101192
126693,126694,126736,0.65404,0.6553819003200747,short,loss,-0.0013419003200747515,42,0.001341900320074776,1.3854692943101192
126736,126737,126738,0.6541899999999999,0.6532553361171612,short,win,0.0009346638828386933,1,0.0011423669679139405,1.148316181762718
126738,126739,126758,0.65331,0.652283774509185,short,win,0.0010262254908149915,19,0.0012542755998849729,1.148316181762718
126859,126860,126875,0.6555799999999999,0.6570562924560087,short,loss,-0.0014762924560087765,15,0.0014762924560088298,1.148316181762718
127157,127158,127163,0.6531,0.6540343455276468,short,loss,-0.0009343455276468182,5,0.0009343455276468091,1.3854692943101192
127163,127164,127165,0.6536,0.6545341214158422,short,loss,-0.0009341214158422595,1,0.000934121415842253,1.3854692943101192
127166,127167,127213,0.65312,0.6541827670373926,short,loss,-0.001062767037392609,46,0.0010627670373926537,1.3854692943101192
127286,127287,127306,0.65169,0.6528522330181001,short,loss,-0.001162233018100145,19,0.0011622330181001517,1.3854692943101192
127306,127307,127335,0.6525,0.6512072696181956,short,win,0.00129273038180433,28,0.0007209457898523854,1.3854692943101192
127357,127358,127358,0.65055,0.6516402631007303,short,loss,-0.0010902631007303487,0,0.0010902631007302988,1.3854692943101192
127358,127359,127363,0.65155,0.6494523993692274,short,win,0.002097600630772578,4,0.0011698157363924167,1.3854692943101192
127415,127416,127422,0.64742,0.6482049270342676,short,loss,-0.0007849270342675796,6,0.0007849270342676304,1.3854692943101192
127449,127450,127451,0.64742,0.649224678713852,short,loss,-0.001804678713852037,1,0.0018046787138520511,1.148316181762718
127497,127498,127499,0.64749,0.6492613483435662,short,loss,-0.0017713483435661814,1,0.0017713483435661409,1.148316181762718
127518,127519,127539,0.64745,0.645842827268167,short,win,0.0016071727318329732,20,0.0019643222277958418,1.148316181762718
127555,127556,127568,0.64664,0.6450416326192508,short,win,0.0015983673807491439,12,0.0019535601320267723,1.148316181762718
127577,127578,127587,0.64525,0.6439251608103602,short,win,0.0013248391896397704,9,0.0007388526249914401,1.3854692943101192
127638,127639,127639,0.64408,0.6455453123348791,short,loss,-0.0014653123348791208,0,0.001465312334879131,1.148316181762718
127693,127694,127700,0.63792,0.6390433564246104,short,loss,-0.0011233564246103667,6,0.0011233564246104178,1.3854692943101192
127701,127702,127706,0.63874,0.6396158257644827,short,loss,-0.0008758257644827516,4,0.0008758257644827242,1.3854692943101192
127710,127711,127720,0.63949,0.641118769036602,short,loss,-0.001628769036602029,9,0.0016287690366019768,1.148316181762718
127743,127744,127783,0.6412599999999999,0.6425466578705372,short,loss,-0.0012866578705372778,39,0.0012866578705372676,1.3854692943101192
127794,127795,127802,0.63985,0.6411321859061241,short,loss,-0.001282185906124056,7,0.0012821859061240438,1.148316181762718
127815,127816,127817,0.63932,0.640421466450131,short,loss,-0.0011014664501309834,1,0.001101466450130967,1.3854692943101192
127820,127821,127831,0.63925,0.640262613745702,short,loss,-0.0010126137457020512,10,0.0010126137457020915,1.3854692943101192
128246,128247,128267,0.64153,0.6405107571237498,short,win,0.0010192428762502148,20,0.0005684239117549118,1.3854692943101192
128314,128315,128326,0.6402,0.6418930787305012,short,loss,-0.001693078730501174,11,0.0016930787305012012,1.3854692943101192
128793,128794,128823,0.64428,0.645898423998931,short,loss,-0.0016184239989310845,29,0.0016184239989310452,1.3854692943101192
128869,128870,128877,0.64606,0.6453311737150079,short,win,0.0007288262849920457,7,0.0008907876816569031,1.148316181762718
128878,128879,128902,0.64539,0.646012044864945,short,loss,-0.0006220448649449928,23,0.0006220448649449413,1.3854692943101192
128902,128903,128905,0.64586,0.645535806434105,short,win,0.00032419356589497017,2,0.0003962365805382964,1.148316181762718
128905,128906,128909,0.6458,0.6462780881076686,short,loss,-0.0004780881076685839,3,0.0004780881076686125,1.148316181762718
128912,128913,128917,0.64577,0.6453345863831209,short,win,0.00043541361687904345,4,0.0005321721984077272,1.148316181762718
128922,128923,128924,0.64501,0.643992569398254,short,win,0.0010174306017459722,1,0.0005674132202045108,1.3854692943101192
128924,128925,128934,0.64335,0.6420211746342087,short,win,0.001328825365791264,9,0.0007410756847681765,1.3854692943101192
128940,128941,128944,0.63985,0.6379302328864482,short,win,0.0019197671135517957,3,0.0010706393517885319,1.3854692943101192
128953,128954,128962,0.63777,0.635890607574178,short,win,0.001879392425821913,8,0.0010481226990160413,1.3854692943101192
128970,128971,129018,0.6380399999999999,0.63701,short,win,0.0010299999999999754,47,0.0013104001564526336,1.3854692943101192
129070,129071,129118,0.63738,0.63707,short,win,0.00030999999999992145,47,0.0019252751890532181,1.148316181762718
129165,129166,129211,0.63717,0.6389428798456949,short,loss,-0.0017728798456948525,45,0.001772879845694864,1.148316181762718
129281,129282,129285,0.63713,0.6377852882854421,short,loss,-0.000655288285442146,3,0.0006552882854421595,1.3854692943101192
130087,130088,130089,0.6411,0.6418966296787298,short,loss,-0.0007966296787298432,1,0.0007966296787298183,1.3854692943101192
130089,130090,130100,0.64162,0.6401449170273262,short,win,0.0014750829726737358,10,0.0008226424270680476,1.3854692943101192
130101,130102,130110,0.6404799999999999,0.6394377940787914,short,win,0.0010422059212085166,8,0.0012738072370325642,1.148316181762718
130112,130113,130118,0.63997,0.6413552285522837,short,loss,-0.0013852285522836238,5,0.001385228552283658,1.148316181762718
130270,130271,130272,0.64241,0.6414280567117431,short,win,0.000981943288256959,1,0.0005476222184510264,1.3854692943101192
130279,130280,130289,0.64206,0.6426875601069345,short,loss,-0.0006275601069345438,9,0.0006275601069345383,1.3854692943101192
130295,130296,130301,0.6425,0.6416644022694126,short,win,0.0008355977305873896,5,0.0010212861151624067,1.148316181762718
130301,130302,130307,0.64172,0.6407618282501897,short,win,0.0009581717498102771,5,0.0011710988053236166,1.148316181762718
130307,130308,130321,0.6408699999999999,0.6425070162636084,short,loss,-0.0016370162636084595,13,0.001637016263608449,1.148316181762718
130325,130326,130353,0.64169,0.6428695236885662,short,loss,-0.0011795236885662197,27,0.0011795236885662236,1.148316181762718
130379,130380,130389,0.64096,0.6398827857131635,short,win,0.001077214286836492,9,0.001316595239466855,1.148316181762718
130406,130407,130453,0.64022,0.6383316956386749,short,win,0.0018883043613251438,46,0.001053092816892849,1.3854692943101192
130475,130476,130479,0.63814,0.6371423886205172,short,win,0.0009976113794828434,3,0.0012193027971456475,1.148316181762718
130494,130495,130504,0.63762,0.6365637157411361,short,win,0.0010562842588638377,9,0.0012910140941668948,1.148316181762718
130511,130512,130515,0.63346,0.6345621614475554,short,loss,-0.001102161447555372,3,0.001102161447555353,1.3854692943101192
130517,130518,130535,0.63587,0.6344183360624426,short,win,0.001451663937557468,17,0.00177425592368134,1.148316181762718
130751,130752,130753,0.64138,0.6421938078004827,short,loss,-0.0008138078004827909,1,0.0008138078004827452,1.3854692943101192
130754,130755,130756,0.64212,0.6410538154398842,short,win,0.0010661845601158682,1,0.0013031144623638516,1.148316181762718
130756,130757,130772,0.64081,0.6391852270529622,short,win,0.001624772947037778,15,0.0009061233743095006,1.3854692943101192
130772,130773,130780,0.63921,0.6378880512862964,short,win,0.0013219487137035024,7,0.0007372406287961607,1.3854692943101192
130797,130798,130818,0.63729,0.6356235671168466,short,win,0.0016664328831533792,20,0.0009293568002201616,1.3854692943101192
130831,130832,130834,0.63379,0.6345694617698148,short,loss,-0.0007794617698148043,2,0.0007794617698148046,1.3854692943101192
130837,130838,130840,0.63352,0.63197732322052,short,win,0.0015426767794799456,2,0.0008603389731715347,1.3854692943101192
130849,130850,130853,0.63162,0.6326018971137173,short,loss,-0.0009818971137173227,3,0.0009818971137172678,1.3854692943101192
130853,130854,130862,0.63244,0.6305546863392285,short,win,0.0018853136607714926,8,0.0010514249261994626,1.3854692943101192
130869,130870,130875,0.63046,0.6314339020712803,short,loss,-0.0009739020712802304,5,0.000973902071280225,1.3854692943101192
130875,130876,130877,0.63125,0.6299510089146407,short,win,0.0012989910853592468,1,0.0015876557709946877,1.148316181762718
130879,130880,130883,0.6307699999999999,0.6290123498441027,short,win,0.001757650155897239,3,0.002148239079429905,1.148316181762718
130886,130887,130934,0.63026,0.63001,short,win,0.0002500000000000835,47,0.0013722692290790517,1.3854692943101192
130986,130987,131016,0.6318199999999999,0.6337531357059523,short,loss,-0.0019331357059523269,29,0.0019331357059522837,1.148316181762718
131576,131577,131587,0.63129,0.6319275129871414,short,loss,-0.0006375129871414309,10,0.0006375129871414524,1.3854692943101192
131588,131589,131590,0.63189,0.6323862473961613,short,loss,-0.0004962473961613867,1,0.0004962473961613407,1.3854692943101192
131590,131591,131593,0.63222,0.6329916667202421,short,loss,-0.0007716667202420924,2,0.000771666720242049,1.148316181762718
131990,131991,131991,0.63017,0.6308923643408614,short,loss,-0.00072236434086137,0,0.00072236434086135,1.3854692943101192
131991,131992,132013,0.63081,0.6315501597450855,short,loss,-0.0007401597450855668,21,0.0007401597450855339,1.3854692943101192
132075,132076,132092,0.63157,0.6302910477791654,short,win,0.0012789522208345172,16,0.0009592141656259191,1.2287220422984144
133227,133228,133252,0.64285,0.6408248981050699,short,win,0.0020251018949301036,24,0.0015188264211976137,1.2287220422984144
133252,133253,133254,0.64075,0.6419102093632537,short,loss,-0.0011602093632536725,1,0.0011602093632536727,1.2287220422984144
133254,133255,133264,0.64194,0.6403882048817016,short,win,0.0015517951182983936,9,0.001163846338723824,1.2287220422984144
133264,133265,133270,0.64089,0.6421762765123838,short,loss,-0.0012862765123838882,5,0.0012862765123838509,1.2287220422984144
133343,133344,133346,0.64195,0.6430065135764842,short,loss,-0.0010565135764841749,2,0.0010565135764841309,1.2287220422984144
133346,133347,133363,0.64278,0.6414330042140255,short,win,0.0013469957859745252,16,0.0010102468394808954,1.2287220422984144
133368,133369,133381,0.64176,0.6400922113320089,short,win,0.0016677886679911103,12,0.0012508415009933314,1.2287220422984144
133395,133396,133403,0.64017,0.6409737965496565,short,loss,-0.0008037965496564548,7,0.0008037965496565086,1.2287220422984144
133403,133404,133404,0.64068,0.6414792307948499,short,loss,-0.0007992307948498922,0,0.0007992307948498863,1.2287220422984144
133421,133422,133424,0.6406499999999999,0.641515066790328,short,loss,-0.0008650667903280507,2,0.0008650667903280539,1.2287220422984144
133496,133497,133498,0.63496,0.636039516742862,short,loss,-0.0010795167428619967,1,0.0010795167428620108,1.2287220422984144
133508,133509,133554,0.63558,0.634212735895671,short,win,0.00136726410432908,45,0.001025448078246816,1.2287220422984144
134894,134895,134897,0.65952,0.6571420999030453,short,win,0.0023779000969547104,2,0.001783425072716035,1.2287220422984144
134897,134898,134899,0.65869,0.6607229429244742,short,loss,-0.0020329429244742014,1,0.002032942924474157,1.2287220422984144
134899,134900,134901,0.6604599999999999,0.6625996115012047,short,loss,-0.0021396115012047856,1,0.0021396115012047605,1.2287220422984144
135100,135101,135137,0.6617,0.6597415152081547,short,win,0.0019584847918452386,36,0.0014688635938839456,1.2287220422984144
135141,135142,135184,0.65731,0.6553231159810121,short,win,0.0019868840189878334,42,0.001490163014240897,1.2287220422984144
135184,135185,135186,0.65505,0.6562503827433285,short,loss,-0.0012003827433284542,1,0.001200382743328474,1.2287220422984144
135187,135188,135227,0.65614,0.6577803175608937,short,loss,-0.0016403175608937781,39,0.0016403175608938195,1.2287220422984144
135262,135263,135277,0.65734,0.6584538763806161,short,loss,-0.0011138763806161078,14,0.0011138763806160664,1.2287220422984144
135291,135292,135327,0.65605,0.6544148048726638,short,win,0.0016351951273362308,35,0.0012263963455021968,1.2287220422984144
135343,135344,135347,0.65424,0.6552851134981081,short,loss,-0.0010451134981080967,3,0.0010451134981080937,1.2287220422984144
135494,135495,135515,0.65762,0.6559200395314618,short,win,0.001699960468538153,20,0.0012749703514036523,1.2287220422984144
136799,136800,136802,0.6794,0.6803762478934645,short,loss,-0.0009762478934645102,2,0.0009762478934645424,1.2287220422984144
136805,136806,136813,0.67976,0.6783889283033455,short,win,0.0013710716966545133,7,0.0010283037724908516,1.2287220422984144
136816,136817,136817,0.67968,0.6809589061647777,short,loss,-0.001278906164777771,0,0.001278906164777776,1.2287220422984144
136885,136886,136886,0.68174,0.6828843211387428,short,loss,-0.0011443211387427432,0,0.0011443211387427942,1.2287220422984144
136951,136952,136955,0.67677,0.6757245145599944,short,win,0.0010454854400056002,3,0.0007841140800041853,1.2287220422984144
137501,137502,137527,0.66941,0.6703960674227392,short,loss,-0.0009860674227392119,25,0.0009860674227392216,1.2287220422984144
137601,137602,137618,0.66713,0.6690464075933321,short,loss,-0.0019164075933321145,16,0.0019164075933321147,1.2287220422984144
137712,137713,137726,0.66862,0.6696587006128377,short,loss,-0.0010387006128377285,13,0.001038700612837757,1.2287220422984144
137803,137804,137811,0.66578,0.6651799951350126,short,win,0.0006000048649874579,7,0.00045000364874059605,1.2287220422984144
137819,137820,137828,0.66283,0.661456283526965,short,win,0.0013737164730350804,8,0.0010302873547762747,1.2287220422984144
137828,137829,137845,0.66107,0.6622055251581992,short,loss,-0.0011355251581991466,16,0.0011355251581991717,1.2287220422984144
137845,137846,137847,0.66149,0.6626322039055045,short,loss,-0.0011422039055044575,1,0.0011422039055044107,1.2287220422984144
137847,137848,137854,0.66167,0.6599041091154405,short,win,0.0017658908845594734,6,0.001324418163419624,1.2287220422984144
137854,137855,137868,0.6598499999999999,0.661279240935544,short,loss,-0.001429240935544085,13,0.0014292409355441133,1.2287220422984144
137868,137869,137872,0.6612,0.6593458718148025,short,win,0.001854128185197479,3,0.001390596138898075,1.2287220422984144
137873,137874,137921,0.65928,0.65812,short,win,0.0011599999999999389,47,0.001574059914953369,1.2287220422984144
137950,137951,137964,0.65618,0.654467966590392,short,win,0.0017120334096080159,13,0.0012840250572059876,1.2287220422984144
137991,137992,137998,0.654,0.6551216706071754,short,loss,-0.0011216706071753846,6,0.0011216706071753837,1.2287220422984144
138059,138060,138068,0.6551899999999999,0.6563755768381693,short,loss,-0.0011855768381693332,8,0.0011855768381693339,1.277519694739449
138079,138080,138091,0.6555799999999999,0.6570851544892067,short,loss,-0.0015051544892067392,11,0.001505154489206743,1.277519694739449
138372,138373,138387,0.65709,0.6582934004708587,short,loss,-0.001203400470858762,14,0.0012034004708587282,1.277519694739449
138562,138563,138587,0.6571899999999999,0.6588720906504621,short,loss,-0.001682090650462209,24,0.0016820906504622067,1.277519694739449
138666,138667,138682,0.65771,0.6584836164002943,short,loss,-0.0007736164002942747,15,0.0007736164002943048,1.3960981673707025
138958,138959,138989,0.65638,0.6536070060546116,short,win,0.0027729939453883246,30,0.002079745459041203,1.3960981673707025
139024,139025,139029,0.65284,0.6543587254940431,short,loss,-0.0015187254940430828,4,0.00151872549404305,1.277519694739449
139487,139488,139491,0.65096,0.6498299940676855,short,win,0.0011300059323144929,3,0.0008475044492358897,1.3960981673707025
139518,139519,139566,0.64905,0.64956,short,loss,-0.0005100000000000104,47,0.0009299492491505837,1.3960981673707025
139940,139941,139953,0.6483099999999999,0.6492554758250919,short,loss,-0.0009454758250919681,12,0.0009454758250919618,1.277519694739449
140610,140611,140656,0.65515,0.6539982500396753,short,win,0.0011517499603247439,45,0.000863812470243526,1.3960981673707025
140675,140676,140678,0.65327,0.6539288429211818,short,loss,-0.0006588429211817903,2,0.0006588429211817723,1.3960981673707025
140678,140679,140703,0.6537499999999999,0.6528572578241806,short,win,0.000892742175819361,24,0.0006695566318645566,1.3960981673707025
140707,140708,140709,0.65289,0.6537223546180863,short,loss,-0.000832354618086284,1,0.0008323546180862986,1.277519694739449
140739,140740,140742,0.65427,0.6549845122829153,short,loss,-0.0007145122829153028,2,0.0007145122829152918,1.3960981673707025
140748,140749,140755,0.65448,0.653444331698062,short,win,0.0010356683019379087,6,0.0008763347170244294,1.277519694739449
140755,140756,140757,0.65333,0.654264491865894,short,loss,-0.0009344918658940049,1,0.0009344918658940329,1.3960981673707025
140760,140761,140800,0.6542,0.6527741753749345,short,win,0.0014258246250654638,39,0.0012064669904399813,1.277519694739449
140847,140848,140892,0.64957,0.6505942701070418,short,loss,-0.0010242701070418692,44,0.001024270107041871,1.3960981673707025
140927,140928,140940,0.6495,0.6504783470837255,short,loss,-0.0009783470837255726,12,0.0009783470837255632,1.277519694739449
141731,141732,141764,0.66017,0.6613739259236642,short,loss,-0.0012039259236641398,32,0.0012039259236641012,1.277519694739449
141987,141988,142035,0.65644,0.65553,short,win,0.0009100000000000774,47,0.0008730482526504208,1.277519694739449
142117,142118,142133,0.6556,0.6549500727499324,short,win,0.0006499272500675168,15,0.0004874454375506036,1.3960981673707025
142454,142455,142469,0.65155,0.6525723135091712,short,loss,-0.0010223135091712576,14,0.0010223135091712136,1.3960981673707025
142469,142470,142495,0.65251,0.6511535656610563,short,win,0.001356434338943724,25,0.0011477521329523895,1.277519694739449
142695,142696,142703,0.65306,0.6535050308501822,short,loss,-0.00044503085018221533,7,0.0004450308501822122,1.3960981673707025
142703,142704,142706,0.6534,0.6528667486283085,short,win,0.0005332513716914677,2,0.000451212699123532,1.277519694739449
142852,142853,142857,0.65048,0.6514827198986027,short,loss,-0.0010027198986027885,4,0.0010027198986027647,1.3960981673707025
143732,143733,143735,0.64979,0.6515715272555112,short,loss,-0.0017815272555111727,2,0.0017815272555111292,1.3960981673707025
143735,143736,143783,0.65084,0.65224,short,loss,-0.0014000000000000679,47,0.0018762406633957434,1.3960981673707025
143786,143787,143791,0.65183,0.6525776007939503,short,loss,-0.0007476007939503093,4,0.0007476007939503154,1.3960981673707025
143880,143881,143884,0.65274,0.651853871574815,short,win,0.0008861284251849844,3,0.0006645963188887436,1.3960981673707025
144320,144321,144341,0.64211,0.6407537521500856,short,win,0.0013562478499143937,20,0.001017185887435798,1.2359667962535275
145045,145046,145051,0.6525299999999999,0.6533900375708326,short,loss,-0.0008600375708326391,5,0.0008600375708326553,1.2359667962535275
145054,145055,145060,0.65273,0.6516070879800056,short,win,0.001122912019994482,5,0.0008421840149958736,1.2359667962535275
145104,145105,145109,0.64752,0.6465616642484703,short,win,0.0009583357515297042,4,0.0007187518136472592,1.2359667962535275
145568,145569,145586,0.65947,0.6584252045014697,short,win,0.0010447954985303154,17,0.0007835966238977677,1.2359667962535275
146429,146430,146458,0.667,0.6658882224818087,short,win,0.0011117775181913592,28,0.0008338331386434996,1.2359667962535275
146459,146460,146462,0.66503,0.6660697353704172,short,loss,-0.0010397353704172385,2,0.0010397353704171884,1.2359667962535275
146462,146463,146478,0.66522,0.6662935696460666,short,loss,-0.00107356964606653,15,0.001073569646066548,1.2359667962535275
146536,146537,146543,0.66627,0.6668839154825287,short,loss,-0.0006139154825286486,6,0.0006139154825286977,1.2359667962535275
146576,146577,146593,0.66594,0.6645701807207791,short,win,0.001369819279220863,16,0.0010273644594156126,1.2359667962535275
146635,146636,146654,0.66181,0.6626306348222928,short,loss,-0.0008206348222927762,18,0.0008206348222927371,1.2359667962535275
146655,146656,146680,0.66234,0.6632565296082166,short,loss,-0.000916529608216532,24,0.0009165296082165105,1.2359667962535275
146731,146732,146738,0.66038,0.6595208328522296,short,win,0.0008591671477703455,6,0.0006443753608277467,1.2359667962535275
147469,147470,147513,0.66445,0.6659281329817303,short,loss,-0.0014781329817302735,43,0.0014781329817303115,1.2359667962535275
147988,147989,147992,0.6601899999999999,0.6606979767136638,short,loss,-0.0005079767136638713,3,0.0005079767136638292,1.2359667962535275
148209,148210,148228,0.66157,0.6601361483284173,short,win,0.0014338516715827199,18,0.0010753887536870627,1.2359667962535275
148237,148238,148285,0.66067,0.65994,short,win,0.0007300000000000084,47,0.0014433893718613319,1.2359667962535275
149110,149111,149142,0.66469,0.6633616362266849,short,win,0.0013283637733151332,31,0.0009962728299863879,1.2359667962535275
149872,149873,149878,0.67276,0.6738120955740297,short,loss,-0.0010520955740296323,5,0.001052095574029634,1.2359667962535275
162869,162870,162871,0.61976,0.6206658109801517,short,loss,-0.0009058109801517444,1,0.0009058109801517756,1.197996829372537
162882,162883,162890,0.62029,0.6192059952006241,short,win,0.0010840047993758706,7,0.0009172348302411235,1.197996829372537
162927,162928,162943,0.61945,0.6204665754158596,short,loss,-0.001016575415859644,15,0.0010165754158596902,1.197996829372537
163449,163450,163451,0.62804,0.6292236972686095,short,loss,-0.0011836972686094516,1,0.0011836972686094023,1.197996829372537
163475,163476,163509,0.62837,0.6267869516701108,short,win,0.0015830483298892029,33,0.0013395024329832105,1.197996829372537
163518,163519,163528,0.62649,0.6246894273425619,short,win,0.0018005726574380487,9,0.0015235614793706602,1.197996829372537
163542,163543,163564,0.62508,0.6237036024791824,short,win,0.0013763975208175294,21,0.0011646440560764146,1.197996829372537
163569,163570,163610,0.62467,0.6233552568609365,short,win,0.0013147431390634345,40,0.0011124749638228707,1.197996829372537
163671,163672,163686,0.62246,0.6235336291668447,short,loss,-0.001073629166844725,14,0.001073629166844755,1.197996829372537
163725,163726,163737,0.6221,0.6230014680398466,short,loss,-0.0009014680398465869,11,0.0009014680398465413,1.197996829372537
163807,163808,163820,0.62118,0.6224294063946156,short,loss,-0.001249406394615682,12,0.001249406394615671,1.197996829372537
163876,163877,163888,0.62129,0.6186583978218493,short,win,0.002631602178150727,11,0.002226740304589119,1.197996829372537
165133,165134,165145,0.63461,0.6336602416925416,short,win,0.0009497583074583593,11,0.0008036416447724247,1.197996829372537
165335,165336,165346,0.6366499999999999,0.6377174071848914,short,loss,-0.0010674071848915112,10,0.0010674071848914826,1.197996829372537
165371,165372,165394,0.63673,0.6352905256157211,short,win,0.0014394743842789381,22,0.0012180167866975994,1.197996829372537
165466,165467,165479,0.63342,0.6344010774072794,short,loss,-0.0009810774072793738,12,0.0009810774072794286,1.197996829372537
165501,165502,165504,0.63248,0.6336827536840403,short,loss,-0.0012027536840402142,2,0.0012027536840402361,1.197996829372537
165538,165539,165556,0.63229,0.6333779603217804,short,loss,-0.001087960321780379,17,0.001087960321780346,1.197996829372537
165599,165600,165613,0.63136,0.6295009251535564,short,win,0.0018590748464436535,13,0.0015730633316061822,1.197996829372537
165615,165616,165622,0.62986,0.6310079248411217,short,loss,-0.0011479248411216947,6,0.001147924841121702,1.197996829372537
165807,165808,165820,0.62149,0.6224837814255736,short,loss,-0.0009937814255736033,12,0.0009937814255735848,1.197996829372537
167230,167231,167247,0.62759,0.6286316561552555,short,loss,-0.0010416561552555326,16,0.001041656155255577,1.197996829372537
167712,167713,167720,0.62859,0.6275574379640302,short,win,0.0010325620359697973,7,0.0008737063381283215,1.197996829372537
168247,168248,168249,0.60099,0.6042056169444402,short,loss,-0.0032156169444401694,1,0.0032156169444401295,1.0937720496769316
168362,168363,168363,0.60434,0.6023235818157162,short,win,0.0020164181842837747,0,0.0028085824709666463,1.0937720496769316
169331,169332,169333,0.63944,0.6383919416815771,short,win,0.0010480583184229175,1,0.0014597955149461676,1.0937720496769316
169337,169338,169341,0.63802,0.6369682633232794,short,win,0.0010517366767206493,3,0.0014649189425751917,1.0937720496769316
169350,169351,169351,0.6380399999999999,0.6370443513745658,short,win,0.000995648625434109,0,0.0013867962997118628,1.0937720496769316
169351,169352,169352,0.63653,0.6354054691335255,short,win,0.0011245308664745712,0,0.0015663108497324444,1.0937720496769316
169353,169354,169356,0.63497,0.6367769032326775,short,loss,-0.0018069032326775147,2,0.001806903232677466,1.0937720496769316
169613,169614,169621,0.6384799999999999,0.6399935355894039,short,loss,-0.0015135355894039249,7,0.0015135355894039559,1.376007767784887
169982,169983,169994,0.6390899999999999,0.6375061429428787,short,win,0.001583857057121274,11,0.0013401867406410903,1.376007767784887
170388,170389,170393,0.64595,0.6444696260812631,short,win,0.0014803739187368992,4,0.0012526240850850546,1.376007767784887
170444,170445,170447,0.64036,0.6420029712830624,short,loss,-0.0016429712830623444,2,0.0016429712830623255,1.0937720496769316
170447,170448,170454,0.64177,0.6406318566434097,short,win,0.0011381433565902377,6,0.0015852711038221291,1.0937720496769316
170487,170488,170511,0.64013,0.6391016020889357,short,win,0.0010283979110642383,23,0.0014324113761251327,1.0937720496769316
170552,170553,170563,0.63972,0.6407970236753129,short,loss,-0.001077023675312927,10,0.001077023675312875,1.0937720496769316
170590,170591,170596,0.64066,0.6415117339801231,short,loss,-0.0008517339801230595,5,0.0008517339801230184,1.0937720496769316
170897,170898,170901,0.64296,0.6438583665496109,short,loss,-0.0008983665496109516,3,0.0008983665496109429,1.0937720496769316
170971,170972,170980,0.64031,0.6394814414323344,short,win,0.000828558567665616,8,0.001154063719248544,1.0937720496769316
171070,171071,171091,0.64034,0.6412257257261569,short,loss,-0.0008857257261568607,20,0.0008857257261568781,1.376007767784887
171448,171449,171455,0.64135,0.640675690854288,short,win,0.0006743091457119821,6,0.0009392163100988473,1.0937720496769316
171459,171460,171475,0.64079,0.6415043164532271,short,loss,-0.0007143164532271706,15,0.0007143164532271381,1.0937720496769316
171716,171717,171720,0.6454799999999999,0.6439915704468425,short,win,0.001488429553157422,3,0.0012594403911332223,1.376007767784887
171732,171733,171761,0.64405,0.6450563591042414,short,loss,-0.0010063591042414055,28,0.0010063591042414012,1.0937720496769316
171771,171772,171779,0.64353,0.6426495670973981,short,win,0.0008804329026019797,7,0.0012263172571955758,1.0937720496769316
171781,171782,171791,0.64273,0.6440432228150998,short,loss,-0.0013132228150998237,9,0.0013132228150998049,1.376007767784887
171804,171805,171810,0.64347,0.6427470799394339,short,win,0.0007229200605660679,5,0.0010069243700742184,1.0937720496769316
171810,171811,171811,0.64272,0.6419977729131487,short,win,0.0007222270868512126,0,0.0010059591566855517,1.0937720496769316
171811,171812,171812,0.64191,0.6411323605622096,short,win,0.0007776394377904117,0,0.0010831406454937288,1.0937720496769316
171812,171813,171816,0.64096,0.6421343091708156,short,loss,-0.001174309170815624,3,0.0011743091708156113,1.0937720496769316
171817,171818,171822,0.64222,0.6412719587545526,short,win,0.0009480412454474507,4,0.0013204860204446955,1.0937720496769316
171822,171823,171829,0.64127,0.6425802452307613,short,loss,-0.0013102452307612866,6,0.0013102452307613096,1.0937720496769316
171837,171838,171851,0.64211,0.6429931126580747,short,loss,-0.0008831126580747251,13,0.0008831126580747207,1.0937720496769316
171856,171857,171861,0.6416499999999999,0.6406320512227489,short,win,0.001017948777251032,4,0.001417857225456821,1.0937720496769316
171861,171862,171875,0.64138,0.6429750015475537,short,loss,-0.0015950015475537649,13,0.0015950015475537265,1.0937720496769316
171911,171912,171922,0.64336,0.6448521507440952,short,loss,-0.0014921507440951443,10,0.001492150744095103,1.0937720496769316
171975,171976,171977,0.64329,0.6425641805761442,short,win,0.0007258194238558557,1,0.0010109627689421621,1.0937720496769316
171992,171993,172001,0.64197,0.6411957105825388,short,win,0.0007742894174612713,8,0.0010784745457495663,1.0937720496769316
172001,172002,172003,0.64156,0.6427886020276796,short,loss,-0.001228602027679604,1,0.0012286020276795796,1.376007767784887
172003,172004,172006,0.64198,0.6411193644718252,short,win,0.0008606355281748357,2,0.001198742342814934,1.0937720496769316
172010,172011,172011,0.6420399999999999,0.6434808812505487,short,loss,-0.0014408812505487534,0,0.0014408812505487165,1.0937720496769316
172018,172019,172022,0.64227,0.6437111847581857,short,loss,-0.0014411847581856652,3,0.0014411847581857077,1.0937720496769316
172762,172763,172765,0.65102,0.6503658536139408,short,win,0.0006541463860592067,2,0.0009111324662967644,1.0937720496769316
172806,172807,172812,0.64981,0.6508409005097856,short,loss,-0.0010309005097856039,5,0.0010309005097856028,1.376007767784887
172812,172813,172822,0.65046,0.6493044037771978,short,win,0.0011555962228022576,9,0.0009778121885249886,1.376007767784887
172959,172960,172968,0.64728,0.6488997872563234,short,loss,-0.0016197872563233906,8,0.0016197872563234296,1.0937720496769316
172985,172986,172996,0.64891,0.6479473106579545,short,win,0.0009626893420454641,10,0.0013408887264204552,1.0937720496769316
173420,173421,173427,0.64771,0.6488027328868091,short,loss,-0.0010927328868091113,6,0.0010927328868091345,1.0937720496769316
173437,173438,173439,0.6482,0.6491203559472977,short,loss,-0.0009203559472976686,1,0.0009203559472977174,1.0937720496769316
173447,173448,173450,0.64708,0.6462786702333573,short,win,0.000801329766642711,2,0.001116137889252314,1.0937720496769316
173452,173453,173455,0.64643,0.6455397927295061,short,win,0.0008902072704938258,2,0.0012399315553306522,1.0937720496769316
174387,174388,174406,0.65557,0.6548535068007342,short,win,0.0007164931992658108,18,0.0009979726704059946,1.0658817542558912
174414,174415,174436,0.6547999999999999,0.655573926437872,short,loss,-0.0007739264378721078,21,0.0007739264378720638,1.0658817542558912
174440,174441,174449,0.6549699999999999,0.654243245241066,short,win,0.0007267547589339118,8,0.0008882558164747163,1.3238806484006285
174979,174980,174990,0.65554,0.6564253751091589,short,loss,-0.0008853751091588702,10,0.0008853751091589245,1.0658817542558912
174990,174991,174991,0.6559699999999999,0.6552650135087026,short,win,0.0007049864912973547,0,0.0009819454700212727,1.0658817542558912
175026,175027,175028,0.65472,0.6542473393288482,short,win,0.0004726606711518144,1,0.0006583487919614139,1.0658817542558912
175038,175039,175047,0.65438,0.6552341228935408,short,loss,-0.0008541228935408096,8,0.0008541228935407848,1.0658817542558912
175079,175080,175080,0.65402,0.6530206425304265,short,win,0.0009993574695735807,0,0.0013919621897632271,1.0658817542558912
175080,175081,175082,0.65327,0.6521900252068246,short,win,0.0010799747931754533,1,0.0015042506047801346,1.0658817542558912
175118,175119,175122,0.65185,0.6525803956845058,short,loss,-0.0007303956845057247,3,0.0007303956845057533,1.3238806484006285
175185,175186,175222,0.65174,0.6501914035731893,short,win,0.001548596426810711,36,0.0021569735944863963,1.0658817542558912
175272,175273,175278,0.64701,0.6482193981308504,short,loss,-0.0012093981308504143,5,0.0012093981308504064,1.0658817542558912
175850,175851,175876,0.65585,0.6571002113399405,short,loss,-0.0012502113399404102,25,0.0012502113399403896,1.0658817542558912
175902,175903,175912,0.65656,0.6557845157984578,short,win,0.0007754842015422758,9,0.0009478140241071972,1.3238806484006285
175912,175913,175913,0.6557,0.655128819461332,short,win,0.0005711805386680036,0,0.0007955728931446992,1.0658817542558912
175962,175963,175980,0.65156,0.6523937780807851,short,loss,-0.0008337780807851081,17,0.0008337780807851107,1.0658817542558912
175980,175981,175985,0.65212,0.6515632673231136,short,win,0.0005567326768863845,4,0.0006804510495278623,1.3238806484006285
175985,175986,175989,0.65123,0.6519288711540064,short,loss,-0.000698871154006464,3,0.0006988711540064393,1.3238806484006285
175998,175999,176007,0.65164,0.6525033119852891,short,loss,-0.0008633119852891058,8,0.0008633119852891506,1.3238806484006285
176010,176011,176011,0.65116,0.6503426266318095,short,win,0.0008173733681904327,0,0.0009990118944549439,1.3238806484006285
176011,176012,176019,0.65022,0.6511912744001439,short,loss,-0.0009712744001438844,7,0.0009712744001439251,1.0658817542558912
176019,176020,176030,0.6511899999999999,0.6501919692526956,short,win,0.0009980307473043126,10,0.0012198153578163408,1.3238806484006285
176040,176041,176042,0.64971,0.6508458535693511,short,loss,-0.0011358535693510863,1,0.0011358535693511038,1.0658817542558912
176043,176044,176082,0.65048,0.6518457545118677,short,loss,-0.0013657545118677117,38,0.0013657545118676807,1.3238806484006285
176096,176097,176110,0.65099,0.6501146433740085,short,win,0.0008753566259914747,13,0.0010698803206562787,1.3238806484006285
176110,176111,176122,0.65009,0.649206740457883,short,win,0.0008832595421169875,11,0.00107953944036516,1.3238806484006285
176171,176172,176180,0.64435,0.6434396281543627,short,win,0.0009103718456372478,8,0.0011126767002232795,1.3238806484006285
176180,176181,176182,0.64363,0.6446997119649825,short,loss,-0.0010697119649825115,1,0.0010697119649825488,1.3238806484006285
176182,176183,176192,0.64459,0.6456149769899351,short,loss,-0.0010249769899350891,9,0.0010249769899350629,1.0658817542558912
176218,176219,176224,0.64373,0.6446910969402173,short,loss,-0.0009610969402172875,5,0.0009610969402172876,1.0658817542558912
176224,176225,176226,0.64437,0.6436840421101524,short,win,0.0006859578898475993,1,0.0009554413465734366,1.0658817542558912
176226,176227,176229,0.64375,0.6430247505949784,short,win,0.0007252494050216107,2,0.0010101688141372913,1.0658817542558912
176251,176252,176260,0.64295,0.6422931005255356,short,win,0.0006568994744644563,8,0.0009149671251469789,1.0658817542558912
176263,176264,176268,0.64225,0.6430363054554205,short,loss,-0.0007863054554204663,4,0.000786305455420495,1.0658817542558912
176269,176270,176272,0.64278,0.642172532036553,short,win,0.000607467963447017,2,0.000846116091944129,1.0658817542558912
176272,176273,176274,0.64237,0.6432357891960646,short,loss,-0.0008657891960646147,1,0.0008657891960646015,1.0658817542558912
176275,176276,176309,0.6429,0.6420730785387686,short,win,0.0008269214612314224,33,0.0010106817859495208,1.3238806484006285
176313,176314,176316,0.64208,0.6428581135598952,short,loss,-0.0007781135598952105,2,0.0007781135598951696,1.0658817542558912
176318,176319,176320,0.64252,0.6419496633714395,short,win,0.0005703366285604305,1,0.0007943974469234549,1.0658817542558912
176341,176342,176351,0.6439,0.6461042895669937,short,loss,-0.0022042895669937,9,0.002204289566993738,1.3238806484006285
176924,176925,176932,0.65112,0.650637968402287,short,win,0.0004820315977129841,7,0.0006714011539573062,1.0658817542558912
176933,176934,176945,0.65106,0.6516921858392062,short,loss,-0.0006321858392062119,11,0.0006321858392061726,1.0658817542558912
176965,176966,176978,0.64965,0.6489099892477298,short,win,0.0007400107522701482,12,0.0010307292620905793,1.0658817542558912
177221,177222,177241,0.64959,0.6490049155441604,short,win,0.0005850844558396018,19,0.0008149390634909191,1.0658817542558912
177314,177315,177328,0.65066,0.6512213904742551,short,loss,-0.0005613904742550746,13,0.0005613904742551058,1.0658817542558912
177372,177373,177380,0.65089,0.65026343792115,short,win,0.0006265620788499238,7,0.0007657980963720897,1.3238806484006285
177416,177417,177429,0.64932,0.6486850959267936,short,win,0.0006349040732064326,12,0.0007759938672523326,1.3238806484006285
177429,177430,177431,0.64834,0.6490806414000357,short,loss,-0.0007406414000357131,1,0.0007406414000356671,1.0658817542558912
177431,177432,177447,0.64861,0.6480462219904541,short,win,0.0005637780095458789,15,0.000785262227581764,1.0658817542558912
177447,177448,177450,0.64772,0.6485061658268136,short,loss,-0.0007861658268136784,2,0.0007861658268136723,1.0658817542558912
177450,177451,177452,0.64842,0.6493325965850567,short,loss,-0.000912596585056713,1,0.0009125965850566761,1.3238806484006285
177453,177454,177476,0.64867,0.64790254524661,short,win,0.0007674547533900178,22,0.0009380002541434065,1.3238806484006285
177476,177477,177482,0.64739,0.6467574071816611,short,win,0.0006325928183389395,5,0.0008811114255434596,1.0658817542558912
177482,177483,177490,0.64623,0.6455217052821192,short,win,0.0007082947178808086,7,0.0009865533570482918,1.0658817542558912
177519,177520,177521,0.6451,0.6446431986251949,short,win,0.00045680137480508254,1,0.0005583127914284276,1.3238806484006285
177524,177525,177525,0.6448699999999999,0.6444371117866752,short,win,0.0004328882133247669,0,0.0006029514399880366,1.0658817542558912
177525,177526,177528,0.64422,0.6437420323733414,short,win,0.00047796762665863746,2,0.0006657406228460315,1.0658817542558912
177542,177543,177551,0.6442,0.6435568971601295,short,win,0.0006431028398704575,8,0.000895750384105287,1.0658817542558912
177552,177553,177569,0.64286,0.6439265794358434,short,loss,-0.0010665794358434288,16,0.001066579435843474,1.0658817542558912
177572,177573,177575,0.64381,0.6429625857041443,short,win,0.0008474142958556641,2,0.001035728583823522,1.3238806484006285
177575,177576,177581,0.64258,0.6436483400663245,short,loss,-0.0010683400663245024,5,0.0010683400663244775,1.0658817542558912
177581,177582,177583,0.64366,0.6428656209147159,short,win,0.0007943790852841248,1,0.0011064565830743746,1.0658817542558912
177585,177586,177619,0.64317,0.6423735994623386,short,win,0.0007964005376613903,33,0.0011092721774569622,1.0658817542558912
177633,177634,177636,0.642,0.6414123542314987,short,win,0.0005876457685013436,2,0.0008185066061269234,1.0658817542558912
177638,177639,177644,0.64223,0.6416234620353048,short,win,0.0006065379646951197,5,0.0008448207365396252,1.0658817542558912
177650,177651,177652,0.64194,0.6427606976481636,short,loss,-0.0008206976481636152,1,0.0008206976481636041,1.0658817542558912
177655,177656,177660,0.64218,0.6429623476311573,short,loss,-0.0007823476311573652,4,0.0007823476311573956,1.0658817542558912
177666,177667,177670,0.64185,0.6426726178851394,short,loss,-0.0008226178851393762,3,0.0008226178851394082,1.0658817542558912
177670,177671,177672,0.6416,0.642479350203495,short,loss,-0.0008793502034950551,1,0.0008793502034950709,1.0658817542558912
177673,177674,177680,0.64223,0.64146493134561,short,win,0.0007650686543899665,6,0.0010656313400432425,1.0658817542558912
177685,177686,177700,0.64212,0.6414010373843012,short,win,0.0007189626156988149,14,0.0010014122147233814,1.0658817542558912
177708,177709,177712,0.64197,0.6426089749356381,short,loss,-0.0006389749356380259,3,0.0006389749356380395,1.0658817542558912
177727,177728,177732,0.64203,0.6415227159902865,short,win,0.000507284009713449,4,0.0007065741563866161,1.0658817542558912
177733,177734,177743,0.64144,0.6421210249887529,short,loss,-0.0006810249887528874,9,0.0006810249887528561,1.0658817542558912
177750,177751,177764,0.64186,0.6425813163713833,short,loss,-0.0007213163713832849,13,0.0007213163713833266,1.0658817542558912
178455,178456,178468,0.65159,0.6508385072847764,short,win,0.0007514927152235673,12,0.0010467219962042272,1.0658817542558912
178478,178479,178486,0.65157,0.6522874986395825,short,loss,-0.0007174986395824812,7,0.0007174986395824647,1.0658817542558912
178628,178629,178629,0.65124,0.6521913019956943,short,loss,-0.0009513019956942648,0,0.0009513019956942111,1.0658817542558912
178630,178631,178632,0.65225,0.6514893130502846,short,win,0.0007606869497154278,1,0.0010595282513893908,1.0658817542558912
178632,178633,178664,0.65077,0.651962641706555,short,loss,-0.0011926417065550865,31,0.001192641706555137,1.0658817542558912
179531,179532,179536,0.66541,0.664432259386175,short,win,0.00097774061382494,4,0.0013618529978276107,1.0658817542558912
179567,179568,179575,0.66399,0.6651645355306075,short,loss,-0.0011745355306075345,7,0.0011745355306075293,1.0658817542558912
179630,179631,179633,0.66132,0.6608894383019118,short,win,0.00043056169808819433,2,0.0005997109366229027,1.0658817542558912
179666,179667,179669,0.65988,0.6609308703688999,short,loss,-0.0010508703688998366,2,0.0010508703688998885,1.0658817542558912
179672,179673,179679,0.66028,0.6595814056638356,short,win,0.0006985943361643709,6,0.0009730421110861542,1.0658817542558912
179685,179686,179718,0.65929,0.6585806643272543,short,win,0.0007093356727457811,32,0.0009880032584673186,1.0658817542558912
179721,179722,179731,0.65907,0.658547826400916,short,win,0.0005221735990840193,9,0.0007273132272955401,1.0658817542558912
179731,179732,179738,0.65825,0.6590065462802923,short,loss,-0.000756546280292314,6,0.0007565462802923538,1.0658817542558912
179738,179739,179756,0.65884,0.658222231645825,short,win,0.0006177683541749301,17,0.0008604630647436984,1.0658817542558912
179756,179757,179760,0.65773,0.6585259308678125,short,loss,-0.0007959308678124888,3,0.000795930867812466,1.0658817542558912
179784,179785,179787,0.65779,0.6587279261686858,short,loss,-0.0009379261686858209,2,0.0009379261686857838,1.0658817542558912
179790,179791,179798,0.65869,0.659608308737663,short,loss,-0.0009183087376629651,7,0.00091830873766299,1.0658817542558912
179903,179904,179924,0.65971,0.6589867346349836,short,win,0.0007232653650164345,20,0.0008839910016867991,1.3238806484006285
180015,180016,180018,0.65836,0.6589623965061737,short,loss,-0.0006023965061737746,2,0.000602396506173799,1.3986016790958737
180877,180878,180880,0.65808,0.6575920819315783,short,win,0.00048791806842174434,2,0.0005963443058487995,1.3986016790958737
181067,181068,181075,0.65549,0.656365808929384,short,loss,-0.0008758089293839921,7,0.0008758089293840236,1.3986016790958737
181537,181538,181559,0.64825,0.6471022332054603,short,win,0.0011477667945396508,21,0.0014028260822151967,1.3986016790958737
181816,181817,181857,0.64893,0.6500169659098679,short,loss,-0.0010869659098678985,40,0.001086965909867948,1.3986016790958737
181919,181920,181951,0.64878,0.6478326460771263,short,win,0.000947353922873706,31,0.0011578770168455973,1.3986016790958737
182639,182640,182655,0.65444,0.6536751000227707,short,win,0.000764899977229283,15,0.0009348777499468594,1.3986016790958737
182672,182673,182702,0.65362,0.6528133048600626,short,win,0.0008066951399373634,29,0.0009859607265901638,1.3986016790958737
182712,182713,182718,0.65248,0.6514798973818688,short,win,0.0010001026181311046,5,0.0012223476443824477,1.3986016790958737
183556,183557,183564,0.65303,0.6522984744398405,short,win,0.0007315255601595405,7,0.0008940867957505526,1.3986016790958737
183597,183598,183603,0.65205,0.651361149308561,short,win,0.0006888506914389803,5,0.0008419286228699196,1.3986016790958737
183606,183607,183609,0.65135,0.6522090914198166,short,loss,-0.0008590914198166599,2,0.0008590914198166495,1.3986016790958737
183632,183633,183635,0.65051,0.649641878709635,short,win,0.0008681212903650648,2,0.0010610371326684508,1.3986016790958737
183758,183759,183764,0.64946,0.6487071374559412,short,win,0.0007528625440588188,5,0.0009201653316273828,1.3986016790958737
183791,183792,183814,0.64844,0.6475237070674504,short,win,0.0009162929325495783,22,0.0011199135842272698,1.3986016790958737
183946,183947,183961,0.64521,0.6442209345551859,short,win,0.0009890654448140301,14,0.0012088577658838718,1.3986016790958737
185478,185479,185526,0.66453,0.6649,short,loss,-0.0003700000000000925,47,0.001157932205020923,1.3986016790958737
186386,186387,186429,0.66916,0.6701157329286392,short,loss,-0.0009557329286392635,42,0.0009557329286393125,1.028820838005193
186487,186488,186511,0.6695,0.6688037381074907,short,win,0.0006962618925092645,23,0.0008454608694755324,1.028820838005193
186512,186513,186515,0.6691199999999999,0.6696558488334431,short,loss,-0.0005358488334431533,2,0.0005358488334431067,1.028820838005193
186515,186516,186527,0.6695099999999999,0.6690683082571804,short,win,0.0004416917428194944,11,0.0005363399734236579,1.028820838005193
186530,186531,186540,0.66936,0.6688495959330064,short,win,0.0005104040669935417,9,0.0006197763670636072,1.028820838005193
186540,186541,186547,0.66884,0.6683717994847083,short,win,0.0004682005152917279,6,0.0005685291971399132,1.028820838005193
186550,186551,186552,0.66859,0.668102423134536,short,win,0.00048757686546396783,1,0.0005920576223491192,1.028820838005193
186568,186569,186573,0.6686,0.6679320622483675,short,win,0.0006679377516324303,4,0.0008163683631063195,1.3676262094367952
186595,186596,186606,0.66712,0.666536566363293,short,win,0.000583433636707098,10,0.000708455130287133,1.028820838005193
186688,186689,186694,0.6682899999999999,0.6693169151675816,short,loss,-0.0010269151675816879,5,0.0010269151675816569,1.3676262094367952
187147,187148,187151,0.66806,0.6671281586125282,short,win,0.0009318413874718212,3,0.0011315216847871802,1.028820838005193
187153,187154,187188,0.66806,0.669499273196891,short,loss,-0.0014392731968909667,34,0.0014392731968910066,1.028820838005193
187380,187381,187384,0.66822,0.6677810505788724,short,win,0.00043894942112765456,3,0.0005330100113693167,1.028820838005193
187420,187421,187422,0.66897,0.668388642101428,short,win,0.0005813578985719436,1,0.0007059345911230376,1.028820838005193
187530,187531,187531,0.66756,0.6682138220461479,short,loss,-0.0006538220461478339,0,0.0006538220461478109,1.028820838005193
187531,187532,187535,0.66815,0.6688773347571373,short,loss,-0.0007273347571372657,3,0.0007273347571372586,1.028820838005193
188567,188568,188570,0.69955,0.6977050280769344,short,win,0.0018449719230656525,2,0.0022549656837468667,1.3676262094367952
188572,188573,188578,0.69941,0.7018018628689225,short,loss,-0.0023918628689225674,5,0.0023918628689226034,1.3676262094367952
188600,188601,188603,0.69845,0.6964659868667633,short,win,0.001984013133236706,2,0.0024091588046445986,1.028820838005193
188603,188604,188607,0.69572,0.698137136987538,short,loss,-0.0024171369875379822,3,0.002417136987537957,1.028820838005193
188708,188709,188723,0.6944,0.6957341416774916,short,loss,-0.0013341416774915738,14,0.0013341416774915996,1.028820838005193
188929,188930,188943,0.69646,0.6980087618482751,short,loss,-0.0015487618482751264,13,0.001548761848275087,1.028820838005193
188945,188946,188947,0.6973,0.698511204586834,short,loss,-0.0012112045868339916,1,0.0012112045868340028,1.028820838005193
189493,189494,189495,0.70824,0.7093335799853644,short,loss,-0.0010935799853644124,1,0.0010935799853643874,1.028820838005193
189497,189498,189504,0.70905,0.7081178018572716,short,win,0.0009321981427283799,6,0.0011319548875987206,1.028820838005193
189513,189514,189517,0.70684,0.7059638584074657,short,win,0.0008761415925343519,3,0.001063886219506031,1.028820838005193
189526,189527,189534,0.70738,0.7060046734010744,short,win,0.0013753265989255858,7,0.001680954732020116,1.3676262094367952
189549,189550,189562,0.70604,0.7079161829196421,short,loss,-0.0018761829196420887,12,0.0018761829196421032,1.028820838005193
189631,189632,189649,0.70779,0.7068173792895346,short,win,0.0009726207104654438,17,0.0011887586461243656,1.3676262094367952
189660,189661,189685,0.7071999999999999,0.7065031919271298,short,win,0.0006968080728700921,24,0.0008516543112856584,1.3676262094367952
189737,189738,189738,0.7041499999999999,0.7051702777759418,short,loss,-0.0010202777759418247,0,0.001020277775941824,1.028820838005193
189813,189814,189815,0.7067599999999999,0.7074729092598683,short,loss,-0.0007129092598683329,1,0.0007129092598683761,1.028820838005193
189836,189837,189837,0.70514,0.7060188325225558,short,loss,-0.000878832522555828,0,0.0008788325225558037,1.028820838005193
189845,189846,189849,0.70667,0.7057892738051205,short,win,0.0008807261948795553,3,0.0010694532366395,1.028820838005193
189895,189896,189898,0.70431,0.7052040255616515,short,loss,-0.0008940255616515236,2,0.0008940255616515092,1.028820838005193
189914,189915,189921,0.70573,0.7048792028275239,short,win,0.0008507971724760477,6,0.0010331108522923127,1.028820838005193
189925,189926,189927,0.7048,0.7039619668800406,short,win,0.000838033119959336,1,0.001017611645664871,1.028820838005193
189927,189928,189930,0.70414,0.7052366957557008,short,loss,-0.0010966957557008161,2,0.0010966957557008298,1.028820838005193
189930,189931,189931,0.70504,0.7040434602115022,short,win,0.0009965397884977856,0,0.0012100840288901957,1.028820838005193
189931,189932,189935,0.7034,0.7047434351696837,short,loss,-0.0013434351696837155,3,0.0013434351696837504,1.028820838005193
189978,189979,189980,0.7029299999999999,0.7020965012821495,short,win,0.0008334987178504338,1,0.0010121055859612462,1.028820838005193
190150,190151,190155,0.70543,0.7047018326061367,short,win,0.0007281673938632771,4,0.0008842032639768271,1.028820838005193
190875,190876,190889,0.70424,0.7026264464465273,short,win,0.001613553553472702,13,0.001959315029216883,1.028820838005193
190928,190929,190935,0.7009799999999999,0.7022842878913637,short,loss,-0.0013042878913637201,6,0.001304287891363694,1.028820838005193
190986,190987,190991,0.69812,0.7001442376661378,short,loss,-0.002024237666137796,4,0.002024237666137743,1.028820838005193
190992,190993,191019,0.70079,0.6982417689620548,short,win,0.0025482310379452144,26,0.003114504601933101,1.3676262094367952
191407,191408,191413,0.70762,0.7084516115489685,short,loss,-0.0008316115489684917,5,0.0008316115489685242,1.028820838005193
191413,191414,191415,0.70791,0.7090562852722887,short,loss,-0.0011462852722886607,1,0.0011462852722886072,1.3676262094367952
191416,191417,191421,0.70852,0.7077511162469347,short,win,0.0007688837530653858,4,0.000933644557293691,1.028820838005193
191427,191428,191429,0.70665,0.7058267122833027,short,win,0.000823287716697263,1,0.0009997065131324135,1.028820838005193
191463,191464,191470,0.7045,0.7031791829067073,short,win,0.001320817093292681,6,0.0016038493275696776,1.028820838005193
191804,191805,191809,0.70477,0.7037079993023982,short,win,0.0010620006976017615,4,0.0012895722756592878,1.028820838005193
191825,191826,191827,0.70297,0.7043102055875573,short,loss,-0.0013402055875573193,1,0.0013402055875573525,1.028820838005193
192786,192787,192791,0.68742,0.6862004125232861,short,win,0.0012195874767139125,4,0.0014906069159836366,1.3569212762087937
192796,192797,192802,0.68774,0.6891251132819817,short,loss,-0.0013851132819816536,5,0.0013851132819816638,1.3569212762087937
192924,192925,192931,0.68829,0.6875413337798865,short,win,0.0007486662201134919,6,0.0009150364912498143,1.3569212762087937
193936,193937,193946,0.71487,0.7161931909456178,short,loss,-0.001323190945617836,9,0.0013231909456177828,1.3569212762087937
194064,194065,194065,0.7137,0.7153674181934218,short,loss,-0.0016674181934217547,0,0.0016674181934217777,1.3569212762087937
194068,194069,194091,0.7143,0.7162449886251125,short,loss,-0.0019449886251124981,22,0.0019449886251124478,1.3569212762087937
194172,194173,194187,0.7157,0.7150038468666471,short,win,0.000696153133352917,14,0.0008508538296535045,1.3569212762087937
194215,194216,194227,0.71488,0.7140231364526938,short,win,0.0008568635473061859,11,0.001047277668929841,1.3569212762087937
194262,194263,194296,0.71337,0.7116260718467655,short,win,0.0017439281532344308,33,0.002131467742842117,1.3569212762087937
194614,194615,194624,0.71573,0.7148553252686739,short,win,0.000874674731326075,9,0.001069046893843035,1.3569212762087937
194667,194668,194685,0.71253,0.7115504174301646,short,win,0.0009795825698354355,17,0.0011972675853543931,1.3569212762087937
196256,196257,196259,0.71304,0.7118949787295904,short,win,0.0011450212704096074,2,0.0013994704416117807,1.3569212762087937
196259,196260,196266,0.71167,0.7132022727989145,short,loss,-0.0015322727989144358,6,0.0015322727989143892,1.3569212762087937
196266,196267,196287,0.7128599999999999,0.7142290452923689,short,loss,-0.00136904529236892,20,0.0013690452923689693,1.3569212762087937
196852,196853,196900,0.71617,0.71708,short,loss,-0.0009100000000000774,47,0.001310068912265506,1.3569212762087937
197003,197004,197011,0.71619,0.7172748584849342,short,loss,-0.0010848584849342258,7,0.0010848584849341948,1.3569212762087937
197013,197014,197021,0.7164699999999999,0.7155051645055277,short,win,0.0009648354944722382,7,0.001179243382132781,1.3569212762087937
197069,197070,197071,0.71324,0.7125141347503411,short,win,0.0007258652496588969,1,0.0008871686384719266,1.3569212762087937
197963,197964,197984,0.70589,0.706621512642252,short,loss,-0.0007315126422520191,20,0.0007315126422520205,1.3569212762087937
