entry_bar,exit_bar,outcome,pnl_pip,sl_pip,tp_pip,direction,t_entry,t_exit,src_card
1,73,loss,-152.0957907708069,152.0957907708069,228.14368615621038,long,1294725600000000000,1294984800000000000,XAUUSD_H6
415,481,loss,-152.0957907708069,152.0957907708069,228.14368615621038,long,1296216000000000000,1296453600000000000,XAUUSD_H6
559,919,win,342.13584072655766,228.0905604843718,342.13584072655766,long,1296734400000000000,1298030400000000000,XAUUSD_H12
1035,1187,win,269.4976815474034,179.66512103160227,269.4976815474034,long,1298448000000000000,1298995200000000000,XAUUSD_H8
1315,1395,loss,-179.66512103160227,179.66512103160227,269.4976815474034,long,1299456000000000000,1299744000000000000,XAUUSD_H8
1597,1729,win,228.14368615621038,152.0957907708069,228.14368615621038,long,1300471200000000000,1300946400000000000,XAUUSD_H6
1897,1927,loss,-152.0957907708069,152.0957907708069,228.14368615621038,long,1301551200000000000,1301659200000000000,XAUUSD_H6
2023,2095,win,228.14368615621038,152.0957907708069,228.14368615621038,long,1302004800000000000,1302264000000000000,XAUUSD_H6
2239,2491,win,342.13584072655766,228.0905604843718,342.13584072655766,long,1302782400000000000,1303689600000000000,XAUUSD_H12
2551,2599,win,342.13584072655766,228.0905604843718,342.13584072655766,long,1303905600000000000,1304078400000000000,XAUUSD_H12
2857,2893,loss,-152.0957907708069,152.0957907708069,228.14368615621038,long,1305007200000000000,1305136800000000000,XAUUSD_H6
3097,3199,win,228.14368615621038,152.0957907708069,228.14368615621038,long,1305871200000000000,1306238400000000000,XAUUSD_H6
3235,3511,win,228.14368615621038,152.0957907708069,228.14368615621038,long,1306368000000000000,1307361600000000000,XAUUSD_H6
3771,3915,loss,-179.66512103160227,179.66512103160227,269.4976815474034,long,1308297600000000000,1308816000000000000,XAUUSD_H8
4075,4099,loss,-152.0957907708069,152.0957907708069,228.14368615621038,long,1309392000000000000,1309478400000000000,XAUUSD_H6
4411,4735,win,342.13584072655766,228.0905604843718,342.13584072655766,long,1310601600000000000,1311768000000000000,XAUUSD_H12
4783,4891,win,342.13584072655766,228.0905604843718,342.13584072655766,long,1311940800000000000,1312329600000000000,XAUUSD_H12
4915,4933,loss,-152.0957907708069,152.0957907708069,228.14368615621038,long,1312416000000000000,1312480800000000000,XAUUSD_H6
5011,5019,loss,-179.66512103160227,179.66512103160227,269.4976815474034,long,1312761600000000000,1312790400000000000,XAUUSD_H8
5027,5035,win,269.4976815474034,179.66512103160227,269.4976815474034,long,1312819200000000000,1312848000000000000,XAUUSD_H8
5067,5083,win,269.4976815474034,179.66512103160227,269.4976815474034,long,1312963200000000000,1313020800000000000,XAUUSD_H8
5221,5263,win,228.14368615621038,152.0957907708069,228.14368615621038,long,1313517600000000000,1313668800000000000,XAUUSD_H6
5269,5281,win,228.14368615621038,152.0957907708069,228.14368615621038,long,1313690400000000000,1313733600000000000,XAUUSD_H6
5347,5355,loss,-179.66512103160227,179.66512103160227,269.4976815474034,long,1313971200000000000,1314000000000000000,XAUUSD_H8
5363,5379,loss,-179.66512103160227,179.66512103160227,269.4976815474034,long,1314028800000000000,1314086400000000000,XAUUSD_H8
5555,5571,loss,-179.66512103160227,179.66512103160227,269.4976815474034,long,1314720000000000000,1314777600000000000,XAUUSD_H8
5579,5619,win,269.4976815474034,179.66512103160227,269.4976815474034,long,1314806400000000000,1314950400000000000,XAUUSD_H8
5689,5713,loss,-152.0957907708069,152.0957907708069,228.14368615621038,long,1315202400000000000,1315288800000000000,XAUUSD_H6
6361,6367,loss,-152.0957907708069,152.0957907708069,228.14368615621038,long,1317621600000000000,1317643200000000000,XAUUSD_H6
6373,6391,loss,-152.0957907708069,152.0957907708069,228.14368615621038,long,1317664800000000000,1317729600000000000,XAUUSD_H6
6529,6577,win,228.14368615621038,152.0957907708069,228.14368615621038,long,1318226400000000000,1318399200000000000,XAUUSD_H6
6883,6895,win,228.14368615621038,152.0957907708069,228.14368615621038,long,1319500800000000000,1319544000000000000,XAUUSD_H6
6899,6947,win,269.4976815474034,179.66512103160227,269.4976815474034,long,1319558400000000000,1319731200000000000,XAUUSD_H8
7111,7207,win,342.13584072655766,228.0905604843718,342.13584072655766,long,1320321600000000000,1320667200000000000,XAUUSD_H12
7251,7259,loss,-179.66512103160227,179.66512103160227,269.4976815474034,long,1320825600000000000,1320854400000000000,XAUUSD_H8
7699,7755,win,269.4976815474034,179.66512103160227,269.4976815474034,long,1322438400000000000,1322640000000000000,XAUUSD_H8
7759,7879,loss,-228.0905604843718,228.0905604843718,342.13584072655766,long,1322654400000000000,1323086400000000000,XAUUSD_H12
8233,8251,win,228.14368615621038,152.0957907708069,228.14368615621038,long,1324360800000000000,1324425600000000000,XAUUSD_H6
8563,8593,win,228.14368615621038,152.0957907708069,228.14368615621038,long,1325548800000000000,1325656800000000000,XAUUSD_H6
8599,8755,win,342.13584072655766,228.0905604843718,342.13584072655766,long,1325678400000000000,1326240000000000000,XAUUSD_H12
8899,9107,win,269.4976815474034,179.66512103160227,269.4976815474034,long,1326758400000000000,1327507200000000000,XAUUSD_H8
9109,9151,win,228.14368615621038,152.0957907708069,228.14368615621038,long,1327514400000000000,1327665600000000000,XAUUSD_H6
9223,9487,loss,-228.0905604843718,228.0905604843718,342.13584072655766,long,1327924800000000000,1328875200000000000,XAUUSD_H12
9715,9779,win,269.4976815474034,179.66512103160227,269.4976815474034,long,1329696000000000000,1329926400000000000,XAUUSD_H8
9803,9891,loss,-179.66512103160227,179.66512103160227,269.4976815474034,long,1330012800000000000,1330329600000000000,XAUUSD_H8
9919,9943,loss,-228.0905604843718,228.0905604843718,342.13584072655766,long,1330430400000000000,1330516800000000000,XAUUSD_H12
10147,10159,loss,-152.0957907708069,152.0957907708069,228.14368615621038,long,1331251200000000000,1331294400000000000,XAUUSD_H6
10163,10227,loss,-179.66512103160227,179.66512103160227,269.4976815474034,long,1331308800000000000,1331539200000000000,XAUUSD_H8
10495,10567,win,228.14368615621038,152.0957907708069,228.14368615621038,long,1332504000000000000,1332763200000000000,XAUUSD_H6
10735,10765,loss,-152.0957907708069,152.0957907708069,228.14368615621038,long,1333368000000000000,1333476000000000000,XAUUSD_H6
10933,11065,loss,-152.0957907708069,152.0957907708069,228.14368615621038,long,1334080800000000000,1334556000000000000,XAUUSD_H6
11299,11499,loss,-179.66512103160227,179.66512103160227,269.4976815474034,long,1335398400000000000,1336118400000000000,XAUUSD_H8
11815,11941,loss,-152.0957907708069,152.0957907708069,228.14368615621038,long,1337256000000000000,1337709600000000000,XAUUSD_H6
12073,12103,loss,-152.0957907708069,152.0957907708069,228.14368615621038,long,1338184800000000000,1338292800000000000,XAUUSD_H6
12171,12179,win,269.4976815474034,179.66512103160227,269.4976815474034,long,1338537600000000000,1338566400000000000,XAUUSD_H8
12283,12323,loss,-179.66512103160227,179.66512103160227,269.4976815474034,long,1338940800000000000,1339084800000000000,XAUUSD_H8
12457,12631,loss,-152.0957907708069,152.0957907708069,228.14368615621038,long,1339567200000000000,1340193600000000000,XAUUSD_H6
12843,12947,win,269.4976815474034,179.66512103160227,269.4976815474034,long,1340956800000000000,1341331200000000000,XAUUSD_H8
12979,13011,loss,-179.66512103160227,179.66512103160227,269.4976815474034,long,1341446400000000000,1341561600000000000,XAUUSD_H8
13255,13279,loss,-152.0957907708069,152.0957907708069,228.14368615621038,long,1342440000000000000,1342526400000000000,XAUUSD_H6
13465,13495,win,228.14368615621038,152.0957907708069,228.14368615621038,long,1343196000000000000,1343304000000000000,XAUUSD_H6
13501,13639,loss,-152.0957907708069,152.0957907708069,228.14368615621038,long,1343325600000000000,1343822400000000000,XAUUSD_H6
13771,13951,loss,-152.0957907708069,152.0957907708069,228.14368615621038,long,1344297600000000000,1344945600000000000,XAUUSD_H6
14017,14119,win,228.14368615621038,152.0957907708069,228.14368615621038,long,1345183200000000000,1345550400000000000,XAUUSD_H6
14191,14311,loss,-152.0957907708069,152.0957907708069,228.14368615621038,long,1345809600000000000,1346241600000000000,XAUUSD_H6
14359,14527,win,342.13584072655766,228.0905604843718,342.13584072655766,long,1346414400000000000,1347019200000000000,XAUUSD_H12
14531,14675,win,269.4976815474034,179.66512103160227,269.4976815474034,long,1347033600000000000,1347552000000000000,XAUUSD_H8
14755,14771,loss,-179.66512103160227,179.66512103160227,269.4976815474034,long,1347840000000000000,1347897600000000000,XAUUSD_H8
14791,14983,loss,-228.0905604843718,228.0905604843718,342.13584072655766,long,1347969600000000000,1348660800000000000,XAUUSD_H12
15007,15319,loss,-152.0957907708069,152.0957907708069,228.14368615621038,long,1348747200000000000,1349870400000000000,XAUUSD_H6
15817,15871,loss,-152.0957907708069,152.0957907708069,228.14368615621038,long,1351663200000000000,1351857600000000000,XAUUSD_H6
15979,15995,loss,-179.66512103160227,179.66512103160227,269.4976815474034,long,1352246400000000000,1352304000000000000,XAUUSD_H8
16015,16183,loss,-228.0905604843718,228.0905604843718,342.13584072655766,long,1352376000000000000,1352980800000000000,XAUUSD_H12
16275,16491,loss,-179.66512103160227,179.66512103160227,269.4976815474034,long,1353312000000000000,1354089600000000000,XAUUSD_H8
16771,16855,loss,-152.0957907708069,152.0957907708069,228.14368615621038,long,1355097600000000000,1355400000000000000,XAUUSD_H6
17287,17371,loss,-228.0905604843718,228.0905604843718,342.13584072655766,long,1356955200000000000,1357257600000000000,XAUUSD_H12
17497,17695,win,228.14368615621038,152.0957907708069,228.14368615621038,long,1357711200000000000,1358424000000000000,XAUUSD_H6
17803,17857,loss,-152.0957907708069,152.0957907708069,228.14368615621038,long,1358812800000000000,1359007200000000000,XAUUSD_H6
18007,18031,loss,-152.0957907708069,152.0957907708069,228.14368615621038,long,1359547200000000000,1359633600000000000,XAUUSD_H6
18637,18655,win,228.14368615621038,152.0957907708069,228.14368615621038,long,1361815200000000000,1361880000000000000,XAUUSD_H6
18659,18683,loss,-179.66512103160227,179.66512103160227,269.4976815474034,long,1361894400000000000,1361980800000000000,XAUUSD_H8
18979,19519,loss,-228.0905604843718,228.0905604843718,342.13584072655766,long,1363046400000000000,1364990400000000000,XAUUSD_H12
19627,19693,loss,-152.0957907708069,152.0957907708069,228.14368615621038,long,1365379200000000000,1365616800000000000,XAUUSD_H6
19891,19897,win,228.14368615621038,152.0957907708069,228.14368615621038,long,1366329600000000000,1366351200000000000,XAUUSD_H6
19963,20035,win,269.4976815474034,179.66512103160227,269.4976815474034,long,1366588800000000000,1366848000000000000,XAUUSD_H8
20143,20191,loss,-228.0905604843718,228.0905604843718,342.13584072655766,long,1367236800000000000,1367409600000000000,XAUUSD_H12
20227,20335,loss,-228.0905604843718,228.0905604843718,342.13584072655766,long,1367539200000000000,1367928000000000000,XAUUSD_H12
20881,20911,loss,-152.0957907708069,152.0957907708069,228.14368615621038,long,1369893600000000000,1370001600000000000,XAUUSD_H6
21067,21163,loss,-152.0957907708069,152.0957907708069,228.14368615621038,long,1370563200000000000,1370908800000000000,XAUUSD_H6
21835,21883,win,269.4976815474034,179.66512103160227,269.4976815474034,long,1373328000000000000,1373500800000000000,XAUUSD_H8
22011,22043,loss,-179.66512103160227,179.66512103160227,269.4976815474034,long,1373961600000000000,1374076800000000000,XAUUSD_H8
22147,22411,loss,-179.66512103160227,179.66512103160227,269.4976815474034,long,1374451200000000000,1375401600000000000,XAUUSD_H8
22567,22663,win,228.14368615621038,152.0957907708069,228.14368615621038,long,1375963200000000000,1376308800000000000,XAUUSD_H6
22739,22931,win,269.4976815474034,179.66512103160227,269.4976815474034,long,1376582400000000000,1377273600000000000,XAUUSD_H8
23003,23043,win,269.4976815474034,179.66512103160227,269.4976815474034,long,1377532800000000000,1377676800000000000,XAUUSD_H8
23197,23215,loss,-152.0957907708069,152.0957907708069,228.14368615621038,long,1378231200000000000,1378296000000000000,XAUUSD_H6
23555,23603,loss,-179.66512103160227,179.66512103160227,269.4976815474034,long,1379520000000000000,1379692800000000000,XAUUSD_H8
23763,23859,loss,-179.66512103160227,179.66512103160227,269.4976815474034,long,1380268800000000000,1380614400000000000,XAUUSD_H8
24019,24051,loss,-179.66512103160227,179.66512103160227,269.4976815474034,long,1381190400000000000,1381305600000000000,XAUUSD_H8
24243,24371,win,269.4976815474034,179.66512103160227,269.4976815474034,long,1381996800000000000,1382457600000000000,XAUUSD_H8
24443,24579,loss,-179.66512103160227,179.66512103160227,269.4976815474034,long,1382716800000000000,1383206400000000000,XAUUSD_H8
24907,25021,loss,-152.0957907708069,152.0957907708069,228.14368615621038,long,1384387200000000000,1384797600000000000,XAUUSD_H6
25285,25345,loss,-152.0957907708069,152.0957907708069,228.14368615621038,long,1385748000000000000,1385964000000000000,XAUUSD_H6
25537,25591,loss,-152.0957907708069,152.0957907708069,228.14368615621038,long,1386655200000000000,1386849600000000000,XAUUSD_H6
25921,26047,loss,-152.0957907708069,152.0957907708069,228.14368615621038,long,1388037600000000000,1388491200000000000,XAUUSD_H6
26091,26347,win,269.4976815474034,179.66512103160227,269.4976815474034,long,1388649600000000000,1389571200000000000,XAUUSD_H8
26363,26403,loss,-179.66512103160227,179.66512103160227,269.4976815474034,long,1389628800000000000,1389772800000000000,XAUUSD_H8
26459,26587,loss,-179.66512103160227,179.66512103160227,269.4976815474034,long,1389974400000000000,1390435200000000000,XAUUSD_H8
26603,26763,loss,-179.66512103160227,179.66512103160227,269.4976815474034,long,1390492800000000000,1391068800000000000,XAUUSD_H8
27019,27115,win,342.13584072655766,228.0905604843718,342.13584072655766,long,1391990400000000000,1392336000000000000,XAUUSD_H12
27355,27751,win,342.13584072655766,228.0905604843718,342.13584072655766,long,1393200000000000000,1394625600000000000,XAUUSD_H12
27779,27891,loss,-179.66512103160227,179.66512103160227,269.4976815474034,long,1394726400000000000,1395129600000000000,XAUUSD_H8
28307,28547,win,269.4976815474034,179.66512103160227,269.4976815474034,long,1396627200000000000,1397491200000000000,XAUUSD_H8
28803,28947,loss,-179.66512103160227,179.66512103160227,269.4976815474034,long,1398412800000000000,1398931200000000000,XAUUSD_H8
29035,29099,loss,-179.66512103160227,179.66512103160227,269.4976815474034,long,1399248000000000000,1399478400000000000,XAUUSD_H8
29257,29407,loss,-152.0957907708069,152.0957907708069,228.14368615621038,long,1400047200000000000,1400587200000000000,XAUUSD_H6
29811,30043,win,269.4976815474034,179.66512103160227,269.4976815474034,long,1402041600000000000,1402876800000000000,XAUUSD_H8
30123,30131,win,269.4976815474034,179.66512103160227,269.4976815474034,long,1403164800000000000,1403193600000000000,XAUUSD_H8
30151,30967,loss,-228.0905604843718,228.0905604843718,342.13584072655766,long,1403265600000000000,1406203200000000000,XAUUSD_H12
31083,31107,loss,-179.66512103160227,179.66512103160227,269.4976815474034,long,1406620800000000000,1406707200000000000,XAUUSD_H8
31275,31635,loss,-179.66512103160227,179.66512103160227,269.4976815474034,long,1407312000000000000,1408608000000000000,XAUUSD_H8
32779,33091,win,342.13584072655766,228.0905604843718,342.13584072655766,long,1412726400000000000,1413849600000000000,XAUUSD_H12
33515,33587,loss,-179.66512103160227,179.66512103160227,269.4976815474034,long,1415376000000000000,1415635200000000000,XAUUSD_H8
33679,34015,loss,-228.0905604843718,228.0905604843718,342.13584072655766,long,1415966400000000000,1417176000000000000,XAUUSD_H12
34087,34183,loss,-228.0905604843718,228.0905604843718,342.13584072655766,long,1417435200000000000,1417780800000000000,XAUUSD_H12
34275,34427,loss,-179.66512103160227,179.66512103160227,269.4976815474034,long,1418112000000000000,1418659200000000000,XAUUSD_H8
34779,34851,loss,-179.66512103160227,179.66512103160227,269.4976815474034,long,1419926400000000000,1420185600000000000,XAUUSD_H8
34939,35099,win,269.4976815474034,179.66512103160227,269.4976815474034,long,1420502400000000000,1421078400000000000,XAUUSD_H8
35101,35167,win,228.14368615621038,152.0957907708069,228.14368615621038,long,1421085600000000000,1421323200000000000,XAUUSD_H6
35187,35283,win,269.4976815474034,179.66512103160227,269.4976815474034,long,1421395200000000000,1421740800000000000,XAUUSD_H8
35339,35427,loss,-179.66512103160227,179.66512103160227,269.4976815474034,long,1421942400000000000,1422259200000000000,XAUUSD_H8
36169,36283,loss,-152.0957907708069,152.0957907708069,228.14368615621038,long,1424930400000000000,1425340800000000000,XAUUSD_H6
36699,36843,win,269.4976815474034,179.66512103160227,269.4976815474034,long,1426838400000000000,1427356800000000000,XAUUSD_H8
37099,37163,loss,-179.66512103160227,179.66512103160227,269.4976815474034,long,1428278400000000000,1428508800000000000,XAUUSD_H8
37615,37687,loss,-152.0957907708069,152.0957907708069,228.14368615621038,long,1430136000000000000,1430395200000000000,XAUUSD_H6
37995,38115,win,269.4976815474034,179.66512103160227,269.4976815474034,long,1431504000000000000,1431936000000000000,XAUUSD_H8
38665,39055,loss,-152.0957907708069,152.0957907708069,228.14368615621038,long,1433916000000000000,1435320000000000000,XAUUSD_H6
39793,39865,loss,-152.0957907708069,152.0957907708069,228.14368615621038,long,1437976800000000000,1438236000000000000,XAUUSD_H6
40135,40195,win,228.14368615621038,152.0957907708069,228.14368615621038,long,1439208000000000000,1439424000000000000,XAUUSD_H6
40345,40375,win,228.14368615621038,152.0957907708069,228.14368615621038,long,1439964000000000000,1440072000000000000,XAUUSD_H6
40459,40477,loss,-152.0957907708069,152.0957907708069,228.14368615621038,long,1440374400000000000,1440439200000000000,XAUUSD_H6
40651,40711,loss,-152.0957907708069,152.0957907708069,228.14368615621038,long,1441065600000000000,1441281600000000000,XAUUSD_H6
41019,41067,win,269.4976815474034,179.66512103160227,269.4976815474034,long,1442390400000000000,1442563200000000000,XAUUSD_H8
41219,41307,loss,-179.66512103160227,179.66512103160227,269.4976815474034,long,1443110400000000000,1443427200000000000,XAUUSD_H8
41413,41641,win,228.14368615621038,152.0957907708069,228.14368615621038,long,1443808800000000000,1444629600000000000,XAUUSD_H6
41671,41701,win,228.14368615621038,152.0957907708069,228.14368615621038,long,1444737600000000000,1444845600000000000,XAUUSD_H6
42027,42035,loss,-179.66512103160227,179.66512103160227,269.4976815474034,long,1446019200000000000,1446048000000000000,XAUUSD_H8
42475,42499,loss,-179.66512103160227,179.66512103160227,269.4976815474034,long,1447632000000000000,1447718400000000000,XAUUSD_H8
42577,42643,loss,-152.0957907708069,152.0957907708069,228.14368615621038,long,1447999200000000000,1448236800000000000,XAUUSD_H6
42919,43087,loss,-228.0905604843718,228.0905604843718,342.13584072655766,long,1449230400000000000,1449835200000000000,XAUUSD_H12
43323,43723,win,269.4976815474034,179.66512103160227,269.4976815474034,long,1450684800000000000,1452124800000000000,XAUUSD_H8
43735,43855,loss,-152.0957907708069,152.0957907708069,228.14368615621038,long,1452168000000000000,1452600000000000000,XAUUSD_H6
44043,44219,win,269.4976815474034,179.66512103160227,269.4976815474034,long,1453276800000000000,1453910400000000000,XAUUSD_H8
44339,44411,win,269.4976815474034,179.66512103160227,269.4976815474034,long,1454342400000000000,1454601600000000000,XAUUSD_H8
44413,44503,win,228.14368615621038,152.0957907708069,228.14368615621038,long,1454608800000000000,1454932800000000000,XAUUSD_H6
44515,44569,win,228.14368615621038,152.0957907708069,228.14368615621038,long,1454976000000000000,1455170400000000000,XAUUSD_H6
44883,44899,loss,-179.66512103160227,179.66512103160227,269.4976815474034,long,1456300800000000000,1456358400000000000,XAUUSD_H8
45079,45247,loss,-228.0905604843718,228.0905604843718,342.13584072655766,long,1457006400000000000,1457611200000000000,XAUUSD_H12
45409,45439,loss,-152.0957907708069,152.0957907708069,228.14368615621038,long,1458194400000000000,1458302400000000000,XAUUSD_H6
45709,45733,loss,-152.0957907708069,152.0957907708069,228.14368615621038,long,1459274400000000000,1459360800000000000,XAUUSD_H6
45913,46021,win,228.14368615621038,152.0957907708069,228.14368615621038,long,1460008800000000000,1460397600000000000,XAUUSD_H6
46207,46285,loss,-152.0957907708069,152.0957907708069,228.14368615621038,long,1461067200000000000,1461348000000000000,XAUUSD_H6
46417,46447,win,228.14368615621038,152.0957907708069,228.14368615621038,long,1461823200000000000,1461931200000000000,XAUUSD_H6
46531,46567,loss,-228.0905604843718,228.0905604843718,342.13584072655766,long,1462233600000000000,1462363200000000000,XAUUSD_H12
46849,46909,loss,-152.0957907708069,152.0957907708069,228.14368615621038,long,1463378400000000000,1463594400000000000,XAUUSD_H6
47283,47411,win,269.4976815474034,179.66512103160227,269.4976815474034,long,1464940800000000000,1465401600000000000,XAUUSD_H8
47431,47551,win,228.14368615621038,152.0957907708069,228.14368615621038,long,1465473600000000000,1465905600000000000,XAUUSD_H6
47575,47719,loss,-228.0905604843718,228.0905604843718,342.13584072655766,long,1465992000000000000,1466510400000000000,XAUUSD_H12
47947,48019,win,228.14368615621038,152.0957907708069,228.14368615621038,long,1467331200000000000,1467590400000000000,XAUUSD_H6
48061,48127,loss,-152.0957907708069,152.0957907708069,228.14368615621038,long,1467741600000000000,1467979200000000000,XAUUSD_H6
48583,49363,loss,-228.0905604843718,228.0905604843718,342.13584072655766,long,1469620800000000000,1472428800000000000,XAUUSD_H12
49547,49803,loss,-179.66512103160227,179.66512103160227,269.4976815474034,long,1473091200000000000,1474012800000000000,XAUUSD_H8
49923,50219,loss,-179.66512103160227,179.66512103160227,269.4976815474034,long,1474444800000000000,1475510400000000000,XAUUSD_H8
50563,50923,win,342.13584072655766,228.0905604843718,342.13584072655766,long,1476748800000000000,1478044800000000000,XAUUSD_H12
50947,51051,loss,-179.66512103160227,179.66512103160227,269.4976815474034,long,1478131200000000000,1478505600000000000,XAUUSD_H8
51091,51097,loss,-152.0957907708069,152.0957907708069,228.14368615621038,long,1478649600000000000,1478671200000000000,XAUUSD_H6
52291,52459,win,269.4976815474034,179.66512103160227,269.4976815474034,long,1482969600000000000,1483574400000000000,XAUUSD_H8
52471,52633,win,228.14368615621038,152.0957907708069,228.14368615621038,long,1483617600000000000,1484200800000000000,XAUUSD_H6
52723,52975,loss,-152.0957907708069,152.0957907708069,228.14368615621038,long,1484524800000000000,1485432000000000000,XAUUSD_H6
53083,53143,win,228.14368615621038,152.0957907708069,228.14368615621038,long,1485820800000000000,1486036800000000000,XAUUSD_H6
53227,53647,win,228.14368615621038,152.0957907708069,228.14368615621038,long,1486339200000000000,1487851200000000000,XAUUSD_H6
53743,53779,loss,-152.0957907708069,152.0957907708069,228.14368615621038,long,1488196800000000000,1488326400000000000,XAUUSD_H6
54131,54275,win,269.4976815474034,179.66512103160227,269.4976815474034,long,1489593600000000000,1490112000000000000,XAUUSD_H8
54403,54803,win,269.4976815474034,179.66512103160227,269.4976815474034,long,1490572800000000000,1492012800000000000,XAUUSD_H8
55513,55639,win,228.14368615621038,152.0957907708069,228.14368615621038,long,1494568800000000000,1495022400000000000,XAUUSD_H6
55771,56115,win,269.4976815474034,179.66512103160227,269.4976815474034,long,1495497600000000000,1496736000000000000,XAUUSD_H8
56139,56171,loss,-179.66512103160227,179.66512103160227,269.4976815474034,long,1496822400000000000,1496937600000000000,XAUUSD_H8
56521,56755,loss,-152.0957907708069,152.0957907708069,228.14368615621038,long,1498197600000000000,1499040000000000000,XAUUSD_H6
56995,57181,win,228.14368615621038,152.0957907708069,228.14368615621038,long,1499904000000000000,1500573600000000000,XAUUSD_H6
57193,57427,win,228.14368615621038,152.0957907708069,228.14368615621038,long,1500616800000000000,1501459200000000000,XAUUSD_H6
57439,57709,win,228.14368615621038,152.0957907708069,228.14368615621038,long,1501502400000000000,1502474400000000000,XAUUSD_H6
57853,58183,win,228.14368615621038,152.0957907708069,228.14368615621038,long,1502992800000000000,1504180800000000000,XAUUSD_H6
58303,58603,loss,-228.0905604843718,228.0905604843718,342.13584072655766,long,1504612800000000000,1505692800000000000,XAUUSD_H12
59107,59547,loss,-179.66512103160227,179.66512103160227,269.4976815474034,long,1507507200000000000,1509091200000000000,XAUUSD_H8
59683,60491,loss,-179.66512103160227,179.66512103160227,269.4976815474034,long,1509580800000000000,1512489600000000000,XAUUSD_H8
60685,60985,win,228.14368615621038,152.0957907708069,228.14368615621038,long,1513188000000000000,1514268000000000000,XAUUSD_H6
61153,61405,win,228.14368615621038,152.0957907708069,228.14368615621038,long,1514872800000000000,1515780000000000000,XAUUSD_H6
61657,61693,win,228.14368615621038,152.0957907708069,228.14368615621038,long,1516687200000000000,1516816800000000000,XAUUSD_H6
62161,62197,win,228.14368615621038,152.0957907708069,228.14368615621038,long,1518501600000000000,1518631200000000000,XAUUSD_H6
62467,62503,loss,-152.0957907708069,152.0957907708069,228.14368615621038,long,1519603200000000000,1519732800000000000,XAUUSD_H6
62635,62911,loss,-152.0957907708069,152.0957907708069,228.14368615621038,long,1520208000000000000,1521201600000000000,XAUUSD_H6
63031,63079,win,228.14368615621038,152.0957907708069,228.14368615621038,long,1521633600000000000,1521806400000000000,XAUUSD_H6
63361,63385,loss,-152.0957907708069,152.0957907708069,228.14368615621038,long,1522821600000000000,1522908000000000000,XAUUSD_H6
63505,63541,win,228.14368615621038,152.0957907708069,228.14368615621038,long,1523340000000000000,1523469600000000000,XAUUSD_H6
63699,63755,loss,-179.66512103160227,179.66512103160227,269.4976815474034,long,1524038400000000000,1524240000000000000,XAUUSD_H8
64147,64351,loss,-152.0957907708069,152.0957907708069,228.14368615621038,long,1525651200000000000,1526385600000000000,XAUUSD_H6
64561,65095,loss,-152.0957907708069,152.0957907708069,228.14368615621038,long,1527141600000000000,1529064000000000000,XAUUSD_H6
65527,65767,loss,-152.0957907708069,152.0957907708069,228.14368615621038,long,1530619200000000000,1531483200000000000,XAUUSD_H6
66051,66203,loss,-179.66512103160227,179.66512103160227,269.4976815474034,long,1532505600000000000,1533052800000000000,XAUUSD_H8
66439,66511,loss,-152.0957907708069,152.0957907708069,228.14368615621038,long,1533902400000000000,1534161600000000000,XAUUSD_H6
66685,66865,win,228.14368615621038,152.0957907708069,228.14368615621038,long,1534788000000000000,1535436000000000000,XAUUSD_H6
67081,67207,loss,-152.0957907708069,152.0957907708069,228.14368615621038,long,1536213600000000000,1536667200000000000,XAUUSD_H6
67237,67573,loss,-152.0957907708069,152.0957907708069,228.14368615621038,long,1536775200000000000,1537984800000000000,XAUUSD_H6
67711,67855,loss,-152.0957907708069,152.0957907708069,228.14368615621038,long,1538481600000000000,1539000000000000000,XAUUSD_H6
67927,68695,loss,-228.0905604843718,228.0905604843718,342.13584072655766,long,1539259200000000000,1542024000000000000,XAUUSD_H12
68779,69227,win,269.4976815474034,179.66512103160227,269.4976815474034,long,1542326400000000000,1543939200000000000,XAUUSD_H8
69259,69707,win,269.4976815474034,179.66512103160227,269.4976815474034,long,1544054400000000000,1545667200000000000,XAUUSD_H8
69771,70531,win,269.4976815474034,179.66512103160227,269.4976815474034,long,1545897600000000000,1548633600000000000,XAUUSD_H8
70547,71067,win,269.4976815474034,179.66512103160227,269.4976815474034,long,1548691200000000000,1550563200000000000,XAUUSD_H8
71473,71773,win,228.14368615621038,152.0957907708069,228.14368615621038,long,1552024800000000000,1553104800000000000,XAUUSD_H6
71779,71797,loss,-152.0957907708069,152.0957907708069,228.14368615621038,long,1553126400000000000,1553191200000000000,XAUUSD_H6
71887,71959,loss,-152.0957907708069,152.0957907708069,228.14368615621038,long,1553515200000000000,1553774400000000000,XAUUSD_H6
72211,72415,loss,-152.0957907708069,152.0957907708069,228.14368615621038,long,1554681600000000000,1555416000000000000,XAUUSD_H6
72643,73495,win,228.14368615621038,152.0957907708069,228.14368615621038,long,1556236800000000000,1559304000000000000,XAUUSD_H6
73597,73663,win,228.14368615621038,152.0957907708069,228.14368615621038,long,1559671200000000000,1559908800000000000,XAUUSD_H6
73801,73957,win,228.14368615621038,152.0957907708069,228.14368615621038,long,1560405600000000000,1560967200000000000,XAUUSD_H6
73975,74083,win,342.13584072655766,228.0905604843718,342.13584072655766,long,1561032000000000000,1561420800000000000,XAUUSD_H12
74461,74485,loss,-152.0957907708069,152.0957907708069,228.14368615621038,long,1562781600000000000,1562868000000000000,XAUUSD_H6
74623,74971,loss,-228.0905604843718,228.0905604843718,342.13584072655766,long,1563364800000000000,1564617600000000000,XAUUSD_H12
74983,75115,win,342.13584072655766,228.0905604843718,342.13584072655766,long,1564660800000000000,1565136000000000000,XAUUSD_H12
75155,75267,win,269.4976815474034,179.66512103160227,269.4976815474034,long,1565280000000000000,1565683200000000000,XAUUSD_H8
75511,75835,loss,-228.0905604843718,228.0905604843718,342.13584072655766,long,1566561600000000000,1567728000000000000,XAUUSD_H12
76187,76347,loss,-179.66512103160227,179.66512103160227,269.4976815474034,long,1568995200000000000,1569571200000000000,XAUUSD_H8
76477,76687,loss,-152.0957907708069,152.0957907708069,228.14368615621038,long,1570039200000000000,1570795200000000000,XAUUSD_H6
76969,77023,win,228.14368615621038,152.0957907708069,228.14368615621038,long,1571810400000000000,1572004800000000000,XAUUSD_H6
77161,77287,loss,-152.0957907708069,152.0957907708069,228.14368615621038,long,1572501600000000000,1572955200000000000,XAUUSD_H6
77497,77767,loss,-152.0957907708069,152.0957907708069,228.14368615621038,long,1573711200000000000,1574683200000000000,XAUUSD_H6
77863,78175,win,228.14368615621038,152.0957907708069,228.14368615621038,long,1575028800000000000,1576152000000000000,XAUUSD_H6
78313,78499,win,228.14368615621038,152.0957907708069,228.14368615621038,long,1576648800000000000,1577318400000000000,XAUUSD_H6
78595,78691,win,228.14368615621038,152.0957907708069,228.14368615621038,long,1577664000000000000,1578009600000000000,XAUUSD_H6
78799,78811,win,342.13584072655766,228.0905604843718,342.13584072655766,long,1578398400000000000,1578441600000000000,XAUUSD_H12
79033,79267,win,228.14368615621038,152.0957907708069,228.14368615621038,long,1579240800000000000,1580083200000000000,XAUUSD_H6
79279,79303,loss,-152.0957907708069,152.0957907708069,228.14368615621038,long,1580126400000000000,1580212800000000000,XAUUSD_H6
79351,79465,loss,-152.0957907708069,152.0957907708069,228.14368615621038,long,1580385600000000000,1580796000000000000,XAUUSD_H6
79609,79807,win,228.14368615621038,152.0957907708069,228.14368615621038,long,1581314400000000000,1582027200000000000,XAUUSD_H6
79835,79875,win,269.4976815474034,179.66512103160227,269.4976815474034,long,1582128000000000000,1582272000000000000,XAUUSD_H8
79945,79957,loss,-152.0957907708069,152.0957907708069,228.14368615621038,long,1582524000000000000,1582567200000000000,XAUUSD_H6
80167,80197,win,228.14368615621038,152.0957907708069,228.14368615621038,long,1583323200000000000,1583431200000000000,XAUUSD_H6
80623,80635,win,228.14368615621038,152.0957907708069,228.14368615621038,long,1584964800000000000,1585008000000000000,XAUUSD_H6
80643,80651,win,269.4976815474034,179.66512103160227,269.4976815474034,long,1585036800000000000,1585065600000000000,XAUUSD_H8
80665,80671,loss,-152.0957907708069,152.0957907708069,228.14368615621038,long,1585116000000000000,1585137600000000000,XAUUSD_H6
80691,80779,loss,-179.66512103160227,179.66512103160227,269.4976815474034,long,1585209600000000000,1585526400000000000,XAUUSD_H8
80887,80959,win,228.14368615621038,152.0957907708069,228.14368615621038,long,1585915200000000000,1586174400000000000,XAUUSD_H6
81027,81131,win,269.4976815474034,179.66512103160227,269.4976815474034,long,1586419200000000000,1586793600000000000,XAUUSD_H8
81139,81151,win,228.14368615621038,152.0957907708069,228.14368615621038,long,1586822400000000000,1586865600000000000,XAUUSD_H6
81343,81367,win,228.14368615621038,152.0957907708069,228.14368615621038,long,1587556800000000000,1587643200000000000,XAUUSD_H6
81385,81397,loss,-152.0957907708069,152.0957907708069,228.14368615621038,long,1587708000000000000,1587751200000000000,XAUUSD_H6
81703,81799,loss,-228.0905604843718,228.0905604843718,342.13584072655766,long,1588852800000000000,1589198400000000000,XAUUSD_H12
81865,81895,win,228.14368615621038,152.0957907708069,228.14368615621038,long,1589436000000000000,1589544000000000000,XAUUSD_H6
81955,81967,loss,-152.0957907708069,152.0957907708069,228.14368615621038,long,1589760000000000000,1589803200000000000,XAUUSD_H6
82227,82347,loss,-179.66512103160227,179.66512103160227,269.4976815474034,long,1590739200000000000,1591171200000000000,XAUUSD_H8
82495,82543,win,228.14368615621038,152.0957907708069,228.14368615621038,long,1591704000000000000,1591876800000000000,XAUUSD_H6
82563,82635,loss,-179.66512103160227,179.66512103160227,269.4976815474034,long,1591948800000000000,1592208000000000000,XAUUSD_H8
82705,82711,loss,-152.0957907708069,152.0957907708069,228.14368615621038,long,1592460000000000000,1592481600000000000,XAUUSD_H6
82731,82811,win,269.4976815474034,179.66512103160227,269.4976815474034,long,1592553600000000000,1592841600000000000,XAUUSD_H8
82827,83019,win,269.4976815474034,179.66512103160227,269.4976815474034,long,1592899200000000000,1593590400000000000,XAUUSD_H8
83171,83499,win,269.4976815474034,179.66512103160227,269.4976815474034,long,1594137600000000000,1595318400000000000,XAUUSD_H8
83527,83575,win,342.13584072655766,228.0905604843718,342.13584072655766,long,1595419200000000000,1595592000000000000,XAUUSD_H12
83683,83839,win,342.13584072655766,228.0905604843718,342.13584072655766,long,1595980800000000000,1596542400000000000,XAUUSD_H12
83857,83887,win,228.14368615621038,152.0957907708069,228.14368615621038,long,1596607200000000000,1596715200000000000,XAUUSD_H6
83907,83915,loss,-179.66512103160227,179.66512103160227,269.4976815474034,long,1596787200000000000,1596816000000000000,XAUUSD_H8
84151,84169,win,228.14368615621038,152.0957907708069,228.14368615621038,long,1597665600000000000,1597730400000000000,XAUUSD_H6
84475,84539,loss,-179.66512103160227,179.66512103160227,269.4976815474034,long,1598832000000000000,1599062400000000000,XAUUSD_H8
84703,84841,win,228.14368615621038,152.0957907708069,228.14368615621038,long,1599652800000000000,1600149600000000000,XAUUSD_H6
85171,85231,win,228.14368615621038,152.0957907708069,228.14368615621038,long,1601337600000000000,1601553600000000000,XAUUSD_H6
85327,85357,loss,-152.0957907708069,152.0957907708069,228.14368615621038,long,1601899200000000000,1602007200000000000,XAUUSD_H6
85411,85519,loss,-228.0905604843718,228.0905604843718,342.13584072655766,long,1602201600000000000,1602590400000000000,XAUUSD_H12
85657,85675,loss,-152.0957907708069,152.0957907708069,228.14368615621038,long,1603087200000000000,1603152000000000000,XAUUSD_H6
85699,85739,loss,-179.66512103160227,179.66512103160227,269.4976815474034,long,1603238400000000000,1603382400000000000,XAUUSD_H8
86017,86035,loss,-152.0957907708069,152.0957907708069,228.14368615621038,long,1604383200000000000,1604448000000000000,XAUUSD_H6
86059,86071,win,342.13584072655766,228.0905604843718,342.13584072655766,long,1604534400000000000,1604577600000000000,XAUUSD_H12
86089,86167,loss,-152.0957907708069,152.0957907708069,228.14368615621038,long,1604642400000000000,1604923200000000000,XAUUSD_H6
86263,86335,loss,-152.0957907708069,152.0957907708069,228.14368615621038,long,1605268800000000000,1605528000000000000,XAUUSD_H6
86691,86739,win,269.4976815474034,179.66512103160227,269.4976815474034,long,1606809600000000000,1606982400000000000,XAUUSD_H8
86749,86833,loss,-152.0957907708069,152.0957907708069,228.14368615621038,long,1607018400000000000,1607320800000000000,XAUUSD_H6
86839,86887,loss,-152.0957907708069,152.0957907708069,228.14368615621038,long,1607342400000000000,1607515200000000000,XAUUSD_H6
87037,87073,win,228.14368615621038,152.0957907708069,228.14368615621038,long,1608055200000000000,1608184800000000000,XAUUSD_H6
87163,87171,loss,-179.66512103160227,179.66512103160227,269.4976815474034,long,1608508800000000000,1608537600000000000,XAUUSD_H8
87331,87337,loss,-152.0957907708069,152.0957907708069,228.14368615621038,long,1609113600000000000,1609135200000000000,XAUUSD_H6
87403,87499,win,342.13584072655766,228.0905604843718,342.13584072655766,long,1609372800000000000,1609718400000000000,XAUUSD_H12
87553,87559,loss,-152.0957907708069,152.0957907708069,228.14368615621038,long,1609912800000000000,1609934400000000000,XAUUSD_H6
87889,87895,loss,-152.0957907708069,152.0957907708069,228.14368615621038,long,1611122400000000000,1611144000000000000,XAUUSD_H6
87899,87939,loss,-179.66512103160227,179.66512103160227,269.4976815474034,long,1611158400000000000,1611302400000000000,XAUUSD_H8
88107,88115,loss,-179.66512103160227,179.66512103160227,269.4976815474034,long,1611907200000000000,1611936000000000000,XAUUSD_H8
88351,88429,loss,-152.0957907708069,152.0957907708069,228.14368615621038,long,1612785600000000000,1613066400000000000,XAUUSD_H6
88681,88759,loss,-152.0957907708069,152.0957907708069,228.14368615621038,long,1613973600000000000,1614254400000000000,XAUUSD_H6
89067,89115,loss,-179.66512103160227,179.66512103160227,269.4976815474034,long,1615363200000000000,1615536000000000000,XAUUSD_H8
89187,89531,loss,-179.66512103160227,179.66512103160227,269.4976815474034,long,1615795200000000000,1617033600000000000,XAUUSD_H8
89599,89767,win,228.14368615621038,152.0957907708069,228.14368615621038,long,1617278400000000000,1617883200000000000,XAUUSD_H6
89929,89959,win,228.14368615621038,152.0957907708069,228.14368615621038,long,1618466400000000000,1618574400000000000,XAUUSD_H6
90019,90055,loss,-228.0905604843718,228.0905604843718,342.13584072655766,long,1618790400000000000,1618920000000000000,XAUUSD_H12
90079,90127,loss,-228.0905604843718,228.0905604843718,342.13584072655766,long,1619006400000000000,1619179200000000000,XAUUSD_H12
90259,90271,loss,-152.0957907708069,152.0957907708069,228.14368615621038,long,1619654400000000000,1619697600000000000,XAUUSD_H6
90367,90463,win,342.13584072655766,228.0905604843718,342.13584072655766,long,1620043200000000000,1620388800000000000,XAUUSD_H12
90523,90587,loss,-179.66512103160227,179.66512103160227,269.4976815474034,long,1620604800000000000,1620835200000000000,XAUUSD_H8
90631,90751,win,342.13584072655766,228.0905604843718,342.13584072655766,long,1620993600000000000,1621425600000000000,XAUUSD_H12
90795,91051,win,269.4976815474034,179.66512103160227,269.4976815474034,long,1621584000000000000,1622505600000000000,XAUUSD_H8
91291,91307,loss,-179.66512103160227,179.66512103160227,269.4976815474034,long,1623369600000000000,1623427200000000000,XAUUSD_H8
91801,91897,win,228.14368615621038,152.0957907708069,228.14368615621038,long,1625205600000000000,1625551200000000000,XAUUSD_H6
91945,91957,loss,-152.0957907708069,152.0957907708069,228.14368615621038,long,1625724000000000000,1625767200000000000,XAUUSD_H6
92089,92215,loss,-152.0957907708069,152.0957907708069,228.14368615621038,long,1626242400000000000,1626696000000000000,XAUUSD_H6
92443,92643,loss,-179.66512103160227,179.66512103160227,269.4976815474034,long,1627516800000000000,1628236800000000000,XAUUSD_H8
92785,92821,win,228.14368615621038,152.0957907708069,228.14368615621038,long,1628748000000000000,1628877600000000000,XAUUSD_H6
92899,93319,win,342.13584072655766,228.0905604843718,342.13584072655766,long,1629158400000000000,1630670400000000000,XAUUSD_H12
93763,93787,loss,-152.0957907708069,152.0957907708069,228.14368615621038,long,1632268800000000000,1632355200000000000,XAUUSD_H6
93967,94159,win,228.14368615621038,152.0957907708069,228.14368615621038,long,1633003200000000000,1633694400000000000,XAUUSD_H6
94279,94327,loss,-228.0905604843718,228.0905604843718,342.13584072655766,long,1634126400000000000,1634299200000000000,XAUUSD_H12
94459,94495,win,228.14368615621038,152.0957907708069,228.14368615621038,long,1634774400000000000,1634904000000000000,XAUUSD_H6
94567,94591,loss,-228.0905604843718,228.0905604843718,342.13584072655766,long,1635163200000000000,1635249600000000000,XAUUSD_H12
94803,94899,win,269.4976815474034,179.66512103160227,269.4976815474034,long,1636012800000000000,1636358400000000000,XAUUSD_H8
94963,95227,loss,-228.0905604843718,228.0905604843718,342.13584072655766,long,1636588800000000000,1637539200000000000,XAUUSD_H12
95329,95341,loss,-152.0957907708069,152.0957907708069,228.14368615621038,long,1637906400000000000,1637949600000000000,XAUUSD_H6
95611,95667,loss,-179.66512103160227,179.66512103160227,269.4976815474034,long,1638921600000000000,1639123200000000000,XAUUSD_H8
95811,96099,win,269.4976815474034,179.66512103160227,269.4976815474034,long,1639641600000000000,1640678400000000000,XAUUSD_H8
96163,96251,loss,-179.66512103160227,179.66512103160227,269.4976815474034,long,1640908800000000000,1641225600000000000,XAUUSD_H8
96439,96631,win,228.14368615621038,152.0957907708069,228.14368615621038,long,1641902400000000000,1642593600000000000,XAUUSD_H6
96655,96673,loss,-152.0957907708069,152.0957907708069,228.14368615621038,long,1642680000000000000,1642744800000000000,XAUUSD_H6
96751,96799,loss,-228.0905604843718,228.0905604843718,342.13584072655766,long,1643025600000000000,1643198400000000000,XAUUSD_H12
96967,96991,loss,-152.0957907708069,152.0957907708069,228.14368615621038,long,1643803200000000000,1643889600000000000,XAUUSD_H6
97009,97015,loss,-152.0957907708069,152.0957907708069,228.14368615621038,long,1643954400000000000,1643976000000000000,XAUUSD_H6
97075,97183,win,342.13584072655766,228.0905604843718,342.13584072655766,long,1644192000000000000,1644580800000000000,XAUUSD_H12
97187,97323,win,269.4976815474034,179.66512103160227,269.4976815474034,long,1644595200000000000,1645084800000000000,XAUUSD_H8
97347,97483,win,269.4976815474034,179.66512103160227,269.4976815474034,long,1645171200000000000,1645660800000000000,XAUUSD_H8
97681,97693,win,228.14368615621038,152.0957907708069,228.14368615621038,long,1646373600000000000,1646416800000000000,XAUUSD_H6
97763,97787,win,269.4976815474034,179.66512103160227,269.4976815474034,long,1646668800000000000,1646755200000000000,XAUUSD_H8
97795,97801,loss,-152.0957907708069,152.0957907708069,228.14368615621038,long,1646784000000000000,1646805600000000000,XAUUSD_H6
98149,98257,loss,-152.0957907708069,152.0957907708069,228.14368615621038,long,1648058400000000000,1648447200000000000,XAUUSD_H6
98587,98755,win,342.13584072655766,228.0905604843718,342.13584072655766,long,1649635200000000000,1650240000000000000,XAUUSD_H12
99025,99037,loss,-152.0957907708069,152.0957907708069,228.14368615621038,long,1651212000000000000,1651255200000000000,XAUUSD_H6
99507,99603,win,269.4976815474034,179.66512103160227,269.4976815474034,long,1652947200000000000,1653292800000000000,XAUUSD_H8
99627,99659,loss,-179.66512103160227,179.66512103160227,269.4976815474034,long,1653379200000000000,1653494400000000000,XAUUSD_H8
99847,99943,loss,-228.0905604843718,228.0905604843718,342.13584072655766,long,1654171200000000000,1654516800000000000,XAUUSD_H12
100039,100111,loss,-228.0905604843718,228.0905604843718,342.13584072655766,long,1654862400000000000,1655121600000000000,XAUUSD_H12
100189,100207,loss,-152.0957907708069,152.0957907708069,228.14368615621038,long,1655402400000000000,1655467200000000000,XAUUSD_H6
101027,101187,win,269.4976815474034,179.66512103160227,269.4976815474034,long,1658419200000000000,1658995200000000000,XAUUSD_H8
101195,101307,win,269.4976815474034,179.66512103160227,269.4976815474034,long,1659024000000000000,1659427200000000000,XAUUSD_H8
101359,101383,loss,-228.0905604843718,228.0905604843718,342.13584072655766,long,1659614400000000000,1659700800000000000,XAUUSD_H12
101467,101671,loss,-228.0905604843718,228.0905604843718,342.13584072655766,long,1660003200000000000,1660737600000000000,XAUUSD_H12
101851,101887,loss,-152.0957907708069,152.0957907708069,228.14368615621038,long,1661385600000000000,1661515200000000000,XAUUSD_H6
102211,102319,loss,-228.0905604843718,228.0905604843718,342.13584072655766,long,1662681600000000000,1663070400000000000,XAUUSD_H12
102685,102697,loss,-152.0957907708069,152.0957907708069,228.14368615621038,long,1664388000000000000,1664431200000000000,XAUUSD_H6
102709,102799,win,228.14368615621038,152.0957907708069,228.14368615621038,long,1664474400000000000,1664798400000000000,XAUUSD_H6
102859,102891,loss,-179.66512103160227,179.66512103160227,269.4976815474034,long,1665014400000000000,1665129600000000000,XAUUSD_H8
103237,103327,loss,-152.0957907708069,152.0957907708069,228.14368615621038,long,1666375200000000000,1666699200000000000,XAUUSD_H6
103339,103387,loss,-228.0905604843718,228.0905604843718,342.13584072655766,long,1666742400000000000,1666915200000000000,XAUUSD_H12
103563,103667,win,269.4976815474034,179.66512103160227,269.4976815474034,long,1667548800000000000,1667923200000000000,XAUUSD_H8
103699,103715,win,269.4976815474034,179.66512103160227,269.4976815474034,long,1668038400000000000,1668096000000000000,XAUUSD_H8
103837,103867,loss,-152.0957907708069,152.0957907708069,228.14368615621038,long,1668535200000000000,1668643200000000000,XAUUSD_H6
104035,104149,loss,-152.0957907708069,152.0957907708069,228.14368615621038,long,1669248000000000000,1669658400000000000,XAUUSD_H6
104179,104215,win,342.13584072655766,228.0905604843718,342.13584072655766,long,1669766400000000000,1669896000000000000,XAUUSD_H12
104243,104315,loss,-179.66512103160227,179.66512103160227,269.4976815474034,long,1669996800000000000,1670256000000000000,XAUUSD_H8
104395,104485,loss,-152.0957907708069,152.0957907708069,228.14368615621038,long,1670544000000000000,1670868000000000000,XAUUSD_H6
104499,104539,loss,-179.66512103160227,179.66512103160227,269.4976815474034,long,1670918400000000000,1671062400000000000,XAUUSD_H8
104665,104725,loss,-152.0957907708069,152.0957907708069,228.14368615621038,long,1671516000000000000,1671732000000000000,XAUUSD_H6
104989,105001,win,228.14368615621038,152.0957907708069,228.14368615621038,long,1672682400000000000,1672725600000000000,XAUUSD_H6
105019,105055,loss,-228.0905604843718,228.0905604843718,342.13584072655766,long,1672790400000000000,1672920000000000000,XAUUSD_H12
105079,105223,win,342.13584072655766,228.0905604843718,342.13584072655766,long,1673006400000000000,1673524800000000000,XAUUSD_H12
105251,105355,loss,-179.66512103160227,179.66512103160227,269.4976815474034,long,1673625600000000000,1674000000000000000,XAUUSD_H8
105363,105371,loss,-179.66512103160227,179.66512103160227,269.4976815474034,long,1674028800000000000,1674057600000000000,XAUUSD_H8
105391,105667,loss,-228.0905604843718,228.0905604843718,342.13584072655766,long,1674129600000000000,1675123200000000000,XAUUSD_H12
105703,105727,loss,-228.0905604843718,228.0905604843718,342.13584072655766,long,1675252800000000000,1675339200000000000,XAUUSD_H12
105889,105901,loss,-152.0957907708069,152.0957907708069,228.14368615621038,long,1675922400000000000,1675965600000000000,XAUUSD_H6
106363,106429,win,228.14368615621038,152.0957907708069,228.14368615621038,long,1677628800000000000,1677866400000000000,XAUUSD_H6
106591,106663,win,342.13584072655766,228.0905604843718,342.13584072655766,long,1678449600000000000,1678708800000000000,XAUUSD_H12
106707,106723,loss,-179.66512103160227,179.66512103160227,269.4976815474034,long,1678867200000000000,1678924800000000000,XAUUSD_H8
106731,106755,win,269.4976815474034,179.66512103160227,269.4976815474034,long,1678953600000000000,1679040000000000000,XAUUSD_H8
106903,106987,loss,-228.0905604843718,228.0905604843718,342.13584072655766,long,1679572800000000000,1679875200000000000,XAUUSD_H12
107077,107155,loss,-152.0957907708069,152.0957907708069,228.14368615621038,long,1680199200000000000,1680480000000000000,XAUUSD_H6
107167,107191,win,228.14368615621038,152.0957907708069,228.14368615621038,long,1680523200000000000,1680609600000000000,XAUUSD_H6
107195,107243,loss,-179.66512103160227,179.66512103160227,269.4976815474034,long,1680624000000000000,1680796800000000000,XAUUSD_H8
107395,107431,loss,-228.0905604843718,228.0905604843718,342.13584072655766,long,1681344000000000000,1681473600000000000,XAUUSD_H12
107863,107899,win,342.13584072655766,228.0905604843718,342.13584072655766,long,1683028800000000000,1683158400000000000,XAUUSD_H12
108555,108667,loss,-179.66512103160227,179.66512103160227,269.4976815474034,long,1685520000000000000,1685923200000000000,XAUUSD_H8
108751,108847,loss,-152.0957907708069,152.0957907708069,228.14368615621038,long,1686225600000000000,1686571200000000000,XAUUSD_H6
109351,109405,loss,-152.0957907708069,152.0957907708069,228.14368615621038,long,1688385600000000000,1688580000000000000,XAUUSD_H6
109447,109519,loss,-152.0957907708069,152.0957907708069,228.14368615621038,long,1688731200000000000,1688990400000000000,XAUUSD_H6
109531,109711,win,342.13584072655766,228.0905604843718,342.13584072655766,long,1689033600000000000,1689681600000000000,XAUUSD_H12
109747,109763,loss,-179.66512103160227,179.66512103160227,269.4976815474034,long,1689811200000000000,1689868800000000000,XAUUSD_H8
109897,109927,loss,-152.0957907708069,152.0957907708069,228.14368615621038,long,1690351200000000000,1690459200000000000,XAUUSD_H6
110569,110719,win,228.14368615621038,152.0957907708069,228.14368615621038,long,1692770400000000000,1693310400000000000,XAUUSD_H6
110755,110891,loss,-179.66512103160227,179.66512103160227,269.4976815474034,long,1693440000000000000,1693929600000000000,XAUUSD_H8
111127,111379,loss,-152.0957907708069,152.0957907708069,228.14368615621038,long,1694779200000000000,1695686400000000000,XAUUSD_H6
111691,111763,win,269.4976815474034,179.66512103160227,269.4976815474034,long,1696809600000000000,1697068800000000000,XAUUSD_H8
111787,111795,win,269.4976815474034,179.66512103160227,269.4976815474034,long,1697155200000000000,1697184000000000000,XAUUSD_H8
111871,111919,win,342.13584072655766,228.0905604843718,342.13584072655766,long,1697457600000000000,1697630400000000000,XAUUSD_H12
111931,111955,win,342.13584072655766,228.0905604843718,342.13584072655766,long,1697673600000000000,1697760000000000000,XAUUSD_H12
112027,112063,loss,-228.0905604843718,228.0905604843718,342.13584072655766,long,1698019200000000000,1698148800000000000,XAUUSD_H12
112099,112387,loss,-228.0905604843718,228.0905604843718,342.13584072655766,long,1698278400000000000,1699315200000000000,XAUUSD_H12
112567,112621,win,228.14368615621038,152.0957907708069,228.14368615621038,long,1699963200000000000,1700157600000000000,XAUUSD_H6
112723,112867,win,228.14368615621038,152.0957907708069,228.14368615621038,long,1700524800000000000,1701043200000000000,XAUUSD_H6
112885,112909,win,228.14368615621038,152.0957907708069,228.14368615621038,long,1701108000000000000,1701194400000000000,XAUUSD_H6
112927,113035,win,342.13584072655766,228.0905604843718,342.13584072655766,long,1701259200000000000,1701648000000000000,XAUUSD_H12
113269,113467,win,228.14368615621038,152.0957907708069,228.14368615621038,long,1702490400000000000,1703203200000000000,XAUUSD_H6
113473,113599,win,228.14368615621038,152.0957907708069,228.14368615621038,long,1703224800000000000,1703678400000000000,XAUUSD_H6
113611,113623,loss,-152.0957907708069,152.0957907708069,228.14368615621038,long,1703721600000000000,1703764800000000000,XAUUSD_H6
113979,114075,loss,-179.66512103160227,179.66512103160227,269.4976815474034,long,1705046400000000000,1705392000000000000,XAUUSD_H8
114387,114467,win,269.4976815474034,179.66512103160227,269.4976815474034,long,1706515200000000000,1706803200000000000,XAUUSD_H8
114883,115135,win,228.14368615621038,152.0957907708069,228.14368615621038,long,1708300800000000000,1709208000000000000,XAUUSD_H6
115159,115231,win,228.14368615621038,152.0957907708069,228.14368615621038,long,1709294400000000000,1709553600000000000,XAUUSD_H6
115261,115285,win,228.14368615621038,152.0957907708069,228.14368615621038,long,1709661600000000000,1709748000000000000,XAUUSD_H6
115309,115327,win,228.14368615621038,152.0957907708069,228.14368615621038,long,1709834400000000000,1709899200000000000,XAUUSD_H6
115615,115627,win,342.13584072655766,228.0905604843718,342.13584072655766,long,1710936000000000000,1710979200000000000,XAUUSD_H12
115789,115813,win,228.14368615621038,152.0957907708069,228.14368615621038,long,1711562400000000000,1711648800000000000,XAUUSD_H6
115915,115939,win,269.4976815474034,179.66512103160227,269.4976815474034,long,1712016000000000000,1712102400000000000,XAUUSD_H8
115975,115987,loss,-152.0957907708069,152.0957907708069,228.14368615621038,long,1712232000000000000,1712275200000000000,XAUUSD_H6
115999,116059,loss,-228.0905604843718,228.0905604843718,342.13584072655766,long,1712318400000000000,1712534400000000000,XAUUSD_H12
116083,116123,loss,-179.66512103160227,179.66512103160227,269.4976815474034,long,1712620800000000000,1712764800000000000,XAUUSD_H8
116143,116167,loss,-228.0905604843718,228.0905604843718,342.13584072655766,long,1712836800000000000,1712923200000000000,XAUUSD_H12
116497,116503,loss,-152.0957907708069,152.0957907708069,228.14368615621038,long,1714111200000000000,1714132800000000000,XAUUSD_H6
116811,116827,win,269.4976815474034,179.66512103160227,269.4976815474034,long,1715241600000000000,1715299200000000000,XAUUSD_H8
116953,116959,loss,-152.0957907708069,152.0957907708069,228.14368615621038,long,1715752800000000000,1715774400000000000,XAUUSD_H6
117003,117011,win,269.4976815474034,179.66512103160227,269.4976815474034,long,1715932800000000000,1715961600000000000,XAUUSD_H8
117467,117499,win,269.4976815474034,179.66512103160227,269.4976815474034,long,1717603200000000000,1717718400000000000,XAUUSD_H8
117793,117823,win,228.14368615621038,152.0957907708069,228.14368615621038,long,1718776800000000000,1718884800000000000,XAUUSD_H6
118011,118139,win,269.4976815474034,179.66512103160227,269.4976815474034,long,1719561600000000000,1720022400000000000,XAUUSD_H8
118171,118187,win,269.4976815474034,179.66512103160227,269.4976815474034,long,1720137600000000000,1720195200000000000,XAUUSD_H8
118323,118427,win,269.4976815474034,179.66512103160227,269.4976815474034,long,1720684800000000000,1721059200000000000,XAUUSD_H8
118435,118451,win,269.4976815474034,179.66512103160227,269.4976815474034,long,1721088000000000000,1721145600000000000,XAUUSD_H8
118639,118645,loss,-152.0957907708069,152.0957907708069,228.14368615621038,long,1721822400000000000,1721844000000000000,XAUUSD_H6
118789,118813,win,228.14368615621038,152.0957907708069,228.14368615621038,long,1722362400000000000,1722448800000000000,XAUUSD_H6
118827,118859,loss,-179.66512103160227,179.66512103160227,269.4976815474034,long,1722499200000000000,1722614400000000000,XAUUSD_H8
119005,119095,win,228.14368615621038,152.0957907708069,228.14368615621038,long,1723140000000000000,1723464000000000000,XAUUSD_H6
119115,119147,loss,-179.66512103160227,179.66512103160227,269.4976815474034,long,1723536000000000000,1723651200000000000,XAUUSD_H8
119187,119283,win,269.4976815474034,179.66512103160227,269.4976815474034,long,1723795200000000000,1724140800000000000,XAUUSD_H8
119419,119479,loss,-228.0905604843718,228.0905604843718,342.13584072655766,long,1724630400000000000,1724846400000000000,XAUUSD_H12
119515,119527,loss,-228.0905604843718,228.0905604843718,342.13584072655766,long,1724976000000000000,1725019200000000000,XAUUSD_H12
119665,119701,loss,-152.0957907708069,152.0957907708069,228.14368615621038,long,1725516000000000000,1725645600000000000,XAUUSD_H6
119803,119815,loss,-228.0905604843718,228.0905604843718,342.13584072655766,long,1726012800000000000,1726056000000000000,XAUUSD_H12
119835,119843,win,269.4976815474034,179.66512103160227,269.4976815474034,long,1726128000000000000,1726156800000000000,XAUUSD_H8
120019,120035,win,269.4976815474034,179.66512103160227,269.4976815474034,long,1726790400000000000,1726848000000000000,XAUUSD_H8
120169,120199,loss,-152.0957907708069,152.0957907708069,228.14368615621038,long,1727330400000000000,1727438400000000000,XAUUSD_H6
120535,120649,win,228.14368615621038,152.0957907708069,228.14368615621038,long,1728648000000000000,1729058400000000000,XAUUSD_H6
120667,120691,win,228.14368615621038,152.0957907708069,228.14368615621038,long,1729123200000000000,1729209600000000000,XAUUSD_H6
120787,120827,loss,-179.66512103160227,179.66512103160227,269.4976815474034,long,1729555200000000000,1729699200000000000,XAUUSD_H8
120955,120979,win,342.13584072655766,228.0905604843718,342.13584072655766,long,1730160000000000000,1730246400000000000,XAUUSD_H12
120995,121011,loss,-179.66512103160227,179.66512103160227,269.4976815474034,long,1730304000000000000,1730361600000000000,XAUUSD_H8
121447,121471,win,228.14368615621038,152.0957907708069,228.14368615621038,long,1731931200000000000,1732017600000000000,XAUUSD_H6
121477,121501,win,228.14368615621038,152.0957907708069,228.14368615621038,long,1732039200000000000,1732125600000000000,XAUUSD_H6
121699,121771,loss,-152.0957907708069,152.0957907708069,228.14368615621038,long,1732838400000000000,1733097600000000000,XAUUSD_H6
121945,121975,win,228.14368615621038,152.0957907708069,228.14368615621038,long,1733724000000000000,1733832000000000000,XAUUSD_H6
121995,122027,loss,-179.66512103160227,179.66512103160227,269.4976815474034,long,1733904000000000000,1734019200000000000,XAUUSD_H8
122359,122383,loss,-152.0957907708069,152.0957907708069,228.14368615621038,long,1735214400000000000,1735300800000000000,XAUUSD_H6
122515,122539,win,269.4976815474034,179.66512103160227,269.4976815474034,long,1735776000000000000,1735862400000000000,XAUUSD_H8
122643,122651,loss,-179.66512103160227,179.66512103160227,269.4976815474034,long,1736236800000000000,1736265600000000000,XAUUSD_H8
122667,122723,win,269.4976815474034,179.66512103160227,269.4976815474034,long,1736323200000000000,1736524800000000000,XAUUSD_H8
122835,122867,win,269.4976815474034,179.66512103160227,269.4976815474034,long,1736928000000000000,1737043200000000000,XAUUSD_H8
122971,122995,win,269.4976815474034,179.66512103160227,269.4976815474034,long,1737417600000000000,1737504000000000000,XAUUSD_H8
123035,123051,win,269.4976815474034,179.66512103160227,269.4976815474034,long,1737648000000000000,1737705600000000000,XAUUSD_H8
123193,123205,win,228.14368615621038,152.0957907708069,228.14368615621038,long,1738216800000000000,1738260000000000000,XAUUSD_H6
123291,123323,win,269.4976815474034,179.66512103160227,269.4976815474034,long,1738569600000000000,1738684800000000000,XAUUSD_H8
123347,123363,loss,-179.66512103160227,179.66512103160227,269.4976815474034,long,1738771200000000000,1738828800000000000,XAUUSD_H8
123379,123451,win,342.13584072655766,228.0905604843718,342.13584072655766,long,1738886400000000000,1739145600000000000,XAUUSD_H12
123457,123475,win,228.14368615621038,152.0957907708069,228.14368615621038,long,1739167200000000000,1739232000000000000,XAUUSD_H6
123547,123563,loss,-179.66512103160227,179.66512103160227,269.4976815474034,long,1739491200000000000,1739548800000000000,XAUUSD_H8
123655,123823,loss,-228.0905604843718,228.0905604843718,342.13584072655766,long,1739880000000000000,1740484800000000000,XAUUSD_H12
123985,123991,loss,-152.0957907708069,152.0957907708069,228.14368615621038,long,1741068000000000000,1741089600000000000,XAUUSD_H6
123997,124003,loss,-152.0957907708069,152.0957907708069,228.14368615621038,long,1741111200000000000,1741132800000000000,XAUUSD_H6
124009,124015,loss,-152.0957907708069,152.0957907708069,228.14368615621038,long,1741154400000000000,1741176000000000000,XAUUSD_H6
124019,124035,loss,-179.66512103160227,179.66512103160227,269.4976815474034,long,1741190400000000000,1741248000000000000,XAUUSD_H8
124051,124123,loss,-228.0905604843718,228.0905604843718,342.13584072655766,long,1741305600000000000,1741564800000000000,XAUUSD_H12
124183,124207,win,342.13584072655766,228.0905604843718,342.13584072655766,long,1741780800000000000,1741867200000000000,XAUUSD_H12
124291,124327,win,342.13584072655766,228.0905604843718,342.13584072655766,long,1742169600000000000,1742299200000000000,XAUUSD_H12
124357,124375,loss,-152.0957907708069,152.0957907708069,228.14368615621038,long,1742407200000000000,1742472000000000000,XAUUSD_H6
124531,124543,win,228.14368615621038,152.0957907708069,228.14368615621038,long,1743033600000000000,1743076800000000000,XAUUSD_H6
124547,124563,win,269.4976815474034,179.66512103160227,269.4976815474034,long,1743091200000000000,1743148800000000000,XAUUSD_H8
124567,124627,win,228.14368615621038,152.0957907708069,228.14368615621038,long,1743163200000000000,1743379200000000000,XAUUSD_H6
124675,124687,loss,-228.0905604843718,228.0905604843718,342.13584072655766,long,1743552000000000000,1743595200000000000,XAUUSD_H12
124867,124875,loss,-179.66512103160227,179.66512103160227,269.4976815474034,long,1744243200000000000,1744272000000000000,XAUUSD_H8
124879,124891,win,342.13584072655766,228.0905604843718,342.13584072655766,long,1744286400000000000,1744329600000000000,XAUUSD_H12
124979,125011,win,269.4976815474034,179.66512103160227,269.4976815474034,long,1744646400000000000,1744761600000000000,XAUUSD_H8
125131,125139,win,269.4976815474034,179.66512103160227,269.4976815474034,long,1745193600000000000,1745222400000000000,XAUUSD_H8
125479,125485,win,228.14368615621038,152.0957907708069,228.14368615621038,long,1746446400000000000,1746468000000000000,XAUUSD_H6
125491,125503,win,342.13584072655766,228.0905604843718,342.13584072655766,long,1746489600000000000,1746532800000000000,XAUUSD_H12
125809,125815,loss,-152.0957907708069,152.0957907708069,228.14368615621038,long,1747634400000000000,1747656000000000000,XAUUSD_H6
125833,125839,win,228.14368615621038,152.0957907708069,228.14368615621038,long,1747720800000000000,1747742400000000000,XAUUSD_H6
125899,125911,win,342.13584072655766,228.0905604843718,342.13584072655766,long,1747958400000000000,1748001600000000000,XAUUSD_H12
125983,125995,loss,-228.0905604843718,228.0905604843718,342.13584072655766,long,1748260800000000000,1748304000000000000,XAUUSD_H12
126139,126163,win,342.13584072655766,228.0905604843718,342.13584072655766,long,1748822400000000000,1748908800000000000,XAUUSD_H12
126199,126217,loss,-152.0957907708069,152.0957907708069,228.14368615621038,long,1749038400000000000,1749103200000000000,XAUUSD_H6
126379,126385,loss,-152.0957907708069,152.0957907708069,228.14368615621038,long,1749686400000000000,1749708000000000000,XAUUSD_H6
126387,126403,win,269.4976815474034,179.66512103160227,269.4976815474034,long,1749715200000000000,1749772800000000000,XAUUSD_H8
126415,126475,loss,-228.0905604843718,228.0905604843718,342.13584072655766,long,1749816000000000000,1750032000000000000,XAUUSD_H12
126841,126883,win,228.14368615621038,152.0957907708069,228.14368615621038,long,1751349600000000000,1751500800000000000,XAUUSD_H6
127083,127187,loss,-179.66512103160227,179.66512103160227,269.4976815474034,long,1752220800000000000,1752595200000000000,XAUUSD_H8
127323,127355,win,269.4976815474034,179.66512103160227,269.4976815474034,long,1753084800000000000,1753200000000000000,XAUUSD_H8
127587,127651,win,269.4976815474034,179.66512103160227,269.4976815474034,long,1754035200000000000,1754265600000000000,XAUUSD_H8
127657,127663,win,228.14368615621038,152.0957907708069,228.14368615621038,long,1754287200000000000,1754308800000000000,XAUUSD_H6
127687,127705,loss,-152.0957907708069,152.0957907708069,228.14368615621038,long,1754395200000000000,1754460000000000000,XAUUSD_H6
127711,127747,win,228.14368615621038,152.0957907708069,228.14368615621038,long,1754481600000000000,1754611200000000000,XAUUSD_H6
128095,128239,win,342.13584072655766,228.0905604843718,342.13584072655766,long,1755864000000000000,1756382400000000000,XAUUSD_H12
128263,128323,win,228.14368615621038,152.0957907708069,228.14368615621038,long,1756468800000000000,1756684800000000000,XAUUSD_H6
128339,128347,win,269.4976815474034,179.66512103160227,269.4976815474034,long,1756742400000000000,1756771200000000000,XAUUSD_H8
128359,128383,win,342.13584072655766,228.0905604843718,342.13584072655766,long,1756814400000000000,1756900800000000000,XAUUSD_H12
128419,128427,win,269.4976815474034,179.66512103160227,269.4976815474034,long,1757030400000000000,1757059200000000000,XAUUSD_H8
128431,128503,win,342.13584072655766,228.0905604843718,342.13584072655766,long,1757073600000000000,1757332800000000000,XAUUSD_H12
128671,128719,loss,-228.0905604843718,228.0905604843718,342.13584072655766,long,1757937600000000000,1758110400000000000,XAUUSD_H12
128827,128851,win,342.13584072655766,228.0905604843718,342.13584072655766,long,1758499200000000000,1758585600000000000,XAUUSD_H12
128857,128869,loss,-152.0957907708069,152.0957907708069,228.14368615621038,long,1758607200000000000,1758650400000000000,XAUUSD_H6
128875,128887,loss,-228.0905604843718,228.0905604843718,342.13584072655766,long,1758672000000000000,1758715200000000000,XAUUSD_H12
128995,129011,win,269.4976815474034,179.66512103160227,269.4976815474034,long,1759104000000000000,1759161600000000000,XAUUSD_H8
129031,129043,win,342.13584072655766,228.0905604843718,342.13584072655766,long,1759233600000000000,1759276800000000000,XAUUSD_H12
129067,129079,loss,-228.0905604843718,228.0905604843718,342.13584072655766,long,1759363200000000000,1759406400000000000,XAUUSD_H12
129103,129163,win,342.13584072655766,228.0905604843718,342.13584072655766,long,1759492800000000000,1759708800000000000,XAUUSD_H12
129199,129205,loss,-152.0957907708069,152.0957907708069,228.14368615621038,long,1759838400000000000,1759860000000000000,XAUUSD_H6
129241,129247,loss,-152.0957907708069,152.0957907708069,228.14368615621038,long,1759989600000000000,1760011200000000000,XAUUSD_H6
129331,129339,win,269.4976815474034,179.66512103160227,269.4976815474034,long,1760313600000000000,1760342400000000000,XAUUSD_H8
129379,129387,win,269.4976815474034,179.66512103160227,269.4976815474034,long,1760486400000000000,1760515200000000000,XAUUSD_H8
129511,129523,loss,-228.0905604843718,228.0905604843718,342.13584072655766,long,1760961600000000000,1761004800000000000,XAUUSD_H12
130003,130011,win,269.4976815474034,179.66512103160227,269.4976815474034,long,1762732800000000000,1762761600000000000,XAUUSD_H8
130021,130027,win,228.14368615621038,152.0957907708069,228.14368615621038,long,1762797600000000000,1762819200000000000,XAUUSD_H6
130045,130057,loss,-152.0957907708069,152.0957907708069,228.14368615621038,long,1762884000000000000,1762927200000000000,XAUUSD_H6
130059,130067,win,269.4976815474034,179.66512103160227,269.4976815474034,long,1762934400000000000,1762963200000000000,XAUUSD_H8
130355,130371,loss,-179.66512103160227,179.66512103160227,269.4976815474034,long,1764000000000000000,1764057600000000000,XAUUSD_H8
130387,130403,loss,-179.66512103160227,179.66512103160227,269.4976815474034,long,1764115200000000000,1764172800000000000,XAUUSD_H8
130417,130435,win,228.14368615621038,152.0957907708069,228.14368615621038,long,1764223200000000000,1764288000000000000,XAUUSD_H6
130447,130507,win,342.13584072655766,228.0905604843718,342.13584072655766,long,1764331200000000000,1764547200000000000,XAUUSD_H12
130515,130523,loss,-179.66512103160227,179.66512103160227,269.4976815474034,long,1764576000000000000,1764604800000000000,XAUUSD_H8
130759,130771,win,342.13584072655766,228.0905604843718,342.13584072655766,long,1765454400000000000,1765497600000000000,XAUUSD_H12
130777,130783,loss,-152.0957907708069,152.0957907708069,228.14368615621038,long,1765519200000000000,1765540800000000000,XAUUSD_H6
130843,130859,loss,-179.66512103160227,179.66512103160227,269.4976815474034,long,1765756800000000000,1765814400000000000,XAUUSD_H8
130891,130899,loss,-179.66512103160227,179.66512103160227,269.4976815474034,long,1765929600000000000,1765958400000000000,XAUUSD_H8
130903,130927,loss,-228.0905604843718,228.0905604843718,342.13584072655766,long,1765972800000000000,1766059200000000000,XAUUSD_H12
131011,131019,win,269.4976815474034,179.66512103160227,269.4976815474034,long,1766361600000000000,1766390400000000000,XAUUSD_H8
131053,131059,win,228.14368615621038,152.0957907708069,228.14368615621038,long,1766512800000000000,1766534400000000000,XAUUSD_H6
131107,131123,win,269.4976815474034,179.66512103160227,269.4976815474034,long,1766707200000000000,1766764800000000000,XAUUSD_H8
131353,131359,loss,-152.0957907708069,152.0957907708069,228.14368615621038,long,1767592800000000000,1767614400000000000,XAUUSD_H6
131371,131387,win,269.4976815474034,179.66512103160227,269.4976815474034,long,1767657600000000000,1767715200000000000,XAUUSD_H8
131431,131443,loss,-228.0905604843718,228.0905604843718,342.13584072655766,long,1767873600000000000,1767916800000000000,XAUUSD_H12
131451,131459,win,269.4976815474034,179.66512103160227,269.4976815474034,long,1767945600000000000,1767974400000000000,XAUUSD_H8
131521,131527,win,228.14368615621038,152.0957907708069,228.14368615621038,long,1768197600000000000,1768219200000000000,XAUUSD_H6
131547,131555,loss,-179.66512103160227,179.66512103160227,269.4976815474034,long,1768291200000000000,1768320000000000000,XAUUSD_H8
131563,131579,loss,-179.66512103160227,179.66512103160227,269.4976815474034,long,1768348800000000000,1768406400000000000,XAUUSD_H8
131683,131707,win,342.13584072655766,228.0905604843718,342.13584072655766,long,1768780800000000000,1768867200000000000,XAUUSD_H12
131767,131779,loss,-228.0905604843718,228.0905604843718,342.13584072655766,long,1769083200000000000,1769126400000000000,XAUUSD_H12
131791,131797,win,228.14368615621038,152.0957907708069,228.14368615621038,long,1769169600000000000,1769191200000000000,XAUUSD_H6
131875,131891,loss,-179.66512103160227,179.66512103160227,269.4976815474034,long,1769472000000000000,1769529600000000000,XAUUSD_H8
132187,132195,loss,-179.66512103160227,179.66512103160227,269.4976815474034,long,1770595200000000000,1770624000000000000,XAUUSD_H8
132199,132205,loss,-152.0957907708069,152.0957907708069,228.14368615621038,long,1770638400000000000,1770660000000000000,XAUUSD_H6
132217,132223,loss,-152.0957907708069,152.0957907708069,228.14368615621038,long,1770703200000000000,1770724800000000000,XAUUSD_H6
132235,132243,loss,-179.66512103160227,179.66512103160227,269.4976815474034,long,1770768000000000000,1770796800000000000,XAUUSD_H8
132253,132259,loss,-152.0957907708069,152.0957907708069,228.14368615621038,long,1770832800000000000,1770854400000000000,XAUUSD_H6
132439,132445,loss,-152.0957907708069,152.0957907708069,228.14368615621038,long,1771502400000000000,1771524000000000000,XAUUSD_H6
132457,132463,loss,-152.0957907708069,152.0957907708069,228.14368615621038,long,1771567200000000000,1771588800000000000,XAUUSD_H6
132631,132691,win,342.13584072655766,228.0905604843718,342.13584072655766,long,1772193600000000000,1772409600000000000,XAUUSD_H12
132889,132895,loss,-152.0957907708069,152.0957907708069,228.14368615621038,long,1773122400000000000,1773144000000000000,XAUUSD_H6
133371,133379,loss,-179.66512103160227,179.66512103160227,269.4976815474034,long,1774857600000000000,1774886400000000000,XAUUSD_H8
133399,133411,win,342.13584072655766,228.0905604843718,342.13584072655766,long,1774958400000000000,1775001600000000000,XAUUSD_H12
133729,133735,loss,-152.0957907708069,152.0957907708069,228.14368615621038,long,1776146400000000000,1776168000000000000,XAUUSD_H6
133739,133747,loss,-179.66512103160227,179.66512103160227,269.4976815474034,long,1776182400000000000,1776211200000000000,XAUUSD_H8
133803,133811,win,269.4976815474034,179.66512103160227,269.4976815474034,long,1776412800000000000,1776441600000000000,XAUUSD_H8
134251,134259,win,269.4976815474034,179.66512103160227,269.4976815474034,long,1778025600000000000,1778054400000000000,XAUUSD_H8
134275,134283,win,269.4976815474034,179.66512103160227,269.4976815474034,long,1778112000000000000,1778140800000000000,XAUUSD_H8
134383,134395,loss,-228.0905604843718,228.0905604843718,342.13584072655766,long,1778500800000000000,1778544000000000000,XAUUSD_H12
134719,134731,loss,-152.0957907708069,152.0957907708069,228.14368615621038,long,1779710400000000000,1779753600000000000,XAUUSD_H6
134815,134821,loss,-152.0957907708069,152.0957907708069,228.14368615621038,long,1780056000000000000,1780077600000000000,XAUUSD_H6
135211,135219,loss,-179.66512103160227,179.66512103160227,269.4976815474034,long,1781481600000000000,1781510400000000000,XAUUSD_H8
135241,135247,loss,-152.0957907708069,152.0957907708069,228.14368615621038,long,1781589600000000000,1781611200000000000,XAUUSD_H6
135253,135271,win,228.14368615621038,152.0957907708069,228.14368615621038,long,1781632800000000000,1781697600000000000,XAUUSD_H6
135607,135613,loss,-152.0957907708069,152.0957907708069,228.14368615621038,long,1782907200000000000,1782928800000000000,XAUUSD_H6
135627,135643,win,269.4976815474034,179.66512103160227,269.4976815474034,long,1782979200000000000,1783036800000000000,XAUUSD_H8
135747,135755,loss,-179.66512103160227,179.66512103160227,269.4976815474034,long,1783411200000000000,1783440000000000000,XAUUSD_H8
136087,136099,win,228.14368615621038,152.0957907708069,228.14368615621038,long,1784635200000000000,1784678400000000000,XAUUSD_H6
136435,136443,win,269.4976815474034,179.66512103160227,269.4976815474034,long,1785888000000000000,1785916800000000000,XAUUSD_H8
136451,136459,win,269.4976815474034,179.66512103160227,269.4976815474034,long,1785945600000000000,1785974400000000000,XAUUSD_H8
136483,136495,win,342.13584072655766,228.0905604843718,342.13584072655766,long,1786060800000000000,1786104000000000000,XAUUSD_H12
