tf,ind,thr,mode,sl_atr,tp_atr,sl,tp,n,alpha,z_alpha,net,L,S
M30,zscore_fib_55,2.17,reversion,1.87,1.87,40.2,40.2,2229,-2.99,-2.83,-13799.5,"(1169, 46.45, -2.13, np.float64(-1.46))","(1060, 46.32, -3.94, np.float64(-2.57))"
M30,zscore_fib_55,2.17,reversion,1.87,2.24,40.2,48.2,2186,-2.99,-2.82,-13999.8,"(1141, 41.37, -2.69, np.float64(-1.83))","(1045, 42.58, -3.33, np.float64(-2.16))"
M30,zscore_fib_55,2.17,reversion,2.23,2.68,47.9,57.6,2056,-2.35,-2.14,-12285.6,"(1074, 42.36, -1.76, np.float64(-1.16))","(982, 43.38, -3.0, np.float64(-1.88))"
M30,zscore_fib_55,2.17,reversion,1.53,1.91,32.9,41.1,2307,-1.79,-1.72,-11437.4,"(1197, 42.02, -1.21, np.float64(-0.84))","(1110, 42.43, -2.41, np.float64(-1.61))"
M30,zscore_fib_55,2.17,continuation,1.87,1.87,40.2,40.2,2229,2.89,2.73,-3163.1,"(1060, 52.64, 4.06, np.float64(2.64))","(1169, 52.1, 1.83, np.float64(1.25))"
M30,zscore_fib_55,2.17,continuation,1.87,2.24,40.2,48.2,2145,3.27,3.05,-1761.5,"(1025, 48.88, 4.82, np.float64(3.11))","(1120, 47.77, 1.86, np.float64(1.25))"
M30,zscore_fib_55,2.17,continuation,2.23,2.68,47.9,57.6,2016,3.13,2.82,-297.0,"(980, 47.86, 3.73, np.float64(2.35))","(1036, 48.94, 2.56, np.float64(1.65))"
M30,zscore_fib_55,2.17,continuation,1.53,1.91,32.9,41.1,2263,2.81,2.7,-3435.9,"(1078, 47.12, 3.89, np.float64(2.58))","(1185, 46.67, 1.83, np.float64(1.27))"
M30,zscore_fib_55,2.63,reversion,1.87,1.87,40.2,40.2,1487,-4.62,-3.56,-11176.8,"(820, 45.49, -3.1, np.float64(-1.77))","(667, 43.78, -6.49, np.float64(-3.35))"
M30,zscore_fib_55,2.63,reversion,1.87,2.24,40.2,48.2,1476,-4.24,-3.27,-11124.3,"(812, 40.89, -3.17, np.float64(-1.82))","(664, 40.36, -5.55, np.float64(-2.87))"
M30,zscore_fib_55,2.63,reversion,2.23,2.68,47.9,57.6,1428,-2.57,-1.94,-8900.8,"(782, 43.61, -0.52, np.float64(-0.29))","(646, 41.33, -5.05, np.float64(-2.57))"
M30,zscore_fib_55,2.63,reversion,1.53,1.91,32.9,41.1,1523,-2.98,-2.35,-8922.2,"(838, 41.17, -2.06, np.float64(-1.21))","(685, 40.73, -4.11, np.float64(-2.16))"
M30,zscore_fib_55,2.63,continuation,1.87,1.87,40.2,40.2,1487,4.02,3.11,-647.4,"(667, 55.02, 6.44, np.float64(3.33))","(820, 52.32, 2.05, np.float64(1.18))"
M30,zscore_fib_55,2.63,continuation,1.87,2.24,40.2,48.2,1452,3.83,2.94,-359.3,"(657, 51.29, 7.24, np.float64(3.74))","(795, 46.92, 1.01, np.float64(0.57))"
M30,zscore_fib_55,2.63,continuation,2.23,2.68,47.9,57.6,1397,4.25,3.19,1650.4,"(634, 50.79, 6.66, np.float64(3.38))","(763, 48.62, 2.25, np.float64(1.24))"
M30,zscore_fib_55,2.63,continuation,1.53,1.91,32.9,41.1,1495,4.05,3.15,-807.6,"(675, 48.59, 5.36, np.float64(2.81))","(820, 47.8, 2.97, np.float64(1.71))"
M30,zscore_fib_55,3.08,reversion,1.87,1.87,40.2,40.2,947,-5.43,-3.34,-7771.6,"(508, 45.47, -3.11, np.float64(-1.4))","(439, 42.14, -8.12, np.float64(-3.4))"
M30,zscore_fib_55,3.08,reversion,1.87,2.24,40.2,48.2,943,-4.83,-2.98,-7636.8,"(507, 41.62, -2.44, np.float64(-1.11))","(436, 38.3, -7.61, np.float64(-3.19))"
M30,zscore_fib_55,3.08,reversion,2.23,2.68,47.9,57.6,914,-4.89,-2.97,-8013.7,"(495, 41.82, -2.31, np.float64(-1.03))","(419, 38.42, -7.95, np.float64(-3.26))"
M30,zscore_fib_55,3.08,reversion,1.53,1.91,32.9,41.1,956,-3.6,-2.24,-6067.6,"(511, 41.49, -1.74, np.float64(-0.8))","(445, 39.1, -5.74, np.float64(-2.43))"
M30,zscore_fib_55,3.08,continuation,1.87,1.87,40.2,40.2,947,5.11,3.14,395.8,"(439, 56.72, 8.14, np.float64(3.41))","(508, 52.76, 2.49, np.float64(1.12))"
M30,zscore_fib_55,3.08,continuation,1.87,2.24,40.2,48.2,926,5.06,3.1,760.1,"(430, 52.56, 8.5, np.float64(3.55))","(496, 47.98, 2.07, np.float64(0.93))"
M30,zscore_fib_55,3.08,continuation,2.23,2.68,47.9,57.6,901,4.94,2.99,1691.5,"(416, 53.37, 9.24, np.float64(3.8))","(485, 47.63, 1.25, np.float64(0.55))"
M30,zscore_fib_55,3.08,continuation,1.53,1.91,32.9,41.1,951,4.49,2.79,-222.0,"(441, 49.66, 6.43, np.float64(2.72))","(510, 47.65, 2.81, np.float64(1.28))"
M30,zscore_fib_89,2.17,reversion,1.87,1.87,40.2,40.2,1666,-2.26,-1.85,-9357.0,"(879, 48.35, -0.23, np.float64(-0.14))","(787, 45.74, -4.52, np.float64(-2.54))"
M30,zscore_fib_89,2.17,reversion,1.87,2.24,40.2,48.2,1644,-2.17,-1.77,-9368.8,"(865, 43.12, -0.94, np.float64(-0.55))","(779, 42.36, -3.55, np.float64(-1.99))"
M30,zscore_fib_89,2.17,reversion,2.23,2.68,47.9,57.6,1561,-1.76,-1.39,-8394.2,"(823, 44.47, 0.35, np.float64(0.2))","(738, 42.28, -4.1, np.float64(-2.23))"
M30,zscore_fib_89,2.17,reversion,1.53,1.91,32.9,41.1,1734,-1.5,-1.25,-8232.8,"(905, 42.32, -0.91, np.float64(-0.55))","(829, 42.7, -2.14, np.float64(-1.24))"
M30,zscore_fib_89,2.17,continuation,1.87,1.87,40.2,40.2,1666,2.09,1.71,-3407.4,"(787, 53.62, 5.04, np.float64(2.83))","(879, 49.72, -0.55, np.float64(-0.32))"
M30,zscore_fib_89,2.17,continuation,1.87,2.24,40.2,48.2,1616,2.67,2.17,-2139.6,"(763, 50.59, 6.53, np.float64(3.63))","(853, 45.13, -0.78, np.float64(-0.45))"
M30,zscore_fib_89,2.17,continuation,2.23,2.68,47.9,57.6,1524,2.39,1.88,-1330.3,"(722, 49.03, 4.91, np.float64(2.65))","(802, 46.51, 0.13, np.float64(0.08))"
M30,zscore_fib_89,2.17,continuation,1.53,1.91,32.9,41.1,1707,1.73,1.45,-3925.4,"(808, 47.9, 4.66, np.float64(2.68))","(899, 43.94, -0.9, np.float64(-0.54))"
M30,zscore_fib_89,2.63,reversion,1.87,1.87,40.2,40.2,1128,-3.98,-2.67,-7903.2,"(602, 47.67, -0.91, np.float64(-0.45))","(526, 42.78, -7.49, np.float64(-3.43))"
M30,zscore_fib_89,2.63,reversion,1.87,2.24,40.2,48.2,1110,-3.93,-2.63,-8063.0,"(590, 42.54, -1.52, np.float64(-0.74))","(520, 39.23, -6.68, np.float64(-3.06))"
M30,zscore_fib_89,2.63,reversion,2.23,2.68,47.9,57.6,1053,-3.01,-1.96,-7071.6,"(562, 42.53, -1.6, np.float64(-0.76))","(491, 41.75, -4.63, np.float64(-2.06))"
M30,zscore_fib_89,2.63,reversion,1.53,1.91,32.9,41.1,1157,-2.15,-1.47,-6067.4,"(616, 43.34, 0.11, np.float64(0.06))","(541, 40.11, -4.73, np.float64(-2.21))"
M30,zscore_fib_89,2.63,continuation,1.87,1.87,40.2,40.2,1128,3.8,2.56,-747.6,"(526, 56.27, 7.69, np.float64(3.53))","(602, 50.66, 0.4, np.float64(0.2))"
M30,zscore_fib_89,2.63,continuation,1.87,2.24,40.2,48.2,1087,3.07,2.04,-1051.3,"(507, 50.89, 6.83, np.float64(3.1))","(580, 45.69, -0.22, np.float64(-0.11))"
M30,zscore_fib_89,2.63,continuation,2.23,2.68,47.9,57.6,1034,2.84,1.84,-401.8,"(483, 49.48, 5.36, np.float64(2.37))","(551, 47.01, 0.63, np.float64(0.3))"
M30,zscore_fib_89,2.63,continuation,1.53,1.91,32.9,41.1,1136,4.07,2.76,-645.2,"(535, 49.35, 6.11, np.float64(2.85))","(601, 47.09, 2.25, np.float64(1.11))"
M30,zscore_fib_89,3.08,reversion,1.87,1.87,40.2,40.2,728,-4.28,-2.31,-5296.8,"(401, 46.88, -1.7, np.float64(-0.68))","(327, 42.81, -7.45, np.float64(-2.69))"
M30,zscore_fib_89,3.08,reversion,1.87,2.24,40.2,48.2,723,-3.95,-2.14,-5284.1,"(397, 42.32, -1.74, np.float64(-0.7))","(326, 39.26, -6.65, np.float64(-2.41))"
M30,zscore_fib_89,3.08,reversion,2.23,2.68,47.9,57.6,699,-4.93,-2.62,-6123.9,"(386, 41.71, -2.41, np.float64(-0.96))","(313, 38.34, -8.04, np.float64(-2.85))"
M30,zscore_fib_89,3.08,reversion,1.53,1.91,32.9,41.1,737,-2.17,-1.19,-3887.4,"(404, 43.07, -0.16, np.float64(-0.07))","(333, 40.24, -4.6, np.float64(-1.69))"
M30,zscore_fib_89,3.08,continuation,1.87,1.87,40.2,40.2,728,3.79,2.04,-472.8,"(327, 55.35, 6.77, np.float64(2.45))","(401, 51.62, 1.36, np.float64(0.54))"
M30,zscore_fib_89,3.08,continuation,1.87,2.24,40.2,48.2,710,4.78,2.56,408.6,"(319, 51.72, 7.67, np.float64(2.76))","(391, 48.34, 2.43, np.float64(0.96))"
M30,zscore_fib_89,3.08,continuation,2.23,2.68,47.9,57.6,691,5.29,2.79,1516.7,"(312, 51.6, 7.48, np.float64(2.66))","(379, 49.87, 3.49, np.float64(1.36))"
M30,zscore_fib_89,3.08,continuation,1.53,1.91,32.9,41.1,734,3.3,1.8,-818.8,"(332, 46.99, 3.76, np.float64(1.38))","(402, 47.76, 2.92, np.float64(1.18))"
M30,zscore_fib_144,2.17,reversion,1.87,1.87,40.2,40.2,1284,-2.95,-2.12,-7959.1,"(682, 44.43, -4.16, np.float64(-2.17))","(602, 48.67, -1.59, np.float64(-0.78))"
M30,zscore_fib_144,2.17,reversion,1.87,2.24,40.2,48.2,1252,-2.99,-2.13,-8083.5,"(665, 38.95, -5.11, np.float64(-2.65))","(587, 45.32, -0.6, np.float64(-0.29))"
M30,zscore_fib_144,2.17,reversion,2.23,2.68,47.9,57.6,1184,-2.86,-1.97,-7786.8,"(634, 39.91, -4.22, np.float64(-2.14))","(550, 45.09, -1.29, np.float64(-0.6))"
M30,zscore_fib_144,2.17,reversion,1.53,1.91,32.9,41.1,1325,-1.57,-1.16,-6401.4,"(702, 39.74, -3.49, np.float64(-1.87))","(623, 45.43, 0.59, np.float64(0.29))"
M30,zscore_fib_144,2.17,continuation,1.87,1.87,40.2,40.2,1284,3.02,2.16,-1640.9,"(602, 50.83, 2.25, np.float64(1.1))","(682, 53.96, 3.7, np.float64(1.93))"
M30,zscore_fib_144,2.17,continuation,1.87,2.24,40.2,48.2,1242,2.86,2.03,-1405.5,"(582, 46.22, 2.16, np.float64(1.05))","(660, 49.39, 3.48, np.float64(1.8))"
M30,zscore_fib_144,2.17,continuation,2.23,2.68,47.9,57.6,1156,3.2,2.19,-57.1,"(539, 45.83, 1.7, np.float64(0.8))","(617, 50.89, 4.51, np.float64(2.25))"
M30,zscore_fib_144,2.17,continuation,1.53,1.91,32.9,41.1,1318,3.19,2.34,-1593.4,"(624, 46.63, 3.4, np.float64(1.72))","(694, 47.84, 3.0, np.float64(1.59))"
M30,zscore_fib_144,2.63,reversion,1.87,1.87,40.2,40.2,840,-1.34,-0.77,-4138.8,"(475, 50.53, 1.94, np.float64(0.85))","(365, 44.66, -5.61, np.float64(-2.14))"
M30,zscore_fib_144,2.63,reversion,1.87,2.24,40.2,48.2,822,-2.04,-1.17,-4640.2,"(463, 45.57, 1.51, np.float64(0.66))","(359, 39.28, -6.63, np.float64(-2.52))"
M30,zscore_fib_144,2.63,reversion,2.23,2.68,47.9,57.6,777,-2.77,-1.54,-5072.9,"(436, 44.27, 0.14, np.float64(0.06))","(341, 39.88, -6.49, np.float64(-2.4))"
M30,zscore_fib_144,2.63,reversion,1.53,1.91,32.9,41.1,862,-0.54,-0.32,-3528.4,"(487, 45.79, 2.56, np.float64(1.14))","(375, 40.27, -4.57, np.float64(-1.78))"
M30,zscore_fib_144,2.63,continuation,1.87,1.87,40.2,40.2,840,0.7,0.41,-2611.2,"(365, 53.97, 5.39, np.float64(2.06))","(475, 47.37, -2.89, np.float64(-1.26))"
M30,zscore_fib_144,2.63,continuation,1.87,2.24,40.2,48.2,813,1.27,0.73,-2038.7,"(355, 49.3, 5.24, np.float64(1.99))","(458, 44.1, -1.81, np.float64(-0.78))"
M30,zscore_fib_144,2.63,continuation,2.23,2.68,47.9,57.6,770,3.45,1.92,244.0,"(339, 50.44, 6.32, np.float64(2.34))","(431, 47.56, 1.19, np.float64(0.49))"
M30,zscore_fib_144,2.63,continuation,1.53,1.91,32.9,41.1,855,0.55,0.32,-2683.0,"(376, 48.14, 4.91, np.float64(1.92))","(479, 41.96, -2.88, np.float64(-1.27))"
M30,zscore_fib_144,3.08,reversion,1.87,1.87,40.2,40.2,500,-5.13,-2.3,-3981.6,"(278, 43.88, -4.7, np.float64(-1.57))","(222, 44.59, -5.67, np.float64(-1.69))"
M30,zscore_fib_144,3.08,reversion,1.87,2.24,40.2,48.2,495,-5.69,-2.54,-4382.9,"(276, 39.13, -4.93, np.float64(-1.65))","(219, 39.27, -6.64, np.float64(-1.97))"
M30,zscore_fib_144,3.08,reversion,2.23,2.68,47.9,57.6,474,-5.44,-2.38,-4434.8,"(269, 39.03, -5.09, np.float64(-1.68))","(205, 40.49, -5.89, np.float64(-1.69))"
M30,zscore_fib_144,3.08,reversion,1.53,1.91,32.9,41.1,512,-2.93,-1.34,-2994.4,"(283, 40.28, -2.95, np.float64(-1.0))","(229, 41.92, -2.92, np.float64(-0.89))"
M30,zscore_fib_144,3.08,continuation,1.87,1.87,40.2,40.2,500,4.28,1.92,-122.4,"(222, 53.6, 5.02, np.float64(1.5))","(278, 53.96, 3.69, np.float64(1.23))"
M30,zscore_fib_144,3.08,continuation,1.87,2.24,40.2,48.2,482,4.28,1.89,72.2,"(211, 48.82, 4.76, np.float64(1.39))","(271, 49.82, 3.91, np.float64(1.29))"
M30,zscore_fib_144,3.08,continuation,2.23,2.68,47.9,57.6,469,7.7,3.35,2256.7,"(205, 52.68, 8.56, np.float64(2.47))","(264, 53.41, 7.03, np.float64(2.29))"
M30,zscore_fib_144,3.08,continuation,1.53,1.91,32.9,41.1,503,3.8,1.71,-374.6,"(226, 44.69, 1.46, np.float64(0.44))","(277, 50.54, 5.7, np.float64(1.91))"
H1,zscore_fib_55,2.17,reversion,1.87,1.87,58.2,58.2,1066,-4.51,-2.94,-9844.9,"(559, 44.54, -3.7, np.float64(-1.75))","(507, 45.36, -5.4, np.float64(-2.43))"
H1,zscore_fib_55,2.17,reversion,1.87,2.24,58.2,69.7,1052,-4.35,-2.84,-9860.6,"(551, 40.83, -3.44, np.float64(-1.62))","(501, 40.72, -5.36, np.float64(-2.41))"
H1,zscore_fib_55,2.17,reversion,2.23,2.68,69.4,83.4,992,-3.24,-2.05,-8869.6,"(516, 41.86, -2.42, np.float64(-1.11))","(476, 41.6, -4.14, np.float64(-1.81))"
H1,zscore_fib_55,2.17,reversion,1.53,1.91,47.6,59.4,1112,-4.18,-2.8,-9088.0,"(581, 39.76, -3.37, np.float64(-1.64))","(531, 40.11, -5.05, np.float64(-2.34))"
H1,zscore_fib_55,2.17,continuation,1.87,1.87,58.2,58.2,1066,4.09,2.68,1063.3,"(507, 53.45, 5.21, np.float64(2.35))","(559, 53.85, 3.08, np.float64(1.46))"
H1,zscore_fib_55,2.17,continuation,1.87,2.24,58.2,69.7,1025,4.15,2.67,1615.5,"(490, 48.57, 4.3, np.float64(1.92))","(535, 50.09, 4.02, np.float64(1.86))"
H1,zscore_fib_55,2.17,continuation,2.23,2.68,69.4,83.4,975,3.98,2.5,2027.9,"(465, 48.82, 4.54, np.float64(1.97))","(510, 49.22, 3.48, np.float64(1.58))"
H1,zscore_fib_55,2.17,continuation,1.53,1.91,47.6,59.4,1083,4.56,3.02,1402.2,"(516, 48.84, 5.7, np.float64(2.62))","(567, 48.68, 3.51, np.float64(1.68))"
H1,zscore_fib_55,2.63,reversion,1.87,1.87,58.2,58.2,697,-4.66,-2.47,-6548.7,"(370, 46.22, -2.03, np.float64(-0.78))","(327, 43.12, -7.64, np.float64(-2.77))"
H1,zscore_fib_55,2.63,reversion,1.87,2.24,58.2,69.7,690,-4.39,-2.32,-6540.3,"(367, 41.69, -2.58, np.float64(-1.0))","(323, 39.63, -6.45, np.float64(-2.32))"
H1,zscore_fib_55,2.63,reversion,2.23,2.68,69.4,83.4,667,-3.88,-2.01,-6605.1,"(358, 42.46, -1.82, np.float64(-0.69))","(309, 39.48, -6.25, np.float64(-2.21))"
H1,zscore_fib_55,2.63,reversion,1.53,1.91,47.6,59.4,718,-2.72,-1.47,-4767.2,"(381, 42.26, -0.88, np.float64(-0.35))","(337, 40.36, -4.81, np.float64(-1.77))"
H1,zscore_fib_55,2.63,continuation,1.87,1.87,58.2,58.2,697,3.79,2.0,435.3,"(327, 55.66, 7.41, np.float64(2.68))","(370, 51.35, 0.59, np.float64(0.23))"
H1,zscore_fib_55,2.63,continuation,1.87,2.24,58.2,69.7,680,4.76,2.5,1614.2,"(316, 51.9, 7.63, np.float64(2.73))","(364, 48.35, 2.28, np.float64(0.87))"
H1,zscore_fib_55,2.63,continuation,2.23,2.68,69.4,83.4,656,4.93,2.54,2416.1,"(301, 51.16, 6.88, np.float64(2.4))","(355, 49.01, 3.28, np.float64(1.24))"
H1,zscore_fib_55,2.63,continuation,1.53,1.91,47.6,59.4,699,5.29,2.82,1442.9,"(328, 52.13, 9.0, np.float64(3.29))","(371, 47.17, 2.01, np.float64(0.78))"
H1,zscore_fib_55,3.08,reversion,1.87,1.87,58.2,58.2,416,-5.69,-2.33,-4369.5,"(219, 43.84, -4.41, np.float64(-1.31))","(197, 43.65, -7.11, np.float64(-2.0))"
H1,zscore_fib_55,3.08,reversion,1.87,2.24,58.2,69.7,416,-4.98,-2.04,-4195.0,"(219, 39.27, -5.0, np.float64(-1.49))","(197, 41.12, -4.96, np.float64(-1.4))"
H1,zscore_fib_55,3.08,reversion,2.23,2.68,69.4,83.4,406,-4.33,-1.75,-4364.7,"(214, 37.85, -6.43, np.float64(-1.89))","(192, 43.75, -1.99, np.float64(-0.55))"
H1,zscore_fib_55,3.08,reversion,1.53,1.91,47.6,59.4,418,-3.19,-1.32,-2960.1,"(220, 40.0, -3.13, np.float64(-0.94))","(198, 41.92, -3.24, np.float64(-0.92))"
H1,zscore_fib_55,3.08,continuation,1.87,1.87,58.2,58.2,416,4.52,1.84,576.3,"(197, 54.31, 6.07, np.float64(1.71))","(219, 53.88, 3.12, np.float64(0.92))"
H1,zscore_fib_55,3.08,continuation,1.87,2.24,58.2,69.7,408,5.51,2.23,1342.1,"(192, 49.48, 5.21, np.float64(1.45))","(216, 51.85, 5.78, np.float64(1.7))"
H1,zscore_fib_55,3.08,continuation,2.23,2.68,69.4,83.4,400,5.44,2.19,1718.8,"(187, 48.66, 4.38, np.float64(1.21))","(213, 52.11, 6.38, np.float64(1.87))"
H1,zscore_fib_55,3.08,continuation,1.53,1.91,47.6,59.4,416,6.04,2.48,1157.7,"(197, 50.76, 7.63, np.float64(2.16))","(219, 49.77, 4.61, np.float64(1.37))"
H1,zscore_fib_89,2.17,reversion,1.87,1.87,58.2,58.2,845,-2.94,-1.71,-6222.3,"(441, 46.49, -1.76, np.float64(-0.74))","(404, 46.53, -4.23, np.float64(-1.7))"
H1,zscore_fib_89,2.17,reversion,1.87,2.24,58.2,69.7,823,-2.97,-1.71,-6242.5,"(428, 42.06, -2.22, np.float64(-0.92))","(395, 42.28, -3.8, np.float64(-1.51))"
H1,zscore_fib_89,2.17,reversion,2.23,2.68,69.4,83.4,777,-3.28,-1.83,-7082.4,"(405, 41.48, -2.8, np.float64(-1.13))","(372, 41.94, -3.8, np.float64(-1.47))"
H1,zscore_fib_89,2.17,reversion,1.53,1.91,47.6,59.4,878,-3.21,-1.92,-6319.9,"(461, 39.91, -3.22, np.float64(-1.4))","(417, 41.97, -3.2, np.float64(-1.31))"
H1,zscore_fib_89,2.17,continuation,1.87,1.87,58.2,58.2,845,2.99,1.74,-285.9,"(404, 52.72, 4.48, np.float64(1.8))","(441, 52.38, 1.62, np.float64(0.68))"
H1,zscore_fib_89,2.17,continuation,1.87,2.24,58.2,69.7,810,4.41,2.52,1622.5,"(384, 49.22, 4.95, np.float64(1.95))","(426, 50.0, 3.92, np.float64(1.63))"
H1,zscore_fib_89,2.17,continuation,2.23,2.68,69.4,83.4,749,4.61,2.55,2325.2,"(352, 49.43, 5.15, np.float64(1.95))","(397, 49.87, 4.14, np.float64(1.66))"
H1,zscore_fib_89,2.17,continuation,1.53,1.91,47.6,59.4,868,3.28,1.95,-97.2,"(417, 46.76, 3.63, np.float64(1.5))","(451, 48.12, 2.95, np.float64(1.26))"
H1,zscore_fib_89,2.63,reversion,1.87,1.87,58.2,58.2,545,-3.9,-1.82,-4650.3,"(295, 45.42, -2.82, np.float64(-0.97))","(250, 45.6, -5.16, np.float64(-1.63))"
H1,zscore_fib_89,2.63,reversion,1.87,2.24,58.2,69.7,541,-3.88,-1.81,-4749.8,"(293, 40.27, -4.0, np.float64(-1.38))","(248, 42.34, -3.74, np.float64(-1.18))"
H1,zscore_fib_89,2.63,reversion,2.23,2.68,69.4,83.4,524,-4.49,-2.06,-5789.9,"(284, 40.14, -4.14, np.float64(-1.4))","(240, 40.83, -4.9, np.float64(-1.52))"
H1,zscore_fib_89,2.63,reversion,1.53,1.91,47.6,59.4,563,-2.51,-1.2,-3618.7,"(303, 41.25, -1.88, np.float64(-0.66))","(260, 41.92, -3.24, np.float64(-1.05))"
H1,zscore_fib_89,2.63,continuation,1.87,1.87,58.2,58.2,545,3.05,1.42,-110.7,"(250, 53.2, 4.96, np.float64(1.57))","(295, 52.2, 1.44, np.float64(0.49))"
H1,zscore_fib_89,2.63,continuation,1.87,2.24,58.2,69.7,533,3.15,1.47,218.7,"(243, 47.33, 3.05, np.float64(0.96))","(290, 49.31, 3.23, np.float64(1.11))"
H1,zscore_fib_89,2.63,continuation,2.23,2.68,69.4,83.4,516,4.14,1.89,1236.5,"(231, 46.32, 2.04, np.float64(0.62))","(285, 51.58, 5.84, np.float64(1.98))"
H1,zscore_fib_89,2.63,continuation,1.53,1.91,47.6,59.4,553,3.15,1.49,-113.7,"(254, 47.24, 4.11, np.float64(1.32))","(299, 47.49, 2.33, np.float64(0.81))"
H1,zscore_fib_89,3.08,reversion,1.87,1.87,58.2,58.2,308,-4.89,-1.72,-2995.2,"(170, 40.0, -8.24, np.float64(-2.15))","(138, 50.0, -0.76, np.float64(-0.18))"
H1,zscore_fib_89,3.08,reversion,1.87,2.24,58.2,69.7,308,-3.52,-1.25,-2570.8,"(170, 37.65, -6.63, np.float64(-1.74))","(138, 46.38, 0.3, np.float64(0.07))"
H1,zscore_fib_89,3.08,reversion,2.23,2.68,69.4,83.4,303,-4.99,-1.75,-3653.7,"(168, 38.1, -6.19, np.float64(-1.61))","(135, 42.22, -3.51, np.float64(-0.82))"
H1,zscore_fib_89,3.08,reversion,1.53,1.91,47.6,59.4,314,-2.96,-1.06,-2179.6,"(173, 38.15, -4.98, np.float64(-1.32))","(141, 44.68, -0.48, np.float64(-0.12))"
H1,zscore_fib_89,3.08,continuation,1.87,1.87,58.2,58.2,308,2.64,0.93,-201.6,"(138, 47.1, -1.14, np.float64(-0.27))","(170, 56.47, 5.71, np.float64(1.49))"
H1,zscore_fib_89,3.08,continuation,1.87,2.24,58.2,69.7,303,4.56,1.59,678.4,"(135, 44.44, 0.17, np.float64(0.04))","(168, 54.17, 8.09, np.float64(2.1))"
H1,zscore_fib_89,3.08,continuation,2.23,2.68,69.4,83.4,299,3.07,1.06,294.7,"(132, 45.45, 1.17, np.float64(0.27))","(167, 50.3, 4.56, np.float64(1.18))"
H1,zscore_fib_89,3.08,continuation,1.53,1.91,47.6,59.4,308,3.15,1.11,-55.2,"(138, 43.48, 0.34, np.float64(0.08))","(170, 50.59, 5.42, np.float64(1.42))"
H1,zscore_fib_144,2.17,reversion,1.87,1.87,58.2,58.2,641,-3.22,-1.63,-4821.0,"(308, 46.1, -2.14, np.float64(-0.75))","(333, 46.55, -4.22, np.float64(-1.54))"
H1,zscore_fib_144,2.17,reversion,1.87,2.24,58.2,69.7,627,-4.07,-2.05,-5514.0,"(299, 40.8, -3.47, np.float64(-1.21))","(328, 41.46, -4.61, np.float64(-1.68))"
H1,zscore_fib_144,2.17,reversion,2.23,2.68,69.4,83.4,577,-5.18,-2.5,-6887.7,"(277, 38.27, -6.01, np.float64(-2.01))","(300, 41.33, -4.4, np.float64(-1.53))"
H1,zscore_fib_144,2.17,reversion,1.53,1.91,47.6,59.4,671,-2.3,-1.2,-4067.8,"(326, 41.41, -1.72, np.float64(-0.63))","(345, 42.32, -2.85, np.float64(-1.06))"
H1,zscore_fib_144,2.17,continuation,1.87,1.87,58.2,58.2,641,2.96,1.5,-340.8,"(333, 51.65, 3.41, np.float64(1.24))","(308, 53.25, 2.48, np.float64(0.87))"
H1,zscore_fib_144,2.17,continuation,1.87,2.24,58.2,69.7,612,3.7,1.84,613.2,"(311, 47.59, 3.32, np.float64(1.18))","(301, 50.17, 4.09, np.float64(1.42))"
H1,zscore_fib_144,2.17,continuation,2.23,2.68,69.4,83.4,568,3.78,1.81,912.6,"(292, 48.29, 4.01, np.float64(1.38))","(276, 49.28, 3.54, np.float64(1.18))"
H1,zscore_fib_144,2.17,continuation,1.53,1.91,47.6,59.4,659,2.31,1.2,-832.0,"(339, 46.61, 3.47, np.float64(1.29))","(320, 46.25, 1.09, np.float64(0.39))"
H1,zscore_fib_144,2.63,reversion,1.87,1.87,58.2,58.2,396,-2.52,-1.0,-2703.6,"(201, 43.78, -4.46, np.float64(-1.27))","(195, 50.26, -0.51, np.float64(-0.14))"
H1,zscore_fib_144,2.63,reversion,1.87,2.24,58.2,69.7,388,-2.63,-1.04,-2758.5,"(198, 40.91, -3.36, np.float64(-0.95))","(190, 44.21, -1.86, np.float64(-0.52))"
H1,zscore_fib_144,2.63,reversion,2.23,2.68,69.4,83.4,369,-4.08,-1.58,-3867.9,"(186, 40.32, -3.96, np.float64(-1.09))","(183, 41.53, -4.21, np.float64(-1.14))"
H1,zscore_fib_144,2.63,reversion,1.53,1.91,47.6,59.4,407,-1.64,-0.67,-2205.3,"(204, 38.73, -4.41, np.float64(-1.27))","(203, 46.31, 1.14, np.float64(0.33))"
H1,zscore_fib_144,2.63,continuation,1.87,1.87,58.2,58.2,396,1.49,0.59,-841.2,"(195, 48.21, -0.04, np.float64(-0.01))","(201, 53.73, 2.97, np.float64(0.84))"
H1,zscore_fib_144,2.63,continuation,1.87,2.24,58.2,69.7,383,3.64,1.43,362.8,"(189, 46.03, 1.76, np.float64(0.49))","(194, 51.55, 5.47, np.float64(1.53))"
H1,zscore_fib_144,2.63,continuation,2.23,2.68,69.4,83.4,368,4.43,1.71,1056.0,"(180, 48.33, 4.05, np.float64(1.09))","(188, 50.53, 4.8, np.float64(1.32))"
H1,zscore_fib_144,2.63,continuation,1.53,1.91,47.6,59.4,408,1.17,0.48,-972.2,"(200, 43.5, 0.37, np.float64(0.1))","(208, 47.12, 1.95, np.float64(0.57))"
H1,zscore_fib_144,3.08,reversion,1.87,1.87,58.2,58.2,209,-4.9,-1.42,-2028.3,"(113, 46.9, -1.34, np.float64(-0.29))","(96, 41.67, -9.1, np.float64(-1.78))"
H1,zscore_fib_144,3.08,reversion,1.87,2.24,58.2,69.7,209,-4.91,-1.42,-2109.9,"(113, 42.48, -1.79, np.float64(-0.38))","(96, 37.5, -8.58, np.float64(-1.69))"
H1,zscore_fib_144,3.08,reversion,2.23,2.68,69.4,83.4,202,-5.34,-1.52,-2479.6,"(110, 40.0, -4.28, np.float64(-0.9))","(92, 39.13, -6.61, np.float64(-1.27))"
H1,zscore_fib_144,3.08,reversion,1.53,1.91,47.6,59.4,211,-4.73,-1.38,-1858.9,"(114, 41.23, -1.91, np.float64(-0.41))","(97, 37.11, -8.05, np.float64(-1.59))"
H1,zscore_fib_144,3.08,continuation,1.87,1.87,58.2,58.2,209,2.07,0.59,-282.3,"(96, 54.17, 5.92, np.float64(1.16))","(113, 49.56, -1.21, np.float64(-0.26))"
H1,zscore_fib_144,3.08,continuation,1.87,2.24,58.2,69.7,203,2.53,0.72,-126.0,"(92, 48.91, 4.64, np.float64(0.9))","(111, 46.85, 0.77, np.float64(0.16))"
H1,zscore_fib_144,3.08,continuation,2.23,2.68,69.4,83.4,200,3.92,1.12,372.9,"(90, 46.67, 2.39, np.float64(0.46))","(110, 50.91, 5.17, np.float64(1.09))"
H1,zscore_fib_144,3.08,continuation,1.53,1.91,47.6,59.4,209,3.61,1.05,61.9,"(95, 49.47, 6.34, np.float64(1.25))","(114, 46.49, 1.33, np.float64(0.28))"
