tf,mode,lo,hi,slk,tpk,sl,tp,n,alpha,z,net,detail
H1,continuation,17.3,82.7,2.23,2.68,92.6,111.3,313,9.88,3.51,5133,"{'long': (167, 58.7, 46.7, 12.0), 'short': (146, 51.4, 43.9, 7.4)}"
H1,continuation,17.3,82.7,1.87,2.24,77.7,93.0,320,8.09,2.91,3071,"{'long': (168, 54.8, 46.5, 8.3), 'short': (152, 51.3, 43.4, 7.9)}"
H1,continuation,17.3,82.7,1.53,1.91,63.5,79.3,334,6.89,2.54,1459,"{'long': (175, 50.9, 44.2, 6.6), 'short': (159, 49.1, 41.9, 7.2)}"
H2,continuation,12.9,87.1,1.87,2.24,108.5,130.0,90,7.48,1.42,1255,"{'long': (52, 50.0, 47.4, 2.6), 'short': (38, 57.9, 43.8, 14.1)}"
H2,continuation,17.3,82.7,1.87,2.24,108.5,130.0,168,5.36,1.39,1706,"{'long': (96, 52.1, 47.4, 4.7), 'short': (72, 50.0, 43.8, 6.2)}"
M30,continuation,9.4,90.6,1.87,2.24,53.6,64.2,119,5.91,1.3,415,"{'long': (67, 56.7, 45.5, 11.2), 'short': (52, 44.2, 45.1, -0.9)}"
M30,reversal,17.3,82.7,1.53,1.91,43.9,54.7,591,2.62,1.28,-864,"{'long': (260, 49.6, 43.9, 5.7), 'short': (331, 43.8, 43.6, 0.2)}"
H2,continuation,17.3,82.7,2.23,2.68,129.4,155.5,163,4.76,1.22,1822,"{'long': (92, 52.2, 47.1, 5.1), 'short': (71, 47.9, 43.6, 4.3)}"
H3,reversal,12.9,87.1,1.53,1.91,108.9,136.0,67,6.89,1.14,742,"{'long': (24, 45.8, 46.0, -0.1), 'short': (43, 53.5, 42.7, 10.8)}"
M30,reversal,12.9,87.1,1.87,2.24,53.6,64.2,272,3.24,1.07,37,"{'long': (113, 52.2, 45.5, 6.7), 'short': (159, 45.9, 45.1, 0.8)}"
M30,reversal,17.3,82.7,2.23,2.68,63.9,76.8,540,2.23,1.04,-596,"{'long': (237, 50.6, 45.6, 5.0), 'short': (303, 43.9, 43.8, 0.0)}"
H1,continuation,12.9,87.1,1.87,2.24,77.7,93.0,165,3.86,1.0,486,"{'long': (97, 53.6, 46.5, 7.1), 'short': (68, 42.6, 43.4, -0.8)}"
M30,continuation,9.4,90.6,2.23,2.68,63.9,76.8,118,4.3,0.94,231,"{'long': (67, 55.2, 45.6, 9.6), 'short': (51, 41.2, 43.8, -2.7)}"
H1,continuation,12.9,87.1,2.23,2.68,92.6,111.3,163,3.53,0.9,685,"{'long': (97, 53.6, 46.7, 7.0), 'short': (66, 42.4, 43.9, -1.5)}"
H2,continuation,17.3,82.7,1.53,1.91,88.8,110.9,174,3.13,0.83,638,"{'long': (97, 50.5, 46.7, 3.8), 'short': (77, 44.2, 41.9, 2.3)}"
M30,reversal,12.9,87.1,1.53,1.91,43.9,54.7,277,2.47,0.83,-454,"{'long': (114, 49.1, 43.9, 5.2), 'short': (163, 44.2, 43.6, 0.5)}"
M30,reversal,17.3,82.7,1.87,2.24,53.6,64.2,570,1.54,0.74,-923,"{'long': (250, 49.6, 45.5, 4.1), 'short': (320, 44.7, 45.1, -0.4)}"
H2,continuation,12.9,87.1,1.53,1.91,88.8,110.9,94,3.22,0.63,311,"{'long': (54, 46.3, 46.7, -0.4), 'short': (40, 50.0, 41.9, 8.1)}"
H2,continuation,12.9,87.1,2.23,2.68,129.4,155.5,88,3.3,0.62,438,"{'long': (50, 48.0, 47.1, 0.9), 'short': (38, 50.0, 43.6, 6.4)}"
H1,continuation,12.9,87.1,1.53,1.91,63.5,79.3,167,2.26,0.59,-303,"{'long': (97, 47.4, 44.2, 3.2), 'short': (70, 42.9, 41.9, 1.0)}"
H1,continuation,9.4,90.6,1.87,2.24,77.7,93.0,89,2.89,0.55,131,"{'long': (58, 51.7, 46.5, 5.2), 'short': (31, 41.9, 43.4, -1.5)}"
H1,reversal,9.4,90.6,1.87,2.24,77.7,93.0,89,2.71,0.51,-237,"{'long': (31, 54.8, 46.5, 8.3), 'short': (58, 43.1, 43.4, -0.3)}"
H3,continuation,12.9,87.1,2.23,2.68,158.8,190.8,63,3.12,0.5,110,"{'long': (39, 51.3, 47.3, 3.9), 'short': (24, 45.8, 44.0, 1.8)}"
H1,continuation,9.4,90.6,2.23,2.68,92.6,111.3,89,2.61,0.49,348,"{'long': (58, 53.4, 46.7, 6.8), 'short': (31, 38.7, 43.9, -5.2)}"
M30,reversal,12.9,87.1,2.23,2.68,63.9,76.8,266,1.27,0.42,-710,"{'long': (113, 48.7, 45.6, 3.1), 'short': (153, 43.8, 43.8, -0.1)}"
H3,reversal,17.3,82.7,1.87,2.24,133.2,159.5,113,1.95,0.42,-303,"{'long': (45, 51.1, 48.0, 3.1), 'short': (68, 44.1, 42.9, 1.2)}"
H3,reversal,17.3,82.7,1.53,1.91,108.9,136.0,121,1.5,0.33,-365,"{'long': (47, 46.8, 46.0, 0.9), 'short': (74, 44.6, 42.7, 1.9)}"
H3,reversal,12.9,87.1,2.23,2.68,158.8,190.8,64,1.59,0.26,223,"{'long': (24, 50.0, 47.3, 2.7), 'short': (40, 45.0, 44.0, 1.0)}"
H3,continuation,12.9,87.1,1.53,1.91,108.9,136.0,65,1.41,0.23,-26,"{'long': (41, 41.5, 46.0, -4.5), 'short': (24, 54.2, 42.7, 11.5)}"
H1,reversal,9.4,90.6,2.23,2.68,92.6,111.3,89,1.18,0.22,-477,"{'long': (31, 54.8, 46.7, 8.2), 'short': (58, 41.4, 43.9, -2.6)}"
H1,reversal,12.9,87.1,1.87,2.24,77.7,93.0,166,0.49,0.13,-867,"{'long': (69, 50.7, 46.5, 4.2), 'short': (97, 41.2, 43.4, -2.2)}"
H1,reversal,9.4,90.6,1.53,1.91,63.5,79.3,90,0.65,0.12,-443,"{'long': (31, 54.8, 44.2, 10.6), 'short': (59, 37.3, 41.9, -4.6)}"
M30,continuation,9.4,90.6,1.53,1.91,43.9,54.7,120,0.4,0.09,-438,"{'long': (67, 50.7, 43.9, 6.9), 'short': (53, 35.8, 43.6, -7.8)}"
H3,reversal,12.9,87.1,1.87,2.24,133.2,159.5,64,0.48,0.08,-327,"{'long': (24, 41.7, 48.0, -6.3), 'short': (40, 47.5, 42.9, 4.6)}"
H3,reversal,17.3,82.7,2.23,2.68,158.8,190.8,108,-0.02,-0.0,-345,"{'long': (44, 47.7, 47.3, 0.4), 'short': (64, 43.8, 44.0, -0.3)}"
H1,reversal,12.9,87.1,1.53,1.91,63.5,79.3,166,-0.08,-0.02,-1033,"{'long': (69, 49.3, 44.2, 5.0), 'short': (97, 38.1, 41.9, -3.7)}"
H3,continuation,12.9,87.1,1.87,2.24,133.2,159.5,64,-0.8,-0.13,-215,"{'long': (40, 45.0, 48.0, -3.0), 'short': (24, 45.8, 42.9, 2.9)}"
M30,continuation,12.9,87.1,2.23,2.68,63.9,76.8,268,-0.47,-0.15,-1231,"{'long': (156, 46.8, 45.6, 1.2), 'short': (112, 41.1, 43.8, -2.8)}"
M30,continuation,12.9,87.1,1.87,2.24,53.6,64.2,270,-0.54,-0.18,-1084,"{'long': (156, 45.5, 45.5, -0.0), 'short': (114, 43.9, 45.1, -1.3)}"
M30,continuation,17.3,82.7,2.23,2.68,63.9,76.8,535,-0.54,-0.25,-2772,"{'long': (301, 46.5, 45.6, 0.9), 'short': (234, 41.5, 43.8, -2.4)}"
M30,continuation,12.9,87.1,1.53,1.91,43.9,54.7,274,-1.08,-0.36,-1397,"{'long': (160, 45.0, 43.9, 1.1), 'short': (114, 39.5, 43.6, -4.2)}"
H3,continuation,17.3,82.7,1.53,1.91,108.9,136.0,114,-1.68,-0.36,-532,"{'long': (69, 43.5, 46.0, -2.5), 'short': (45, 42.2, 42.7, -0.5)}"
H3,continuation,17.3,82.7,2.23,2.68,158.8,190.8,109,-1.98,-0.41,-1076,"{'long': (65, 47.7, 47.3, 0.3), 'short': (44, 38.6, 44.0, -5.4)}"
H1,reversal,12.9,87.1,2.23,2.68,92.6,111.3,164,-1.76,-0.45,-1473,"{'long': (67, 49.3, 46.7, 2.6), 'short': (97, 39.2, 43.9, -4.8)}"
H2,reversal,17.3,82.7,1.53,1.91,88.8,110.9,173,-1.79,-0.47,-1820,"{'long': (75, 44.0, 46.7, -2.7), 'short': (98, 40.8, 41.9, -1.1)}"
M30,continuation,17.3,82.7,1.87,2.24,53.6,64.2,559,-1.16,-0.55,-2795,"{'long': (315, 46.7, 45.5, 1.1), 'short': (244, 41.0, 45.1, -4.1)}"
H1,continuation,9.4,90.6,1.53,1.91,63.5,79.3,89,-2.96,-0.56,-804,"{'long': (58, 41.4, 44.2, -2.9), 'short': (31, 38.7, 41.9, -3.1)}"
M30,reversal,9.4,90.6,1.53,1.91,43.9,54.7,120,-2.91,-0.64,-833,"{'long': (53, 45.3, 43.9, 1.4), 'short': (67, 37.3, 43.6, -6.3)}"
H2,reversal,12.9,87.1,2.23,2.68,129.4,155.5,89,-3.49,-0.66,-1292,"{'long': (38, 39.5, 47.1, -7.6), 'short': (51, 43.1, 43.6, -0.4)}"
M30,continuation,17.3,82.7,1.53,1.91,43.9,54.7,590,-1.4,-0.68,-3232,"{'long': (327, 43.7, 43.9, -0.1), 'short': (263, 40.7, 43.6, -3.0)}"
H3,continuation,17.3,82.7,1.87,2.24,133.2,159.5,110,-3.25,-0.69,-1003,"{'long': (66, 43.9, 48.0, -4.1), 'short': (44, 40.9, 42.9, -2.0)}"
M30,reversal,9.4,90.6,1.87,2.24,53.6,64.2,120,-4.47,-0.98,-1056,"{'long': (53, 45.3, 45.5, -0.2), 'short': (67, 37.3, 45.1, -7.8)}"
H2,reversal,17.3,82.7,2.23,2.68,129.4,155.5,165,-3.87,-1.0,-2652,"{'long': (71, 42.3, 47.1, -4.8), 'short': (94, 40.4, 43.6, -3.1)}"
H2,reversal,17.3,82.7,1.87,2.24,108.5,130.0,171,-3.84,-1.01,-2526,"{'long': (75, 44.0, 47.4, -3.4), 'short': (96, 39.6, 43.8, -4.2)}"
M30,reversal,9.4,90.6,2.23,2.68,63.9,76.8,119,-5.12,-1.12,-1384,"{'long': (52, 44.2, 45.6, -1.4), 'short': (67, 35.8, 43.8, -8.0)}"
H2,reversal,12.9,87.1,1.53,1.91,88.8,110.9,94,-6.71,-1.31,-1940,"{'long': (40, 35.0, 46.7, -11.7), 'short': (54, 38.9, 41.9, -3.0)}"
H2,reversal,12.9,87.1,1.87,2.24,108.5,130.0,93,-8.73,-1.69,-2489,"{'long': (39, 35.9, 47.4, -11.5), 'short': (54, 37.0, 43.8, -6.8)}"
H1,reversal,17.3,82.7,1.87,2.24,77.7,93.0,325,-6.4,-2.32,-4987,"{'long': (153, 42.5, 46.5, -4.0), 'short': (172, 34.9, 43.4, -8.5)}"
H1,reversal,17.3,82.7,2.23,2.68,92.6,111.3,315,-6.79,-2.42,-5459,"{'long': (147, 42.2, 46.7, -4.5), 'short': (168, 35.1, 43.9, -8.8)}"
H1,reversal,17.3,82.7,1.53,1.91,63.5,79.3,335,-6.87,-2.54,-5092,"{'long': (159, 39.6, 44.2, -4.6), 'short': (176, 33.0, 41.9, -8.9)}"
